merchant_id,updated_at,currency,balance,balance_type
abc0001025,2020-01-23 06:14:50.16+00,SGD,0.0,test
abc0001025,2020-11-30 04:40:41.307+00,,-5.41,test
abc0001026,2023-03-30 02:07:06.986+00,,894.3800000000001,test
abc0001028,2023-07-18 01:51:29.279+00,,-299447.5256,real
abc0001031,2023-03-30 02:07:07.321+00,,613.9499999999999,test
abc0001027,2023-06-21 12:11:50.965+00,,70.0935,test
abc0001030,2023-06-18 21:03:48.615+00,,1136.7292,test
abc0001029,2021-10-25 02:32:54.922+00,,-1304446.15,real
abc0001038,2021-10-02 00:01:16.592+00,,-365874.5,real
abc0001037,2020-11-30 04:40:59.843+00,,5.0,test
abc0001037,2021-10-02 00:01:16.551+00,,3.0,real
abc0001041,2021-05-07 11:28:49.46+00,,3752.11,test
abc0001034,2020-11-30 04:40:58.322+00,,1.51,test
abc0001047,2021-10-02 00:01:16.749+00,,9.68,real
abc0001049,2020-11-30 04:41:23.687+00,,157.52,test
abc0001050,2023-01-06 10:30:45.837+00,,-20757.07,real
abc0001048,2020-11-30 04:41:30.107+00,,3102.73,test
abc0001048,2022-09-14 00:39:17.925+00,,-200.10000000000002,real
abc0001045,2020-11-30 04:41:30.58+00,,172.57,test
abc0001054,2021-10-02 00:01:16.921+00,,2.87,real
abc0001044,2021-03-16 05:40:18.116+00,,337.09,test
abc0001041,2024-03-12 00:00:36.431+00,,-8603.0863,real
abc0001056,2021-06-07 12:17:05.824+00,,121.56,test
abc0001070,2020-11-30 04:41:45.444+00,,14.4,test
abc0001052,2021-02-13 20:15:44.337+00,,171.78,test
abc0001079,2020-11-30 04:41:46.884+00,,73.9,test
abc0001081,2020-11-30 04:42:03.918+00,,9517.54,test
abc0001044,2024-02-24 07:52:57.538+00,,-1945.4479,real
abc0001065,2023-03-08 11:56:03.906+00,,615.7967,test
abc0001084,2021-10-02 00:01:17.31+00,,619.71,real
abc0001045,2021-10-02 00:01:16.72+00,,-10359.3,real
abc0001085,2021-10-02 00:01:17.325+00,,-121.33,real
abc0001081,2021-10-02 00:01:17.239+00,,2.76,real
abc0001086,2021-10-02 00:01:17.343+00,,-245.0,real
abc0001026,2024-01-29 13:26:41.176+00,,-16.03,real
abc0001100,2020-11-30 04:42:18.456+00,,7.0,test
abc0001051,2021-04-06 08:52:54.979+00,,10.12,test
abc0001106,2024-01-31 12:57:43.202+00,,9616.9514,test
abc0001105,2021-10-02 00:01:17.54+00,,38.92,real
abc0001094,2020-11-30 04:42:26.166+00,,12.7,test
abc0001110,2023-03-30 02:07:10.534+00,,7215634.84,real
abc0001111,2021-02-26 09:00:49.291+00,,111.71,test
abc0001052,2023-01-28 23:46:57.961+00,,62.0209,real
abc0001083,2021-07-08 00:01:11.639+00,,8761.7,test
abc0001112,2021-10-02 00:01:17.627+00,,872.29,real
abc0001116,2021-10-02 00:01:17.66+00,,2.24,real
abc0001102,2021-07-08 00:01:11.85+00,,36.15,test
abc0001120,2020-11-30 04:42:37.114+00,,10.0,test
abc0001127,2021-10-02 00:01:17.761+00,,-353.91,real
abc0001157,2024-02-02 08:43:47.402+00,,-7.260000000000019,test
abc0001153,2021-10-02 00:01:18.034+00,,-204.01,real
abc0001130,2021-07-08 00:01:12.125+00,,11.36,test
abc0001080,2020-11-30 04:42:57.195+00,,213.24,test
abc0001167,2021-08-05 07:11:20.876+00,,-21.92,test
abc0001055,2020-11-30 04:42:59.132+00,,6.6,test
abc0001187,2021-10-02 00:01:18.342+00,,0.15,real
abc0001200,2020-11-30 04:42:57.418+00,,5.0,test
abc0001199,2021-10-02 00:01:18.481+00,,-125.0,real
abc0001155,2024-03-22 19:33:11.477+00,,-37243.122500000005,real
abc0001227,2021-10-02 00:01:18.716+00,,0.1,real
abc0001215,2021-05-04 09:47:05.44+00,,658.7,test
abc0001083,2021-10-02 00:01:17.27+00,,2.36,real
abc0001190,2022-05-14 06:16:28.08+00,,592.19,test
abc0001252,2021-10-02 00:01:18.909+00,,1.17,real
abc0001224,2022-04-23 06:50:50.832+00,,-16.36,test
abc0001190,2021-10-02 00:01:18.38+00,,-6151.360000000001,real
abc0001055,2021-10-02 00:01:16.942+00,,94.24,real
abc0001095,2021-10-02 00:01:17.425+00,,50.0,real
abc0001272,2022-06-29 00:04:38.939+00,,190.46,test
abc0001080,2022-05-30 14:32:20.746+00,,-166.9425,real
abc0001257,2023-03-16 14:52:25.489+00,,70.43,test
abc0001322,2021-10-02 00:01:19.392+00,,-118.8,real
abc0001332,2022-05-17 02:33:05.998+00,,-3278.43,real
abc0001326,2023-09-28 01:29:16.584+00,,-23179.4457,real
abc0001027,2024-02-11 00:00:25.611+00,,-274623.2186,real
abc0001028,2020-09-10 03:36:11.32+00,,0.0,test
abc0001029,2021-10-01 04:37:09.975+00,,0.0,test
abc0001030,2021-10-01 04:37:09.985+00,,0.0,real
abc0001031,2021-10-01 04:37:10.005+00,,0.0,real
abc0001032,2021-10-01 04:37:10.034+00,,0.0,test
abc0001032,2021-10-01 04:37:10.025+00,,0.0,real
abc0001033,2021-10-01 04:37:10.059+00,,0.0,test
abc0001033,2021-10-01 04:37:10.048+00,,0.0,real
abc0001034,2021-10-01 04:37:10.07+00,,0.0,real
abc0001035,2024-03-06 08:12:09.467+00,,1272.0765999999999,test
abc0001035,2021-10-02 00:01:16.518+00,,-6.0,real
abc0001036,2021-10-01 04:37:10.111+00,,0.0,real
abc0001036,2021-10-01 04:37:10.121+00,,0.0,test
abc0001039,2021-10-01 04:37:10.171+00,,0.0,test
abc0001039,2021-10-01 04:37:10.163+00,,0.0,real
abc0001040,2021-10-01 04:37:10.196+00,,0.0,test
abc0001040,2021-10-01 04:37:10.183+00,,0.0,real
abc0001042,2021-10-01 04:37:10.224+00,,0.0,real
abc0001042,2021-10-01 04:37:10.233+00,,0.0,test
abc0001043,2021-10-01 04:37:10.241+00,,0.0,real
abc0001043,2021-10-01 04:37:10.249+00,,0.0,test
abc0001046,2021-10-01 04:37:10.301+00,,0.0,test
abc0001046,2021-10-01 04:37:10.29+00,,0.0,real
abc0001047,2021-10-01 04:37:10.31+00,,0.0,real
abc0001049,2021-10-01 04:37:10.346+00,,0.0,real
abc0001051,2022-05-13 04:08:55.132+00,,-113.32,real
abc0001053,2021-04-02 09:33:16.423+00,,189.26,test
abc0001053,2022-05-10 07:44:35.801+00,,-5135.78,real
abc0001056,2021-10-01 04:37:10.465+00,,0.0,real
abc0001057,2021-10-01 04:37:10.48+00,,0.0,real
abc0001057,2020-09-10 03:36:11.74+00,,0.0,test
abc0001058,2021-10-01 04:37:10.493+00,,0.0,real
abc0001058,2021-10-01 04:37:10.5+00,,0.0,test
abc0001059,2021-10-01 04:37:10.511+00,,0.0,real
abc0001059,2021-10-01 04:37:10.521+00,,0.0,test
abc0001060,2021-10-01 04:37:10.529+00,,0.0,real
abc0001060,2021-10-01 04:37:10.537+00,,0.0,test
abc0001061,2021-10-01 04:37:10.548+00,,0.0,real
abc0001061,2021-10-01 04:37:10.557+00,,0.0,test
abc0001062,2021-10-01 04:37:10.565+00,,0.0,real
abc0001062,2021-10-01 04:37:10.571+00,,0.0,test
abc0001063,2021-10-01 04:37:10.579+00,,0.0,real
abc0001063,2021-10-01 04:37:10.587+00,,0.0,test
abc0001064,2021-10-01 04:37:10.595+00,,0.0,real
abc0001064,2021-10-01 04:37:10.604+00,,0.0,test
abc0001065,2023-10-12 20:52:47.867+00,,-8245.013500000001,real
abc0001066,2021-10-01 04:37:10.624+00,,0.0,real
abc0001066,2021-10-01 04:37:10.632+00,,0.0,test
abc0001067,2021-10-01 04:37:10.642+00,,0.0,real
abc0001067,2021-10-01 04:37:10.651+00,,0.0,test
abc0001068,2022-10-25 12:32:18.706+00,,4524.65,test
abc0001068,2022-03-31 08:21:15.689+00,,-10.0,real
abc0001069,2021-10-01 04:37:10.677+00,,0.0,real
abc0001069,2020-09-10 03:36:11.931+00,,0.0,test
abc0001070,2021-10-01 04:37:10.691+00,,0.0,real
abc0001071,2021-10-01 04:37:10.712+00,,0.0,test
abc0001071,2021-10-01 04:37:10.704+00,,0.0,real
abc0001072,2021-10-01 04:37:10.718+00,,0.0,real
abc0001072,2021-10-01 04:37:10.725+00,,0.0,test
abc0001073,2021-10-01 04:37:10.735+00,,0.0,real
abc0001073,2021-10-01 04:37:10.742+00,,0.0,test
abc0001074,2021-10-01 04:37:10.751+00,,0.0,real
abc0001074,2021-10-01 04:37:10.759+00,,0.0,test
abc0001075,2021-10-01 04:37:10.77+00,,0.0,real
abc0001075,2021-10-01 04:37:10.777+00,,0.0,test
abc0001076,2021-10-01 04:37:10.785+00,,0.0,real
abc0001076,2021-10-01 04:37:10.793+00,,0.0,test
abc0001077,2020-09-10 03:36:12.043+00,,0.0,test
abc0001077,2024-02-27 02:02:28.392+00,,4.96,real
abc0001078,2020-09-10 03:36:12.057+00,,0.0,test
abc0001078,2022-06-01 00:01:14.096+00,,-1134.8806000000002,real
abc0001079,2021-10-01 04:37:10.826+00,,0.0,real
abc0001082,2021-10-01 04:37:10.873+00,,0.0,real
abc0001087,2021-10-01 04:37:10.942+00,,0.0,test
abc0001087,2021-10-01 04:37:10.935+00,,0.0,real
abc0001088,2021-10-01 04:37:10.95+00,,0.0,real
abc0001089,2020-09-10 03:36:12.152+00,,0.0,test
abc0001089,2021-10-01 04:37:10.959+00,,0.0,real
abc0001090,2021-10-01 04:37:10.972+00,,0.0,real
abc0001090,2021-10-01 04:37:10.978+00,,0.0,test
abc0001091,2021-10-01 04:37:10.987+00,,0.0,real
abc0001091,2021-10-01 04:37:10.995+00,,0.0,test
abc0001092,2021-10-01 04:37:11.002+00,,0.0,real
abc0001092,2021-10-01 04:37:11.011+00,,0.0,test
abc0001093,2021-10-01 04:37:11.018+00,,0.0,real
abc0001093,2021-10-01 04:37:11.025+00,,0.0,test
abc0001094,2021-10-01 04:37:11.033+00,,0.0,real
abc0001096,2021-10-01 04:37:11.058+00,,0.0,real
abc0001096,2021-10-01 04:37:11.067+00,,0.0,test
abc0001097,2021-10-01 04:37:11.076+00,,0.0,real
abc0001097,2021-10-01 04:37:11.084+00,,0.0,test
abc0001098,2021-10-01 04:37:11.092+00,,0.0,real
abc0001098,2020-09-10 03:36:12.278+00,,0.0,test
abc0001099,2021-10-01 04:37:11.114+00,,0.0,test
abc0001099,2021-10-01 04:37:11.106+00,,0.0,real
abc0001100,2021-10-01 04:37:11.127+00,,0.0,real
abc0001101,2021-10-01 04:37:11.148+00,,0.0,test
abc0001101,2021-10-01 04:37:11.141+00,,0.0,real
abc0001102,2021-10-01 04:37:11.159+00,,0.0,real
abc0001103,2020-09-10 03:36:12.344+00,,0.0,test
abc0001103,2021-10-01 04:37:11.171+00,,0.0,real
abc0001104,2021-10-01 04:37:11.193+00,,0.0,test
abc0001104,2021-10-01 04:37:11.183+00,,0.0,real
abc0001106,2021-10-01 04:37:11.208+00,,0.0,real
abc0001107,2021-10-01 04:37:11.222+00,,0.0,real
abc0001107,2021-10-01 04:37:11.229+00,,0.0,test
abc0001108,2021-10-01 04:37:11.244+00,,0.0,test
abc0001108,2021-10-01 04:37:11.236+00,,0.0,real
abc0001109,2021-10-01 04:37:11.251+00,,0.0,real
abc0001109,2021-10-01 04:37:11.259+00,,0.0,test
abc0001111,2021-10-01 04:37:11.28+00,,0.0,real
abc0001113,2021-10-01 04:37:11.305+00,,0.0,real
abc0001113,2021-10-01 04:37:11.311+00,,0.0,test
abc0001114,2021-10-01 04:37:11.319+00,,0.0,real
abc0001114,2021-10-01 04:37:11.325+00,,0.0,test
abc0001115,2021-10-01 04:37:11.333+00,,0.0,real
abc0001115,2021-10-01 04:37:11.339+00,,0.0,test
abc0001116,2020-09-10 03:36:12.499+00,,0.0,test
abc0001117,2021-10-01 04:37:11.36+00,,0.0,real
abc0001117,2021-10-01 04:37:11.366+00,,0.0,test
abc0001118,2021-10-01 04:37:11.376+00,,0.0,real
abc0001118,2021-10-01 04:37:11.382+00,,0.0,test
abc0001119,2020-09-10 03:36:12.54+00,,0.0,test
abc0001119,2021-10-01 04:37:11.39+00,,0.0,real
abc0001120,2021-10-01 04:37:11.402+00,,0.0,real
abc0001121,2021-10-01 04:37:11.414+00,,0.0,real
abc0001121,2021-10-01 04:37:11.42+00,,0.0,test
abc0001122,2021-10-01 04:37:11.428+00,,0.0,real
abc0001122,2021-10-01 04:37:11.434+00,,0.0,test
abc0001123,2021-10-01 04:37:11.442+00,,0.0,real
abc0001123,2021-10-01 04:37:11.449+00,,0.0,test
abc0001124,2021-10-01 04:37:11.457+00,,0.0,real
abc0001124,2021-10-01 04:37:11.465+00,,0.0,test
abc0001125,2021-10-01 04:37:11.49+00,,0.0,test
abc0001125,2021-10-01 04:37:11.484+00,,0.0,real
abc0001126,2021-10-01 04:37:11.498+00,,0.0,real
abc0001126,2021-10-01 04:37:11.505+00,,0.0,test
abc0001128,2021-10-01 04:37:11.55+00,,0.0,real
abc0001128,2021-10-01 04:37:11.557+00,,0.0,test
abc0001129,2024-03-23 00:01:19.852+00,,-650.001,real
abc0001129,2024-03-22 09:56:27.639+00,,91088.60999999999,test
abc0001130,2021-10-01 04:37:11.578+00,,0.0,real
abc0001131,2021-10-01 04:37:11.59+00,,0.0,real
abc0001131,2021-10-01 04:37:11.597+00,,0.0,test
abc0001132,2023-10-03 10:45:16.623+00,,2.0,real
abc0001132,2021-07-30 06:07:35.006+00,,33.17,test
abc0001133,2021-10-01 04:37:11.625+00,,0.0,test
abc0001133,2021-10-01 04:37:11.617+00,,0.0,real
abc0001134,2021-10-01 04:37:11.631+00,,0.0,real
abc0001134,2021-10-01 04:37:11.638+00,,0.0,test
abc0001135,2021-10-01 04:37:11.646+00,,0.0,real
abc0001135,2020-09-10 03:36:12.788+00,,0.0,test
abc0001136,2021-10-01 04:37:11.659+00,,0.0,real
abc0001136,2021-10-01 04:37:11.665+00,,0.0,test
abc0001137,2021-10-01 04:37:11.673+00,,0.0,real
abc0001137,2021-10-01 04:37:11.679+00,,0.0,test
abc0001138,2021-10-01 04:37:11.686+00,,0.0,real
abc0001138,2021-10-01 04:37:11.692+00,,0.0,test
abc0001139,2021-10-01 04:37:11.7+00,,0.0,real
abc0001139,2020-09-10 03:36:12.843+00,,0.0,test
abc0001140,2021-10-01 04:37:11.711+00,,0.0,real
abc0001140,2021-10-01 04:37:11.718+00,,0.0,test
abc0001141,2021-10-01 04:37:11.728+00,,0.0,real
abc0001141,2020-09-10 03:36:12.881+00,,0.0,test
abc0001142,2021-10-01 04:37:11.74+00,,0.0,real
abc0001142,2021-10-01 04:37:11.747+00,,0.0,test
abc0001143,2021-10-01 04:37:11.755+00,,0.0,real
abc0001143,2020-09-10 03:36:12.911+00,,0.0,test
abc0001144,2021-10-02 00:01:17.963+00,,85.0,real
abc0001144,2020-11-30 04:43:13.041+00,,199.2,test
abc0001145,2021-10-01 04:37:11.779+00,,0.0,real
abc0001145,2021-10-01 04:37:11.79+00,,0.0,test
abc0001146,2021-10-01 04:37:11.798+00,,0.0,real
abc0001146,2021-10-01 04:37:11.805+00,,0.0,test
abc0001147,2021-10-01 04:37:11.812+00,,0.0,real
abc0001147,2021-10-01 04:37:11.819+00,,0.0,test
abc0001148,2021-10-01 04:37:11.827+00,,0.0,real
abc0001148,2021-10-01 04:37:11.836+00,,0.0,test
abc0001149,2021-10-01 04:37:11.842+00,,0.0,real
abc0001149,2021-10-01 04:37:11.848+00,,0.0,test
abc0001150,2021-10-01 04:37:11.856+00,,0.0,real
abc0001150,2021-10-01 04:37:11.862+00,,0.0,test
abc0001151,2021-10-01 04:37:11.871+00,,0.0,real
abc0001151,2021-10-01 04:37:11.878+00,,0.0,test
abc0001152,2021-10-01 04:37:11.885+00,,0.0,real
abc0001152,2021-10-01 04:37:11.892+00,,0.0,test
abc0001154,2021-10-01 04:37:11.91+00,,0.0,real
abc0001154,2021-10-01 04:37:11.917+00,,0.0,test
abc0001155,2020-09-10 03:36:13.081+00,,0.0,test
abc0001156,2021-10-01 04:37:11.936+00,,0.0,real
abc0001156,2021-10-01 04:37:11.942+00,,0.0,test
abc0001157,2024-02-08 00:00:34.095+00,,-78.72590000000001,real
abc0001158,2021-10-01 04:37:11.962+00,,0.0,real
abc0001158,2021-10-01 04:37:11.968+00,,0.0,test
abc0001159,2021-10-01 04:37:11.978+00,,0.0,real
abc0001159,2021-10-01 04:37:11.984+00,,0.0,test
abc0001160,2021-12-15 00:01:10.357+00,,-413.24,real
abc0001160,2021-10-01 04:37:12.003+00,,0.0,test
abc0001161,2021-10-01 04:37:12.009+00,,0.0,real
abc0001161,2021-10-01 04:37:12.015+00,,0.0,test
abc0001162,2021-10-02 00:01:18.142+00,,38.77,real
abc0001162,2021-10-01 04:37:12.03+00,,0.0,test
abc0001163,2021-10-01 04:37:12.039+00,,0.0,real
abc0001163,2021-10-01 04:37:12.046+00,,0.0,test
abc0001164,2021-10-01 04:37:12.053+00,,0.0,real
abc0001164,2021-10-01 04:37:12.061+00,,0.0,test
abc0001165,2021-10-01 04:37:12.068+00,,0.0,real
abc0001165,2021-10-01 04:37:12.074+00,,0.0,test
abc0001166,2021-10-01 04:37:12.082+00,,0.0,real
abc0001166,2021-10-01 04:37:12.088+00,,0.0,test
abc0001167,2022-01-19 09:20:00.919+00,,0.0,real
abc0001168,2021-10-01 04:37:12.109+00,,0.0,real
abc0001168,2021-10-01 04:37:12.116+00,,0.0,test
abc0001171,2021-10-01 04:37:12.122+00,,0.0,real
abc0001171,2021-10-01 04:37:12.13+00,,0.0,test
abc0001172,2021-10-01 04:37:12.137+00,,0.0,real
abc0001172,2021-10-01 04:37:12.143+00,,0.0,test
abc0001173,2021-10-01 04:37:12.15+00,,0.0,real
abc0001173,2021-10-01 04:37:12.158+00,,0.0,test
abc0001174,2021-10-01 04:37:12.164+00,,0.0,real
abc0001174,2021-10-01 04:37:12.172+00,,0.0,test
abc0001175,2021-10-01 04:37:12.178+00,,0.0,real
abc0001175,2021-10-01 04:37:12.184+00,,0.0,test
abc0001176,2021-10-01 04:37:12.194+00,,0.0,real
abc0001176,2021-10-01 04:37:12.201+00,,0.0,test
abc0001177,2021-10-01 04:37:12.21+00,,0.0,real
abc0001177,2021-10-01 04:37:12.216+00,,0.0,test
abc0001178,2021-10-01 04:37:12.223+00,,0.0,real
abc0001179,2020-09-10 03:36:13.369+00,,0.0,test
abc0001179,2021-10-01 04:37:12.233+00,,0.0,real
abc0001180,2021-10-01 04:37:12.246+00,,0.0,real
abc0001180,2021-10-01 04:37:12.252+00,,0.0,test
abc0001181,2020-09-10 03:36:13.394+00,,0.0,test
abc0001181,2021-10-01 04:37:12.26+00,,0.0,real
abc0001182,2021-10-01 04:37:12.27+00,,0.0,real
abc0001182,2020-09-10 03:36:13.413+00,,0.0,test
abc0001183,2021-10-01 04:37:12.285+00,,0.0,real
abc0001183,2021-10-01 04:37:12.291+00,,0.0,test
abc0001184,2021-10-01 04:37:12.299+00,,0.0,real
abc0001184,2021-10-01 04:37:12.305+00,,0.0,test
abc0001185,2021-10-01 04:37:12.312+00,,0.0,real
abc0001185,2021-10-01 04:37:12.318+00,,0.0,test
abc0001186,2021-10-01 04:37:12.325+00,,0.0,real
abc0001186,2020-09-10 03:36:13.479+00,,0.0,test
abc0001187,2021-10-01 04:37:12.345+00,,0.0,test
abc0001188,2021-10-01 04:37:12.351+00,,0.0,real
abc0001188,2021-10-01 04:37:12.358+00,,0.0,test
abc0001189,2021-10-01 04:37:12.365+00,,0.0,real
abc0001189,2021-10-01 04:37:12.371+00,,0.0,test
abc0001191,2024-03-23 05:51:14.65+00,,-847419.6618000001,real
abc0001191,2024-03-13 18:47:06.024+00,,2069.453,test
abc0001192,2021-10-01 04:37:12.403+00,,0.0,real
abc0001192,2021-10-01 04:37:12.411+00,,0.0,test
abc0001193,2021-10-01 04:37:12.419+00,,0.0,real
abc0001193,2020-09-10 03:36:13.564+00,,0.0,test
abc0001194,2021-10-01 04:37:12.431+00,,0.0,real
abc0001194,2021-10-01 04:37:12.437+00,,0.0,test
abc0001195,2021-10-01 04:37:12.445+00,,0.0,real
abc0001195,2021-10-01 04:37:12.452+00,,0.0,test
abc0001196,2021-10-01 04:37:12.458+00,,0.0,real
abc0001196,2021-10-01 04:37:12.464+00,,0.0,test
abc0001197,2021-10-01 04:37:12.472+00,,0.0,real
abc0001197,2020-09-10 03:36:13.615+00,,0.0,test
abc0001198,2021-10-01 04:37:12.483+00,,0.0,real
abc0001198,2021-10-01 04:37:12.489+00,,0.0,test
abc0001199,2020-09-10 03:36:13.634+00,,0.0,test
abc0001200,2021-10-01 04:37:12.509+00,,0.0,real
abc0001201,2021-10-01 04:37:12.522+00,,0.0,real
abc0001201,2021-10-01 04:37:12.529+00,,0.0,test
abc0001202,2021-10-01 04:37:12.536+00,,0.0,real
abc0001202,2021-10-01 04:37:12.543+00,,0.0,test
abc0001203,2021-10-01 04:37:12.551+00,,0.0,real
abc0001203,2021-10-01 04:37:12.557+00,,0.0,test
abc0001204,2021-10-01 04:37:12.564+00,,0.0,real
abc0001204,2021-10-01 04:37:12.571+00,,0.0,test
abc0001205,2021-10-01 04:37:12.578+00,,0.0,real
abc0001205,2020-09-10 03:36:13.724+00,,0.0,test
abc0001206,2021-10-01 04:37:12.592+00,,0.0,real
abc0001206,2020-09-10 03:36:13.741+00,,0.0,test
abc0001207,2021-10-02 00:01:18.546+00,,6.0,real
abc0001208,2021-10-01 04:37:12.615+00,,0.0,real
abc0001208,2021-10-01 04:37:12.621+00,,0.0,test
abc0001209,2021-10-01 04:37:12.628+00,,0.0,real
abc0001209,2021-10-01 04:37:12.634+00,,0.0,test
abc0001210,2021-10-01 04:37:12.641+00,,0.0,real
abc0001210,2021-10-01 04:37:12.646+00,,0.0,test
abc0001211,2021-10-01 04:37:12.654+00,,0.0,real
abc0001211,2020-09-10 03:36:13.816+00,,0.0,test
abc0001212,2021-10-01 04:37:12.666+00,,0.0,real
abc0001212,2021-10-01 04:37:12.675+00,,0.0,test
abc0001213,2021-10-01 04:37:12.683+00,,0.0,real
abc0001213,2021-10-01 04:37:12.689+00,,0.0,test
abc0001214,2021-10-01 04:37:12.696+00,,0.0,real
abc0001214,2021-10-01 04:37:12.703+00,,0.0,test
abc0001215,2021-10-01 04:37:12.711+00,,0.0,real
abc0001216,2021-10-01 04:37:12.722+00,,0.0,real
abc0001216,2021-10-01 04:37:12.728+00,,0.0,test
abc0001217,2021-10-01 04:37:12.736+00,,0.0,real
abc0001217,2021-10-01 04:37:12.743+00,,0.0,test
abc0001218,2021-10-01 04:37:12.749+00,,0.0,real
abc0001218,2021-10-01 04:37:12.755+00,,0.0,test
abc0001219,2021-10-01 04:37:12.762+00,,0.0,real
abc0001219,2021-10-01 04:37:12.768+00,,0.0,test
abc0001220,2021-10-01 04:37:12.775+00,,0.0,real
abc0001220,2021-10-01 04:37:12.782+00,,0.0,test
abc0001221,2021-10-01 04:37:12.79+00,,0.0,real
abc0001221,2021-10-01 04:37:12.797+00,,0.0,test
abc0001222,2021-10-01 04:37:12.805+00,,0.0,real
abc0001222,2020-09-10 03:36:13.958+00,,0.0,test
abc0001223,2021-10-01 04:37:12.816+00,,0.0,real
abc0001223,2021-10-01 04:37:12.823+00,,0.0,test
abc0001224,2022-09-20 03:04:07.072+00,,-20.93,real
abc0001225,2020-09-10 03:36:13.988+00,,0.0,test
abc0001225,2021-10-01 04:37:12.843+00,,0.0,real
abc0001226,2020-09-10 03:36:14.002+00,,0.0,test
abc0001226,2021-10-01 04:37:12.856+00,,0.0,real
abc0001228,2021-10-01 04:37:12.889+00,,0.0,real
abc0001228,2021-10-01 04:37:12.895+00,,0.0,test
abc0001229,2021-10-01 04:37:12.902+00,,0.0,real
abc0001229,2021-10-01 04:37:12.908+00,,0.0,test
abc0001230,2021-10-01 04:37:12.915+00,,0.0,real
abc0001230,2021-10-01 04:37:12.921+00,,0.0,test
abc0001231,2021-10-01 04:37:12.928+00,,0.0,real
abc0001231,2021-10-01 04:37:12.934+00,,0.0,test
abc0001232,2021-10-01 04:37:12.941+00,,0.0,real
abc0001232,2021-10-01 04:37:12.947+00,,0.0,test
abc0001233,2020-09-10 03:36:14.09+00,,0.0,test
abc0001233,2021-10-01 04:37:12.954+00,,0.0,real
abc0001234,2021-10-01 04:37:12.965+00,,0.0,real
abc0001234,2021-10-01 04:37:12.971+00,,0.0,test
abc0001235,2021-10-01 04:37:12.98+00,,0.0,real
abc0001236,2021-10-01 04:37:12.998+00,,0.0,real
abc0001236,2021-10-01 04:37:13.005+00,,0.0,test
abc0001237,2021-10-01 04:37:13.011+00,,0.0,real
abc0001237,2021-10-01 04:37:13.02+00,,0.0,test
abc0001238,2021-10-01 04:37:13.028+00,,0.0,real
abc0001238,2021-10-01 04:37:13.038+00,,0.0,test
abc0001239,2021-10-01 04:37:13.044+00,,0.0,real
abc0001239,2021-10-01 04:37:13.052+00,,0.0,test
abc0001240,2021-10-01 04:37:13.058+00,,0.0,real
abc0001240,2021-10-01 04:37:13.065+00,,0.0,test
abc0001241,2021-10-01 04:37:13.078+00,,0.0,test
abc0001241,2021-10-01 04:37:13.071+00,,0.0,real
abc0001242,2021-10-01 04:37:13.085+00,,0.0,real
abc0001242,2021-10-01 04:37:13.091+00,,0.0,test
abc0001243,2021-10-01 04:37:13.098+00,,0.0,real
abc0001243,2021-10-01 04:37:13.103+00,,0.0,test
abc0001244,2021-10-01 04:37:13.11+00,,0.0,real
abc0001244,2020-09-10 03:36:14.229+00,,0.0,test
abc0001245,2021-10-01 04:37:13.121+00,,0.0,real
abc0001245,2021-10-01 04:37:13.127+00,,0.0,test
abc0001246,2021-10-01 04:37:13.134+00,,0.0,real
abc0001246,2021-10-01 04:37:13.139+00,,0.0,test
abc0001247,2021-10-01 04:37:13.146+00,,0.0,real
abc0001247,2021-10-01 04:37:13.152+00,,0.0,test
abc0001248,2021-10-01 04:37:13.16+00,,0.0,real
abc0001248,2021-10-01 04:37:13.165+00,,0.0,test
abc0001249,2021-10-01 04:37:13.172+00,,0.0,real
abc0001249,2021-10-01 04:37:13.177+00,,0.0,test
abc0001250,2021-10-01 04:37:13.185+00,,0.0,real
abc0001250,2021-10-01 04:37:13.191+00,,0.0,test
abc0001251,2020-09-10 03:36:14.316+00,,0.0,test
abc0001251,2021-10-01 04:37:13.198+00,,0.0,real
abc0001252,2022-10-02 13:17:23.238+00,,0.98,test
abc0001253,2021-10-01 04:37:13.222+00,,0.0,real
abc0001253,2021-10-01 04:37:13.227+00,,0.0,test
abc0001254,2021-10-01 04:37:13.234+00,,0.0,real
abc0001254,2021-10-01 04:37:13.24+00,,0.0,test
abc0001255,2021-10-01 04:37:13.247+00,,0.0,real
abc0001255,2021-10-01 04:37:13.253+00,,0.0,test
abc0001256,2020-09-10 03:36:14.391+00,,0.0,test
abc0001256,2021-10-01 04:37:13.259+00,,0.0,real
abc0001257,2023-03-16 14:52:59.274+00,,-3.1999999999999993,real
abc0001258,2021-10-01 04:37:13.29+00,,0.0,real
abc0001258,2021-10-01 04:37:13.298+00,,0.0,test
abc0001259,2021-10-01 04:37:13.304+00,,0.0,real
abc0001259,2021-10-01 04:37:13.311+00,,0.0,test
abc0001260,2021-10-01 04:37:13.319+00,,0.0,real
abc0001260,2021-10-01 04:37:13.325+00,,0.0,test
abc0001261,2021-10-01 04:37:13.332+00,,0.0,real
abc0001261,2021-10-01 04:37:13.337+00,,0.0,test
abc0001262,2021-10-01 04:37:13.345+00,,0.0,real
abc0001262,2021-10-01 04:37:13.351+00,,0.0,test
abc0001263,2021-10-01 04:37:13.358+00,,0.0,real
abc0001263,2021-10-01 04:37:13.364+00,,0.0,test
abc0001264,2021-10-01 04:37:13.371+00,,0.0,real
abc0001264,2021-10-01 04:37:13.377+00,,0.0,test
abc0001265,2021-10-01 04:37:13.385+00,,0.0,real
abc0001265,2021-10-01 04:37:13.392+00,,0.0,test
abc0001266,2021-10-01 04:37:13.399+00,,0.0,real
abc0001266,2021-10-01 04:37:13.404+00,,0.0,test
abc0001267,2021-10-01 04:37:13.411+00,,0.0,real
abc0001267,2021-10-01 04:37:13.418+00,,0.0,test
abc0001268,2021-10-01 04:37:13.425+00,,0.0,real
abc0001268,2021-10-01 04:37:13.431+00,,0.0,test
abc0001269,2021-10-01 04:37:13.438+00,,0.0,real
abc0001269,2021-10-01 04:37:13.444+00,,0.0,test
abc0001270,2021-10-01 04:37:13.451+00,,0.0,real
abc0001270,2021-10-01 04:37:13.456+00,,0.0,test
abc0001271,2021-10-01 04:37:13.463+00,,0.0,real
abc0001271,2020-09-10 03:36:14.586+00,,0.0,test
abc0001272,2021-10-01 04:37:13.474+00,,0.0,real
abc0001273,2022-03-03 09:51:38.695+00,,-285.34999999999997,real
abc0001273,2021-10-01 04:37:13.486+00,,0.0,test
abc0001274,2021-10-01 04:37:13.5+00,,0.0,real
abc0001274,2020-09-10 03:36:14.618+00,,0.0,test
abc0001275,2021-10-01 04:37:13.513+00,,0.0,real
abc0001275,2021-10-01 04:37:13.519+00,,0.0,test
abc0001276,2021-10-01 04:37:13.526+00,,0.0,real
abc0001276,2021-10-01 04:37:13.533+00,,0.0,test
abc0001277,2021-10-01 04:37:13.539+00,,0.0,real
abc0001277,2021-10-01 04:37:13.546+00,,0.0,test
abc0001278,2021-10-01 04:37:13.553+00,,0.0,real
abc0001278,2020-09-10 03:36:14.676+00,,0.0,test
abc0001279,2021-10-01 04:37:13.564+00,,0.0,real
abc0001279,2021-10-01 04:37:13.57+00,,0.0,test
abc0001280,2021-10-01 04:37:13.577+00,,0.0,real
abc0001280,2021-10-01 04:37:13.584+00,,0.0,test
abc0001281,2021-10-01 04:37:13.59+00,,0.0,real
abc0001281,2021-10-01 04:37:13.596+00,,0.0,test
abc0001282,2021-10-01 04:37:13.603+00,,0.0,real
abc0001282,2021-10-01 04:37:13.609+00,,0.0,test
abc0001283,2021-10-01 04:37:13.618+00,,0.0,real
abc0001283,2021-10-01 04:37:13.626+00,,0.0,test
abc0001284,2021-10-01 04:37:13.633+00,,0.0,real
abc0001284,2021-10-01 04:37:13.639+00,,0.0,test
abc0001285,2021-10-01 04:37:13.646+00,,0.0,real
abc0001285,2021-10-01 04:37:13.651+00,,0.0,test
abc0001286,2021-10-01 04:37:13.658+00,,0.0,real
abc0001286,2021-10-01 04:37:13.664+00,,0.0,test
abc0001287,2021-10-01 04:37:13.671+00,,0.0,real
abc0001287,2021-10-01 04:37:13.677+00,,0.0,test
abc0001288,2021-10-01 04:37:13.685+00,,0.0,real
abc0001288,2021-10-01 04:37:13.692+00,,0.0,test
abc0001289,2021-10-01 04:37:13.698+00,,0.0,real
abc0001289,2021-10-01 04:37:13.703+00,,0.0,test
abc0001290,2021-10-01 04:37:13.71+00,,0.0,real
abc0001290,2021-10-01 04:37:13.717+00,,0.0,test
abc0001291,2021-10-01 04:37:13.723+00,,0.0,real
abc0001291,2021-10-01 04:37:13.728+00,,0.0,test
abc0001292,2021-10-01 04:37:13.735+00,,0.0,real
abc0001292,2021-10-01 04:37:13.74+00,,0.0,test
abc0001293,2021-10-01 04:37:13.747+00,,0.0,real
abc0001293,2021-10-01 04:37:13.752+00,,0.0,test
abc0001294,2021-10-01 04:37:13.761+00,,0.0,real
abc0001294,2021-10-01 04:37:13.767+00,,0.0,test
abc0001295,2021-10-01 04:37:13.774+00,,0.0,real
abc0001295,2021-10-01 04:37:13.78+00,,0.0,test
abc0001296,2021-10-01 04:37:13.787+00,,0.0,real
abc0001296,2021-10-01 04:37:13.794+00,,0.0,test
abc0001297,2021-10-01 04:37:13.799+00,,0.0,real
abc0001297,2021-10-01 04:37:13.804+00,,0.0,test
abc0001298,2021-10-01 04:37:13.818+00,,0.0,test
abc0001298,2021-10-01 04:37:13.811+00,,0.0,real
abc0001299,2021-10-01 04:37:13.827+00,,0.0,real
abc0001299,2021-10-01 04:37:13.833+00,,0.0,test
abc0001300,2021-10-01 04:37:13.839+00,,0.0,real
abc0001300,2021-10-01 04:37:13.845+00,,0.0,test
abc0001301,2021-10-01 04:37:13.851+00,,0.0,real
abc0001301,2021-10-01 04:37:13.857+00,,0.0,test
abc0001302,2021-10-01 04:37:13.863+00,,0.0,real
abc0001302,2021-10-01 04:37:13.869+00,,0.0,test
abc0001303,2021-10-01 04:37:13.881+00,,0.0,test
abc0001303,2021-10-01 04:37:13.875+00,,0.0,real
abc0001304,2021-10-01 04:37:13.889+00,,0.0,real
abc0001304,2021-10-01 04:37:13.894+00,,0.0,test
abc0001305,2021-10-01 04:37:13.901+00,,0.0,real
abc0001305,2021-10-01 04:37:13.907+00,,0.0,test
abc0001306,2021-10-01 04:37:13.913+00,,0.0,real
abc0001306,2021-10-01 04:37:13.92+00,,0.0,test
abc0001307,2021-10-01 04:37:13.926+00,,0.0,real
abc0001307,2020-09-10 03:36:15.068+00,,0.0,test
abc0001308,2021-10-01 04:37:13.936+00,,0.0,real
abc0001308,2021-10-01 04:37:13.942+00,,0.0,test
abc0001309,2021-10-01 04:37:13.954+00,,0.0,test
abc0001309,2021-10-01 04:37:13.948+00,,0.0,real
abc0001310,2021-10-01 04:37:13.96+00,,0.0,real
abc0001310,2021-10-01 04:37:13.965+00,,0.0,test
abc0001311,2021-10-01 04:37:13.972+00,,0.0,real
abc0001311,2021-10-01 04:37:13.981+00,,0.0,test
abc0001312,2021-10-01 04:37:13.988+00,,0.0,real
abc0001312,2021-10-01 04:37:13.993+00,,0.0,test
abc0001313,2021-10-01 04:37:13.999+00,,0.0,real
abc0001313,2021-10-01 04:37:14.005+00,,0.0,test
abc0001314,2021-10-01 04:37:14.011+00,,0.0,real
abc0001314,2021-10-01 04:37:14.024+00,,0.0,test
abc0001315,2021-10-01 04:37:14.03+00,,0.0,real
abc0001315,2021-10-01 04:37:14.035+00,,0.0,test
abc0001316,2021-10-02 00:01:19.343+00,,10.68,real
abc0001317,2021-10-01 04:37:14.049+00,,0.0,real
abc0001317,2021-10-01 04:37:14.059+00,,0.0,test
abc0001318,2021-10-01 04:37:14.065+00,,0.0,real
abc0001318,2021-10-01 04:37:14.072+00,,0.0,test
abc0001319,2021-10-01 04:37:14.079+00,,0.0,real
abc0001319,2021-10-01 04:37:14.085+00,,0.0,test
abc0001320,2021-10-01 04:37:14.091+00,,0.0,real
abc0001320,2021-10-01 04:37:14.097+00,,0.0,test
abc0001321,2021-10-01 04:37:14.109+00,,0.0,test
abc0001321,2021-10-01 04:37:14.103+00,,0.0,real
abc0001322,2021-10-01 04:37:14.121+00,,0.0,test
abc0001323,2021-10-01 04:37:14.129+00,,0.0,real
abc0001323,2021-10-01 04:37:14.135+00,,0.0,test
abc0001324,2021-10-02 00:01:19.413+00,,-130.37,real
abc0001324,2021-10-01 04:37:14.148+00,,0.0,test
abc0001325,2023-06-01 00:20:51.194+00,,-9391.9337,real
abc0001325,2021-10-01 04:37:14.161+00,,0.0,test
abc0001326,2021-10-01 04:37:14.173+00,,0.0,test
abc0001327,2023-03-30 02:07:18.013+00,,-1335.35,real
abc0001327,2021-10-01 04:37:14.193+00,,0.0,test
abc0001328,2021-10-01 04:37:14.201+00,,0.0,real
abc0001328,2021-10-01 04:37:14.207+00,,0.0,test
abc0001329,2021-10-02 00:01:19.482+00,,-1077.74,real
abc0001329,2021-10-01 04:37:14.219+00,,0.0,test
abc0001330,2021-10-01 04:37:14.226+00,,0.0,real
abc0001330,2021-10-01 04:37:14.232+00,,0.0,test
abc0001331,2023-12-05 00:00:49.492+00,,-4849.013700000001,real
abc0001331,2021-10-01 04:37:14.243+00,,0.0,test
abc0001332,2021-10-01 04:37:14.256+00,,0.0,test
abc0001333,2021-10-01 04:37:14.263+00,,0.0,real
abc0001333,2021-10-01 04:37:14.268+00,,0.0,test
abc0001334,2021-10-01 04:37:14.275+00,,0.0,real
abc0001334,2021-10-01 04:37:14.281+00,,0.0,test
abc0001335,2021-10-01 04:37:14.288+00,,0.0,real
abc0001335,2021-10-01 04:37:14.293+00,,0.0,test
abc0001336,2021-10-01 04:37:14.3+00,,0.0,real
abc0001336,2021-10-01 04:37:14.306+00,,0.0,test
abc0001337,2021-10-01 04:37:14.315+00,,0.0,real
abc0001337,2021-10-01 04:37:14.32+00,,0.0,test
abc0001338,2021-10-01 04:37:14.327+00,,0.0,real
abc0001338,2021-10-01 04:37:14.332+00,,0.0,test
abc0001339,2021-10-01 04:37:14.341+00,,0.0,real
abc0001339,2021-10-01 04:37:14.347+00,,0.0,test
abc0001340,2021-10-01 04:37:14.355+00,,0.0,real
abc0001340,2021-10-01 04:37:14.36+00,,0.0,test
abc0001341,2021-10-01 04:37:14.367+00,,0.0,real
abc0001341,2021-10-01 04:37:14.372+00,,0.0,test
abc0001342,2021-10-01 04:37:14.379+00,,0.0,real
abc0001342,2021-10-01 04:37:14.384+00,,0.0,test
abc0001343,2021-10-01 04:37:14.393+00,,0.0,real
abc0001343,2021-10-01 04:37:14.4+00,,0.0,test
abc0001344,2021-10-01 04:37:14.406+00,,0.0,real
abc0001344,2021-10-01 04:37:14.411+00,,0.0,test
abc0001345,2021-10-01 04:37:14.418+00,,0.0,real
abc0001345,2021-10-01 04:37:14.424+00,,0.0,test
abc0001346,2021-10-01 04:37:14.434+00,,0.0,real
abc0001346,2021-10-01 04:37:14.44+00,,0.0,test
abc0001347,2021-10-01 04:37:14.447+00,,0.0,real
abc0001347,2021-10-01 04:37:14.453+00,,0.0,test
abc0001348,2021-10-01 04:37:14.468+00,,0.0,test
abc0001348,2021-10-01 04:37:14.46+00,,0.0,real
abc0001349,2021-10-01 04:37:14.474+00,,0.0,real
abc0001349,2020-09-10 03:36:15.603+00,,0.0,test
abc0001350,2021-10-01 04:37:14.484+00,,0.0,real
abc0001350,2021-10-01 04:37:14.49+00,,0.0,test
abc0001351,2024-03-23 08:11:08.334+00,,-427949.07759999996,real
abc0001351,2021-10-02 00:01:19.639+00,,12.5,test
abc0001352,2021-10-02 00:01:19.653+00,,-1275.99,real
abc0001352,2021-10-01 04:37:14.514+00,,0.0,test
abc0001357,2021-07-08 00:01:14.081+00,,471.35,test
abc0001392,2021-10-02 00:01:19.965+00,,18.0,real
abc0001369,2021-10-02 00:01:19.779+00,,0.0,real
abc0001352,2021-10-01 04:37:14.522+00,,-195.83,real
abc0001370,2021-10-02 00:01:19.79+00,,-993.59,real
abc0001374,2022-08-15 03:45:37.828+00,,-2023.4100000000003,real
abc0001419,2021-09-25 00:01:13.278+00,,77.75999999999999,test
abc0001373,2021-10-02 00:01:19.816+00,,-410.1,real
abc0001509,2021-10-01 04:37:15.837+00,,0.0,real
abc0001515,2021-10-02 00:01:20.455+00,,108.52,real
abc0001515,2021-10-01 04:37:15.908+00,,0.0,real
abc0001546,2023-11-09 00:00:55.569+00,,-16185.3584,real
abc0001555,2021-10-02 00:01:20.713+00,,-323.0,real
abc0001540,2020-11-30 04:43:40.63+00,,6.38,test
abc0001574,2021-10-02 00:01:20.858+00,,-1.0,real
abc0001403,2021-10-02 00:01:20.041+00,,-60.4,real
abc0001582,2023-03-30 02:07:24.391+00,,-29081.234999999997,real
abc0001599,2020-11-30 04:43:43.993+00,,3.33,test
abc0001592,2020-11-30 04:43:44.613+00,,176.89,test
abc0001384,2020-12-19 16:51:04.199+00,,133.19,test
abc0001519,2021-10-02 00:01:20.493+00,,0.0,real
abc0001622,2023-03-03 03:15:48.826+00,,-10.470000000000002,real
abc0001556,2023-11-27 07:02:43.829+00,,5515.200099999999,test
abc0001592,2024-03-15 12:31:59.458+00,,-131611.16530000002,real
abc0001419,2024-03-20 15:58:48.962+00,,-1027533.9295999999,real
abc0001642,2021-10-01 04:37:17.855+00,,0.0,real
abc0001622,2020-12-21 04:34:58.752+00,,1.47,test
abc0001662,2021-10-01 04:37:18.097+00,,0.0,real
abc0001621,2020-11-30 04:43:44.745+00,,2.0,test
abc0001621,2021-10-02 00:01:21.209+00,,0.5,real
abc0001627,2021-10-02 00:01:21.257+00,,-102.01000000000002,real
abc0001664,2021-10-02 00:01:21.468+00,,-6487.57,real
abc0001692,2023-03-30 02:07:27.795+00,,-40266.21799999999,real
abc0001693,2021-10-01 04:37:18.595+00,,0.0,real
abc0001567,2021-10-02 00:01:20.81+00,,22.2,real
abc0001529,2023-12-04 03:30:46.817+00,,-378.55899999999997,real
abc0001440,2021-10-02 00:01:20.316+00,,-1175.0,real
abc0001677,2020-11-30 04:43:48.597+00,,15.05,test
abc0001730,2021-10-02 00:01:21.934+00,,0.1,real
abc0001730,2021-10-01 04:37:19.22+00,,0.0,real
abc0001408,2021-11-15 02:55:14.333+00,,-93.05,real
abc0001735,2024-02-12 13:46:54.915+00,,364.77909999999997,real
abc0001737,2021-10-02 00:01:21.98+00,,0.25,real
abc0001739,2021-10-02 00:01:22.004+00,,10.0,real
abc0001739,2021-10-02 00:01:22.006+00,,1.01,real
abc0001672,2021-10-02 00:01:21.534+00,,-109.13,real
abc0001758,2021-10-02 00:01:22.121+00,,10.5,real
abc0001257,2020-11-30 04:43:04.595+00,,83.09,test
abc0001357,2021-10-01 04:37:14.589+00,,0.0,real
abc0001360,2021-10-01 04:37:14.628+00,,0.0,real
abc0001371,2021-10-01 04:37:14.775+00,,0.0,real
abc0001382,2021-10-01 04:37:14.918+00,,0.0,real
abc0001386,2020-11-26 03:17:47.49+00,,0.0,test
abc0001398,2020-11-26 03:17:47.555+00,,0.0,test
abc0001398,2021-10-01 04:37:15.113+00,,0.0,real
abc0001400,2020-11-26 03:17:47.576+00,,0.0,test
abc0001410,2021-10-01 04:37:15.266+00,,0.0,real
abc0001412,2021-10-01 04:37:15.289+00,,0.0,real
abc0001416,2020-11-26 03:17:47.67+00,,0.0,test
abc0001423,2020-11-26 03:17:47.719+00,,0.0,test
abc0001423,2021-10-01 04:37:15.426+00,,0.0,real
abc0001429,2020-11-26 03:17:47.765+00,,0.0,test
abc0001430,2020-11-26 03:17:47.778+00,,0.0,test
abc0001430,2021-10-01 04:37:15.521+00,,0.0,real
abc0001437,2021-10-02 00:01:20.286+00,,-419.95,real
abc0001438,2023-12-05 00:00:54.523+00,,-805.6608999999999,real
abc0001440,2020-11-26 03:17:47.853+00,,0.0,test
abc0001442,2021-10-01 04:37:15.69+00,,0.0,real
abc0001443,2021-10-01 04:37:15.704+00,,0.0,real
abc0001444,2021-10-01 04:37:15.717+00,,0.0,real
abc0001445,2021-10-02 00:01:20.357+00,,-29.95,real
abc0001510,2021-10-01 04:37:15.842+00,,0.0,real
abc0001519,2020-11-26 03:17:48+00,,0.0,test
abc0001535,2021-10-01 04:37:16.195+00,,0.0,real
abc0001542,2021-10-01 04:37:16.244+00,,0.0,real
abc0001543,2020-11-26 03:17:48.12+00,,0.0,test
abc0001543,2021-10-01 04:37:16.259+00,,0.0,real
abc0001547,2020-11-26 03:17:48.159+00,,0.0,test
abc0001547,2021-10-01 04:37:16.321+00,,0.0,real
abc0001549,2021-10-01 04:37:16.356+00,,0.0,real
abc0001560,2020-11-26 03:17:48.248+00,,0.0,test
abc0001560,2021-10-01 04:37:16.498+00,,0.0,real
abc0001584,2020-11-26 03:17:48.374+00,,0.0,test
abc0001584,2021-10-01 04:37:16.911+00,,0.0,real
abc0001585,2020-11-26 03:17:48.391+00,,0.0,test
abc0001587,2020-11-26 03:17:48.404+00,,0.0,test
abc0001587,2021-10-01 04:37:16.955+00,,0.0,real
abc0001593,2021-10-02 00:01:21.011+00,,-21.4,real
abc0001598,2021-10-01 04:37:17.138+00,,0.0,real
abc0001606,2021-10-01 04:37:17.271+00,,0.0,real
abc0001610,2021-10-01 04:37:17.34+00,,0.0,real
abc0001613,2020-11-26 03:17:48.562+00,,0.0,test
abc0001616,2020-11-26 03:17:48.581+00,,0.0,test
abc0001618,2021-10-01 04:37:17.464+00,,0.0,real
abc0001628,2021-10-02 00:01:21.268+00,,-36.73,real
abc0001632,2021-10-01 04:37:17.687+00,,0.0,real
abc0001638,2021-10-01 04:37:17.782+00,,0.0,real
abc0001639,2021-10-01 04:37:17.796+00,,0.0,real
abc0001642,2021-10-01 04:37:17.842+00,,0.0,real
abc0001643,2021-10-01 04:37:17.86+00,,0.0,real
abc0001647,2020-11-26 03:17:48.801+00,,0.0,test
abc0001666,2022-03-01 01:55:09.316+00,,-200.88,real
abc0001670,2021-10-02 00:01:21.513+00,,-119.61,real
abc0001677,2021-10-01 04:37:18.327+00,,0.0,real
abc0001681,2021-10-01 04:37:18.389+00,,0.0,real
abc0001719,2021-10-01 04:37:19.024+00,,0.0,real
abc0001744,2020-11-26 03:17:49.264+00,,0.0,test
abc0001748,2021-10-01 04:37:19.499+00,,0.0,real
abc0001752,2020-11-26 03:17:49.308+00,,0.0,test
abc0001752,2021-10-01 04:37:19.562+00,,0.0,real
abc0001765,2021-10-02 00:01:22.184+00,,-45911.2,real
abc0001779,2020-11-30 04:43:51.278+00,,1.0,test
abc0001782,2020-11-30 04:43:51.301+00,,0.0,test
abc0001384,2023-03-30 02:07:19.905+00,,-216887.65,real
abc0001796,2020-12-08 06:19:35.935+00,,12513.95,test
abc0001813,2022-08-30 03:57:35.53+00,,274.18,real
abc0001805,2024-03-22 00:01:21.97+00,,-90733.1941,real
abc0001815,2021-10-02 00:01:22.533+00,,905.84,real
abc0001816,2021-10-02 00:01:22.542+00,,135.29,real
abc0001759,2021-10-02 00:01:22.142+00,,19932.4,real
abc0001821,2021-10-02 00:01:22.584+00,,125766.13,real
abc0001715,2021-10-01 04:37:18.95+00,,0.0,real
abc0001822,2021-10-02 00:01:22.596+00,,49012.41,real
abc0001823,2021-10-02 00:01:22.606+00,,121.37,real
abc0001824,2022-02-15 22:43:04.889+00,,2487.04,real
abc0001826,2021-11-09 17:25:32.516+00,,708.95,real
abc0001834,2021-10-01 04:37:20.785+00,,0.0,real
abc0001834,2021-10-01 04:37:20.797+00,,0.0,real
abc0001837,2021-10-01 04:37:20.849+00,,0.0,real
abc0001314,2021-10-01 04:37:14.017+00,,0.0,real
abc0001819,2021-10-02 00:01:22.558+00,,2962.85,real
abc0001850,2021-10-01 04:37:20.965+00,,0.0,real
abc0001353,2021-10-01 04:37:14.528+00,,0.0,real
abc0001843,2022-10-26 11:00:22.5+00,,80437.29,real
abc0001853,2021-10-01 04:37:21.002+00,,0.0,real
abc0001853,2021-10-01 04:37:21.015+00,,0.0,real
abc0001854,2021-10-02 00:01:22.814+00,,0.6,real
abc0001729,2021-10-01 04:37:19.19+00,,0.0,real
abc0001855,2021-10-01 04:37:21.034+00,,0.0,real
abc0001856,2021-10-01 04:37:21.055+00,,0.0,real
abc0001860,2021-10-02 00:01:22.868+00,,1314.56,real
abc0001847,2021-10-02 00:01:22.757+00,,142.64,real
abc0001865,2022-03-15 20:55:47.148+00,,30283.58,real
abc0001871,2021-10-01 04:37:21.252+00,,0.0,real
abc0001880,2022-01-19 00:17:59.468+00,,919.34,real
abc0001881,2022-01-27 19:41:07.937+00,,51.08,real
abc0001884,2021-10-02 00:01:23.029+00,,2938.47,real
abc0001888,2021-10-02 00:01:23.053+00,,7669.58,real
abc0001892,2021-10-02 00:01:23.094+00,,481.95,real
abc0001893,2021-10-01 04:37:21.528+00,,0.0,real
abc0001894,2023-03-30 02:07:33.993+00,,1009.1,real
abc0001879,2022-02-24 00:29:29.16+00,,914.14,real
abc0001897,2023-03-30 02:07:34.12+00,,620951.81,real
abc0001898,2021-10-02 00:01:23.169+00,,100.1,real
abc0001901,2021-10-01 04:37:21.631+00,,0.0,real
abc0001902,2021-10-02 00:01:23.193+00,,8605.31,real
abc0001904,2021-10-01 04:37:21.688+00,,0.0,real
abc0001906,2021-10-01 04:37:21.722+00,,0.0,real
abc0001907,2021-10-01 04:37:21.743+00,,0.0,real
abc0001909,2021-10-02 00:01:23.26+00,,282.14,real
abc0001912,2023-03-30 02:07:34.628+00,,40959.91,real
abc0001915,2021-10-02 00:01:23.327+00,,18986.31,real
abc0001905,2021-10-02 00:01:23.222+00,,250.6,real
abc0001919,2022-06-13 23:59:04.678+00,,70833.63,real
abc0001921,2021-10-01 04:37:21.977+00,,0.0,real
abc0001890,2021-10-02 00:01:23.072+00,,6719.36,real
abc0001923,2021-03-15 03:00:07.661+00,,216.18,test
abc0001939,2023-03-30 02:07:35.512+00,,38035.83,real
abc0001938,2021-10-02 00:01:23.509+00,,125.0,real
abc0001943,2021-10-02 00:01:23.573+00,,282.23,real
abc0001565,2021-10-02 00:01:20.794+00,,1201.39,real
abc0001942,2021-10-02 00:01:23.56+00,,38388.14,real
abc0001950,2021-10-01 04:37:22.363+00,,0.0,real
abc0001953,2021-10-01 04:37:22.405+00,,0.0,real
abc0001948,2021-10-02 00:01:23.6+00,,5.45,real
abc0001956,2021-10-01 04:37:22.45+00,,0.0,real
abc0001961,2021-10-01 04:37:22.525+00,,0.0,real
abc0001971,2021-10-02 00:01:23.776+00,,176.37,real
abc0001975,2022-01-19 00:29:27.228+00,,12940.9,real
abc0001987,2022-06-04 13:50:56.186+00,,3796.89,real
abc0001989,2022-02-21 13:30:45.611+00,,28654.98,real
abc0001999,2021-10-02 00:01:23.967+00,,42.0,real
abc0002000,2021-10-02 00:01:23.977+00,,59.69,real
abc0002010,2023-03-30 02:07:37.596+00,,65503.9,real
abc0002012,2023-03-30 02:07:38.051+00,,8689137.19,real
abc0001422,2021-10-02 00:01:20.172+00,,15.3,real
abc0002014,2020-12-15 04:31:45.016+00,,0.0,real
abc0002020,2020-12-15 06:06:28.819+00,,1296.79,real
abc0001867,2022-03-17 19:59:38.198+00,,-1836.77,real
abc0001928,2020-12-16 11:00:26.284+00,,-0.92,test
abc0001836,2021-10-02 00:01:22.694+00,,780.07,real
abc0002024,2020-12-15 15:23:14.33+00,,0.0,real
abc0002025,2020-12-15 16:19:23.921+00,,28822.21,real
abc0001600,2021-10-02 00:01:21.068+00,,1048.9,real
abc0002027,2021-01-11 13:11:48.111+00,,-210.0,real
abc0002027,2022-10-02 15:55:52.598+00,,12229.56,real
abc0002029,2022-04-21 01:16:43.819+00,,9121.97,real
abc0002032,2021-01-07 18:51:10.639+00,,359.99,real
abc0002040,2020-12-16 04:08:57.497+00,,0.0,real
abc0002049,2021-05-20 03:49:38.801+00,,39678.5,real
abc0001235,2021-10-02 00:01:18.784+00,,384.48,real
abc0002035,2021-04-01 08:14:35.568+00,,3398.16,real
abc0001928,2021-10-02 00:01:23.427+00,,-2.26,real
abc0002055,2020-12-16 16:28:57.331+00,,1.0,real
abc0001760,2021-10-01 04:37:19.704+00,,0.0,real
abc0002062,2020-12-17 00:15:18.638+00,,0.0,real
abc0002069,2020-12-21 22:43:19.55+00,,230.17,test
abc0002070,2020-12-17 07:14:55.189+00,,0.0,real
abc0002071,2021-02-05 05:22:37.202+00,,6.78,real
abc0002072,2020-12-17 08:04:46.517+00,,24121.56,real
abc0002074,2023-02-22 04:54:10.698+00,,-1375.3492,real
abc0002086,2020-12-22 10:14:00.362+00,,531.75,real
abc0002092,2022-01-25 14:24:42.68+00,,102.1,real
abc0002094,2020-12-17 18:57:58.223+00,,1.0,real
abc0001714,2021-12-05 13:45:33.805+00,,9725.2,real
abc0002098,2021-12-03 01:34:31.671+00,,16911.95,real
abc0002103,2021-03-09 01:46:35.907+00,,6098.05,real
abc0002108,2020-12-18 17:05:32.248+00,,0.53,real
abc0001317,2021-10-02 00:01:19.353+00,,717.15,real
abc0002126,2021-02-05 05:23:10.892+00,,-1.7999999999999998,real
abc0002127,2020-12-19 02:28:48.543+00,,3.0,real
abc0002132,2021-11-02 21:29:50.751+00,,2922.89,real
abc0002134,2022-06-05 01:07:07.354+00,,83520.83,real
abc0002137,2020-12-19 20:28:01.989+00,,0.0,real
abc0002138,2020-12-20 00:54:39.672+00,,17.47,real
abc0002143,2020-12-20 08:59:37.106+00,,0.0,real
abc0002143,2022-05-23 09:20:26.929+00,,41896.53,real
abc0002145,2021-02-08 00:53:23.305+00,,64.03,real
abc0002065,2021-02-05 05:22:58.057+00,,49.18,real
abc0002172,2020-12-21 04:55:11.224+00,,4.0,real
abc0002168,2023-03-30 02:07:42.676+00,,-466881.45,real
abc0002166,2021-05-14 03:48:07.521+00,,-10356.48,real
abc0002164,2021-05-14 03:50:21.14+00,,-10581.31,real
abc0001910,2021-10-02 00:01:23.281+00,,593.12,real
abc0002171,2021-05-11 05:09:10.871+00,,-10891.83,real
abc0002181,2020-12-21 14:27:52.839+00,,0.0,real
abc0002176,2021-02-05 05:29:59.536+00,,-5216.15,real
abc0002184,2020-12-21 18:23:34.775+00,,0.0,real
abc0002185,2020-12-21 18:33:49.89+00,,0.0,real
abc0001544,2021-10-01 04:37:16.268+00,,0.0,real
abc0002124,2021-02-05 05:23:09.075+00,,59.0,real
abc0002199,2020-12-22 16:29:39.74+00,,0.0,real
abc0001418,2021-10-01 04:37:15.358+00,,0.0,real
abc0002202,2020-12-22 20:35:13.95+00,,7.3,real
abc0002216,2020-12-23 02:08:59.58+00,,0.56,real
abc0001858,2021-12-21 00:01:15.49+00,,-4410.29,real
abc0002178,2022-01-24 02:15:31.504+00,,-1587.38,real
abc0002230,2021-02-05 05:29:05.548+00,,-6562.7,real
abc0002222,2021-05-14 03:39:56.041+00,,-15929.95,real
abc0002237,2020-12-23 15:55:21.733+00,,51.38,real
abc0001891,2021-10-02 00:01:23.084+00,,458.62,real
abc0002243,2020-12-23 23:54:47.16+00,,1926.5,real
abc0002244,2021-03-16 01:04:55.839+00,,-1078.52,real
abc0002250,2020-12-24 14:11:22.156+00,,347.42,real
abc0002254,2021-02-01 11:14:38.091+00,,2911.8,real
abc0002255,2020-12-24 18:01:13.206+00,,1172.39,real
abc0002261,2020-12-25 06:02:48.403+00,,19.83,real
abc0002264,2022-04-13 08:01:18.402+00,,993.58,real
abc0002269,2021-05-13 15:30:02.347+00,,3622.33,real
abc0002279,2020-12-30 02:22:20.114+00,,178.0,test
abc0002282,2020-12-26 04:13:39.989+00,,0.0,real
abc0002285,2022-05-17 11:55:48.341+00,,2885.41,real
abc0002228,2021-02-05 05:25:20.516+00,,-69.99,real
abc0001960,2021-10-02 00:01:23.691+00,,382.02,real
abc0002303,2022-05-23 13:33:14.491+00,,8160.92,real
abc0002304,2020-12-29 04:32:18.586+00,,21.11,real
abc0002305,2023-03-30 02:07:46.674+00,,306.82,real
abc0002313,2021-02-05 05:27:18.214+00,,1.23,real
abc0002177,2021-05-11 05:09:10.899+00,,-70.83,real
abc0002320,2020-12-28 02:09:55.732+00,,0.0,real
abc0002321,2020-12-28 02:10:00.367+00,,0.0,real
abc0002334,2020-12-28 13:41:43.148+00,,0.0,real
abc0002337,2020-12-28 15:21:31.645+00,,6.0,real
abc0002283,2021-02-05 05:26:45.387+00,,2.95,real
abc0002351,2022-06-10 03:10:32.1+00,,4177.77,real
abc0002353,2021-02-16 13:17:11.135+00,,1242.07,real
abc0002354,2020-12-29 08:56:10.97+00,,0.2,real
abc0002364,2022-01-02 13:03:33.952+00,,3867.29,real
abc0002372,2022-06-22 09:36:54.796+00,,33330.03,real
abc0002315,2022-02-14 19:21:23.05+00,,8951.13,real
abc0002381,2020-12-30 10:48:12.133+00,,0.0,real
abc0002402,2021-06-30 03:47:49.262+00,,-110.58,real
abc0002405,2021-08-18 09:20:33.369+00,,3162.85,real
abc0002301,2020-12-31 17:52:51.368+00,,25.24,real
abc0002414,2021-01-01 02:19:39.692+00,,0.0,real
abc0002416,2021-01-22 17:36:25.438+00,,103.86,real
abc0002419,2021-01-01 12:13:40.956+00,,0.0,real
abc0002420,2021-01-03 17:24:32.858+00,,576.07,real
abc0002266,2022-01-03 10:25:28.272+00,,-165.02,real
abc0002424,2022-12-09 15:24:33.551+00,,3278703.2104,real
abc0002047,2021-02-28 11:49:08.725+00,,327.0,real
abc0001803,2021-10-02 00:01:22.449+00,,1294.34,real
abc0001738,2021-10-01 04:37:19.345+00,,0.0,real
abc0002441,2021-01-03 04:55:45.964+00,,0.0,real
abc0002441,2021-01-03 04:55:45.973+00,,0.0,real
abc0002444,2021-01-03 08:41:20.931+00,,0.0,real
abc0001759,2021-10-02 00:01:22.143+00,,48.5,real
abc0002455,2021-01-03 21:42:40.414+00,,1.0,real
abc0002246,2021-12-28 16:24:34.219+00,,30772.06,real
abc0002469,2021-01-04 18:07:43.194+00,,0.0,real
abc0002427,2022-11-28 02:36:39.704+00,,830.1351,real
abc0001366,2021-10-02 00:01:19.757+00,,16915.18,real
abc0002480,2021-01-08 00:01:25.892+00,,31.6,real
abc0002233,2021-01-06 05:24:20.856+00,,140.0,real
abc0002486,2021-08-30 23:47:56.365+00,,312.14,real
abc0002260,2021-05-03 08:06:22.534+00,,5756.78,real
abc0002508,2021-01-06 17:38:42.602+00,,9910.48,real
abc0002507,2021-01-06 19:21:08.16+00,,4.0,test
abc0002463,2021-01-06 23:09:55.496+00,,4.0,real
abc0002519,2021-07-28 07:10:48.701+00,,996.72,real
abc0002531,2023-03-30 02:07:53.77+00,,10023.29,real
abc0002293,2021-01-07 23:00:46.558+00,,7039.99,real
abc0002348,2021-07-08 00:01:21.696+00,,-268.48,real
abc0002551,2021-03-08 10:39:31.391+00,,1269.05,real
abc0002554,2021-01-08 23:40:43.799+00,,8013.77,real
abc0002557,2021-01-09 00:09:16.317+00,,7.59,real
abc0002410,2021-02-05 05:29:34.407+00,,48.55,real
abc0002602,2021-01-10 14:40:12.381+00,,0.0,real
abc0002275,2021-09-30 16:26:57.241+00,,1314.99,real
abc0002605,2021-02-05 05:34:02.099+00,,1.0,real
abc0001714,2021-10-02 00:01:21.815+00,,-110.0,real
abc0002638,2021-01-12 08:47:39.66+00,,9.48,real
abc0002626,2021-02-05 05:34:49.707+00,,60.9,real
abc0002647,2021-01-12 17:05:03.672+00,,0.0,real
abc0002659,2021-01-13 09:00:26.702+00,,0.0,real
abc0002494,2021-03-23 03:18:14.197+00,,113.0,test
abc0002674,2021-01-13 17:03:05.566+00,,243.26,test
abc0002675,2021-04-14 18:07:26.902+00,,-12.39,real
abc0002693,2021-06-15 19:09:12.389+00,,105566.53,real
abc0002090,2021-01-15 07:44:27.394+00,,10.92,real
abc0002624,2021-12-22 12:48:38.597+00,,177.82,real
abc0002494,2021-03-11 15:52:02.781+00,,-4865.32,real
abc0002730,2021-02-23 16:29:56.843+00,,1089.65,real
abc0001963,2021-10-01 04:37:22.555+00,,0.0,real
abc0002742,2021-03-18 11:09:58.003+00,,4042.05,real
abc0002483,2023-03-30 02:07:52.375+00,,-153.02999999999997,real
abc0002540,2021-11-08 13:41:20.266+00,,394.12,real
abc0002769,2021-01-18 09:19:34.606+00,,47.6,real
abc0002770,2022-12-09 09:24:29.411+00,,2998.07,real
abc0001785,2021-03-04 15:04:06.054+00,,605.22,test
abc0002773,2021-05-01 20:27:50.664+00,,75.97,real
abc0002242,2021-02-05 05:25:37.719+00,,89.99,real
abc0002784,2021-01-19 05:09:56.621+00,,20.0,real
abc0002808,2021-01-19 18:45:59.228+00,,0.0,real
abc0002813,2021-01-20 13:24:48.916+00,,7.09,real
abc0002535,2021-01-20 06:52:55.004+00,,35.41,real
abc0002790,2022-05-13 02:07:19.254+00,,-24807.35,real
abc0002435,2021-06-18 14:01:45.775+00,,3064.83,real
abc0002242,2021-04-17 18:12:46.553+00,,430.95,real
abc0002743,2022-12-11 01:01:11.122+00,,24543.0336,real
abc0002174,2021-01-22 05:28:35.739+00,,0.0,real
abc0002877,2021-01-24 18:02:45.696+00,,22.0,real
abc0002888,2021-02-05 05:40:40.778+00,,2.0,real
abc0001145,2021-10-01 04:37:11.785+00,,0.0,real
abc0002900,2021-01-24 00:15:41.366+00,,86.5,real
abc0002902,2021-12-31 03:40:50.328+00,,1516.22,real
abc0002909,2024-03-14 19:52:20.991+00,,-3190.9781999999996,real
abc0002929,2021-01-25 10:17:08.652+00,,486.3,real
abc0002951,2021-02-05 05:41:55.569+00,,71.63,real
abc0002973,2021-02-15 00:01:31.854+00,,500.09,real
abc0002607,2021-03-14 06:15:51.256+00,,3247.78,real
abc0002989,2021-01-28 04:04:16.644+00,,59.71,real
abc0002066,2021-02-04 01:43:41.729+00,,-10.0,test
abc0003010,2021-01-29 16:56:45.098+00,,170.0,real
abc0002822,2023-01-03 00:01:26.192+00,,1201.3924,test
abc0003026,2021-02-05 05:43:55.047+00,,-4.9,real
abc0002623,2021-03-12 02:58:29.115+00,,331.04,real
abc0002990,2023-12-02 02:06:44.672+00,,-14057.398,real
abc0003040,2021-01-30 16:54:15.813+00,,0.0,real
abc0003040,2021-01-30 16:54:15.821+00,,0.0,real
abc0002736,2021-02-05 05:37:14.51+00,,50.08,real
abc0003045,2021-01-31 01:06:46.416+00,,18518.49,real
abc0003054,2021-11-13 16:49:05.309+00,,35.6,real
abc0003060,2022-02-13 23:43:03.449+00,,20782.47,real
abc0002847,2021-05-13 00:50:33.577+00,,2020.13,real
abc0002215,2021-11-07 07:52:50.345+00,,11115.05,real
abc0003071,2021-08-11 14:29:41.432+00,,2678.26,real
abc0003069,2022-06-07 23:51:16.322+00,,2169.57,real
abc0002926,2022-03-10 00:01:26.118+00,,-818.64,real
abc0002944,2021-02-03 03:15:28.587+00,,1.52,real
abc0003032,2021-02-04 02:13:38.404+00,,223.0,test
abc0003075,2021-02-12 07:59:13.603+00,,-22.25,real
abc0003112,2021-02-03 03:54:31.601+00,,4.28,real
abc0003115,2021-02-02 18:12:48.246+00,,0.0,real
abc0003118,2022-01-29 19:44:50.704+00,,514.13,real
abc0002618,2021-02-03 15:56:47.56+00,,6.01,real
abc0002939,2021-02-04 09:34:28.479+00,,7.72,real
abc0003147,2021-02-05 05:46:03.967+00,,3.55,real
abc0003042,2021-02-05 05:44:17.908+00,,55.36,real
abc0003033,2022-09-21 07:21:06.024+00,,2315.8,test
abc0003161,2021-11-21 11:02:12.596+00,,8041.29,real
abc0001582,2022-06-07 16:36:07.932+00,,16215.87,real
abc0003129,2021-04-23 18:08:27.023+00,,2276.93,real
abc0003146,2021-02-04 20:12:48.644+00,,21.34,real
abc0003171,2021-02-04 20:43:04.429+00,,0.0,real
abc0001556,2024-03-23 00:01:41.036+00,,-99987.7952,real
abc0003185,2021-02-05 08:04:56.698+00,,0.0,real
abc0003188,2021-03-04 16:53:45.454+00,,3205.34,real
abc0003187,2022-02-17 19:14:51.179+00,,37461.18,real
abc0003175,2021-02-05 17:28:08.463+00,,0.78,real
abc0002937,2021-02-06 19:29:49.48+00,,100.0,real
abc0003215,2021-02-07 01:47:26.056+00,,0.99,test
abc0002653,2021-02-07 04:09:18.494+00,,119.0,real
abc0002612,2021-07-08 00:01:23.688+00,,758.59,real
abc0003189,2022-02-19 10:35:29.778+00,,25385.96,real
abc0003063,2021-04-24 15:47:10.974+00,,236.29,real
abc0003239,2021-02-09 02:06:09.978+00,,5.01,real
abc0003283,2023-03-30 02:08:16.703+00,,212.0,real
abc0002534,2021-02-09 17:07:10.241+00,,58.53,real
abc0002716,2021-02-10 02:19:21.672+00,,134.4,real
abc0003289,2021-02-09 23:03:32.279+00,,0.0,real
abc0003290,2021-02-10 00:29:05.708+00,,14.54,real
abc0003292,2021-02-10 01:06:47.953+00,,33.54,test
abc0003301,2021-02-10 07:55:59.51+00,,1.0,real
abc0003310,2021-02-10 13:41:39.516+00,,5.0,real
abc0003020,2022-07-09 10:14:59.858+00,,14754.4,real
abc0002566,2022-02-28 05:17:19.33+00,,5585.04,real
abc0003270,2021-08-24 05:36:00.809+00,,-4005.08,real
abc0003337,2021-02-27 15:54:00.479+00,,13.31,real
abc0003343,2021-02-11 18:51:21.131+00,,0.0,real
abc0002148,2021-02-12 02:00:27.859+00,,33.12,real
abc0002962,2021-03-31 08:55:27.215+00,,159.99,real
abc0003354,2022-02-26 08:52:34.388+00,,-1709.13,real
abc0003362,2021-02-12 14:54:53.865+00,,10.21,real
abc0003294,2021-02-13 01:23:03.366+00,,5.72,real
abc0003391,2021-02-13 02:49:38.068+00,,5.72,real
abc0003408,2021-02-13 15:26:11.234+00,,5.72,real
abc0003410,2021-02-16 16:58:23.157+00,,39.62,real
abc0003429,2021-02-14 12:21:43.374+00,,2.03,real
abc0003416,2021-02-15 05:53:12.856+00,,2.0,real
abc0003284,2021-10-11 17:58:19.582+00,,-1312.8899999999999,real
abc0003341,2021-08-16 07:47:17.255+00,,-1029.2199999999998,real
abc0003120,2021-02-16 02:41:41.392+00,,-930.0,real
abc0003461,2021-05-11 20:59:16.089+00,,429.19,real
abc0003498,2021-02-16 18:05:30.258+00,,1592.4,real
abc0003513,2021-02-17 04:07:31.324+00,,0.0,real
abc0003449,2021-02-18 00:11:41.424+00,,10.05,real
abc0003545,2021-02-18 01:45:06.491+00,,18.07,real
abc0003549,2021-02-18 04:51:29.659+00,,28.38,real
abc0003562,2021-02-18 14:28:19.331+00,,5.25,real
abc0003578,2021-02-19 08:25:13.893+00,,293.31,real
abc0003580,2021-02-19 10:25:34.593+00,,0.0,real
abc0003601,2021-02-20 01:29:38.277+00,,11.0,real
abc0003619,2021-02-20 13:49:16.207+00,,2.0,real
abc0003534,2021-07-08 00:01:30.512+00,,-119.12,real
abc0003629,2021-02-24 20:15:48.747+00,,4738.6,real
abc0003306,2021-02-21 10:15:34.396+00,,27.33,real
abc0003645,2022-08-26 01:29:29.356+00,,379.67,real
abc0003645,2022-04-06 08:38:34.538+00,,35.0,real
abc0002495,2021-03-06 21:52:25.272+00,,28.12,test
abc0003430,2021-07-08 00:01:29.768+00,,-176.94,real
abc0001689,2021-12-22 00:01:13.75+00,,-1861.0499999999997,real
abc0003686,2022-11-26 22:50:31.401+00,,4247.0922,real
abc0003539,2022-01-21 23:59:15.18+00,,12270.29,real
abc0003591,2021-02-24 15:18:20.502+00,,234.63,test
abc0003478,2021-03-02 21:22:49.547+00,,277.3,real
abc0003719,2022-02-06 22:54:46.422+00,,19789.77,real
abc0003231,2021-05-02 21:37:41.256+00,,11577.26,real
abc0003257,2021-02-25 22:27:54.131+00,,152.3,real
abc0003738,2022-03-25 17:26:25.522+00,,637.88,real
abc0003526,2021-06-21 21:05:18.043+00,,293.52,real
abc0003692,2022-04-26 12:29:03.741+00,,10209.0,real
abc0003761,2021-02-26 07:11:02.056+00,,3.0,real
abc0002317,2022-01-06 17:46:23.896+00,,5219.84,real
abc0003729,2021-02-26 22:42:22.461+00,,16.74,real
abc0003775,2021-07-19 18:46:51.318+00,,9363.31,real
abc0003209,2021-02-27 00:49:18.991+00,,100.0,test
abc0003159,2021-02-28 16:08:47.339+00,,120.32,real
abc0003741,2021-03-06 19:24:21.405+00,,17.03,real
abc0003770,2022-06-06 01:05:11.837+00,,2225.47,real
abc0003677,2021-03-09 09:20:55.58+00,,-125.0,real
abc0003846,2021-03-02 19:30:22.764+00,,703.9,real
abc0003762,2022-01-06 09:02:27.084+00,,2292.8,real
abc0003851,2022-04-20 18:41:06.235+00,,24283.06,real
abc0001813,2021-03-04 08:48:35.954+00,,17.24,test
abc0003033,2023-03-30 02:08:09.547+00,,-156917.78389999998,real
abc0001424,2021-10-01 04:37:15.443+00,,0.0,real
abc0003847,2021-03-22 10:04:05.782+00,,1991.92,real
abc0003901,2021-12-10 15:09:19.303+00,,100.67,test
abc0003757,2021-07-21 11:09:10.537+00,,11972.02,test
abc0003918,2021-03-04 17:36:19.641+00,,209.7,test
abc0003925,2022-03-20 00:58:54.116+00,,396.81,real
abc0003928,2021-03-04 20:56:25.948+00,,1.0,real
abc0003363,2021-03-05 07:56:06.578+00,,-131.75,real
abc0003834,2021-03-05 07:43:01.749+00,,15.0,real
abc0003951,2023-04-04 09:17:13.26+00,,-434.72,real
abc0003048,2021-03-06 23:50:10.832+00,,0.49,real
abc0003978,2021-03-07 17:27:53.453+00,,1.0,real
abc0003983,2021-03-07 18:32:19.642+00,,0.0,real
abc0003964,2021-03-08 18:38:57.116+00,,838.0,real
abc0004004,2021-07-17 00:46:40.273+00,,7.0,real
abc0004012,2021-03-09 05:07:14.051+00,,2059.53,real
abc0004018,2021-05-22 00:02:41.072+00,,23157.66,real
abc0003991,2021-03-09 00:18:17.923+00,,6.06,real
abc0003592,2021-07-08 00:01:30.91+00,,-1060.31,real
abc0004025,2021-04-30 20:43:22.987+00,,64.85,real
abc0004047,2021-03-17 23:54:07.929+00,,108.02,real
abc0002846,2021-03-10 14:29:41.796+00,,15.04,real
abc0003420,2021-05-07 18:27:42.829+00,,5650.32,real
abc0002495,2022-06-22 01:59:09.008+00,,-6765.94,real
abc0004089,2021-08-14 14:40:50.583+00,,81010.1,real
abc0004094,2022-02-18 17:14:40.164+00,,33866.39,real
abc0003588,2022-04-25 00:39:18.661+00,,1985.8,real
abc0004073,2021-03-16 09:48:32.595+00,,26.8,real
abc0002654,2021-03-12 04:32:56.963+00,,51.82,real
abc0004026,2023-08-24 07:45:49.079+00,,-418466.4731,real
abc0003401,2022-04-27 09:06:40.622+00,,7462.98,real
abc0004131,2021-03-13 03:42:35.401+00,,4.0,real
abc0004145,2021-03-13 22:07:34.172+00,,18.82,real
abc0004154,2023-05-18 18:57:02.631+00,,-821.33,real
abc0004157,2022-04-05 18:56:35.18+00,,494.46,real
abc0003951,2022-05-25 21:26:06.637+00,,31032.95,real
abc0003760,2022-05-26 19:41:40.234+00,,2970.83,real
abc0004196,2021-09-30 11:48:35.172+00,,29.89,real
abc0003584,2021-03-15 22:36:29.294+00,,13.9,real
abc0004178,2022-01-15 20:51:46.128+00,,143672.65,real
abc0001704,2021-10-01 04:37:18.767+00,,0.0,real
abc0004203,2021-03-17 02:56:47.265+00,,1.77,real
abc0003351,2023-08-14 10:53:29.153+00,,-5496.3892,real
abc0004211,2022-06-11 18:07:30.784+00,,5196.58,real
abc0002869,2023-01-18 06:39:57.198+00,,-96.09300000000002,real
abc0004194,2021-09-19 09:42:49.023+00,,747.9900000000001,real
abc0003783,2021-03-17 18:47:22.081+00,,593.63,real
abc0004270,2021-12-31 00:01:30.646+00,,-4999.25,real
abc0004264,2021-03-18 20:00:51.309+00,,264.05,real
abc0004294,2021-06-27 08:14:22.81+00,,22091.11,real
abc0003919,2021-03-19 03:02:36.576+00,,22.0,real
abc0004233,2021-03-19 02:26:08.438+00,,17.0,real
abc0003764,2023-03-30 02:08:31.058+00,,-1551.0700000000002,real
abc0004279,2021-03-24 22:13:37.392+00,,17.55,real
abc0003949,2021-03-19 15:37:16.98+00,,6.2,real
abc0004207,2021-10-16 00:01:29.117+00,,-1289.81,real
abc0004320,2021-03-20 11:26:33.943+00,,6.92,real
abc0003971,2023-04-22 22:24:37.89+00,,2207.17,test
abc0004172,2021-03-20 17:48:24.608+00,,124.44,real
abc0004250,2021-03-21 06:22:31.278+00,,1.0,real
abc0004339,2021-03-21 08:58:53+00,,0.0,real
abc0003721,2022-04-13 00:01:27.745+00,,-65.15,real
abc0004265,2022-06-04 12:13:49.754+00,,7989.32,real
abc0004348,2021-03-22 05:37:36.233+00,,15.0,real
abc0003756,2021-04-21 10:39:29.876+00,,601.93,test
abc0004358,2021-03-22 06:52:46.764+00,,47623.29,real
abc0003879,2021-05-10 13:29:21.722+00,,10395.86,test
abc0003755,2021-04-21 10:26:38.914+00,,51.32,test
abc0003758,2021-03-23 08:03:07.719+00,,1.01,test
abc0003930,2022-06-12 08:28:06.426+00,,324673.01,real
abc0004403,2021-03-23 12:11:26.248+00,,313.56,real
abc0004437,2021-03-24 15:40:17.028+00,,1.37,real
abc0003843,2023-04-22 00:01:51.071+00,,-19.33,real
abc0003753,2021-04-22 02:22:59.9+00,,328.01,test
abc0004468,2021-03-25 13:33:21.756+00,,6.0,real
abc0004469,2021-03-25 14:45:09.378+00,,25.04,real
abc0004476,2021-03-25 22:56:30.85+00,,11.83,test
abc0004455,2021-03-26 05:05:32.492+00,,38.29,real
abc0003377,2021-03-25 16:21:08.175+00,,32.78,real
abc0003330,2021-05-08 23:38:31.752+00,,579.32,real
abc0003971,2024-03-22 16:46:49.007+00,,-80635.10639999999,real
abc0004031,2021-03-26 11:51:04.692+00,,176.68,real
abc0004019,2021-07-08 00:01:34.25+00,,-247.56,real
abc0004439,2022-10-28 18:13:47.472+00,,2162346.62,real
abc0004086,2022-03-25 21:04:22.361+00,,10307.8,real
abc0004476,2021-09-28 23:32:31.209+00,,1745.76,real
abc0004512,2021-03-27 11:41:15.175+00,,6.01,real
abc0004442,2022-05-11 00:52:25.425+00,,98.15,real
abc0004539,2021-03-28 05:41:54.086+00,,2.0,real
abc0004539,2022-06-11 01:22:25.556+00,,14734.8,real
abc0004544,2021-03-28 14:53:30.531+00,,0.3,real
abc0004521,2021-03-28 15:11:49.667+00,,3.0,real
abc0004427,2021-03-28 23:17:08.372+00,,120.0,real
abc0002362,2021-03-29 02:05:16.281+00,,21.25,real
abc0004084,2021-03-29 23:40:15.53+00,,10.61,real
abc0004464,2022-02-17 10:15:53.283+00,,8.45,test
abc0004477,2021-03-30 07:21:14.729+00,,488.14,real
abc0003993,2023-03-30 02:08:38.097+00,,-1093.11,real
abc0004562,2021-03-30 00:42:21.517+00,,10.0,real
abc0004367,2021-03-30 14:24:11.064+00,,1940.0,real
abc0002996,2023-04-26 10:25:57.272+00,,759.3757999999999,real
abc0004611,2021-03-31 00:09:51.831+00,,55.32,real
abc0003757,2024-02-28 11:04:14.988+00,,-988712.6278000001,real
abc0004458,2021-05-04 02:07:45.007+00,,287.23,real
abc0003591,2022-11-28 06:56:37.345+00,,-2952.3731,real
abc0004627,2021-04-02 10:20:40.615+00,,-280.0,real
abc0003500,2021-04-02 15:34:55.928+00,,822.0,real
abc0004656,2021-04-02 23:26:58.908+00,,10.0,real
abc0004342,2021-12-23 19:17:12.008+00,,2666.2,real
abc0004516,2021-04-03 20:59:56.671+00,,15.0,real
abc0004684,2021-06-26 10:38:48.018+00,,351.54,real
abc0004687,2021-04-09 16:32:19.03+00,,166.92,test
abc0004642,2021-04-16 04:47:58.214+00,,-88.0,real
abc0004696,2021-04-04 15:50:56.727+00,,37.95,real
abc0003434,2021-06-03 11:24:38.933+00,,24.0,real
abc0003894,2021-04-05 05:52:53.504+00,,30.0,real
abc0004712,2021-04-05 06:52:09.447+00,,5.0,test
abc0004424,2022-05-04 05:17:43.591+00,,-67326.82,real
abc0001861,2021-10-02 00:01:22.878+00,,9.0,real
abc0004470,2022-05-26 04:29:41.83+00,,7163.25,real
abc0004733,2021-04-06 05:50:00.027+00,,20.0,real
abc0004742,2021-07-13 09:46:04.381+00,,608.36,real
abc0004390,2021-05-09 17:28:40.153+00,,211.29,real
abc0004307,2021-12-31 15:48:15.383+00,,255.36,real
abc0004748,2021-06-08 09:43:53.732+00,,1214.74,real
abc0004753,2021-07-08 00:01:39.866+00,,-6386.88,real
abc0003195,2022-09-06 11:22:58.389+00,,697.36,real
abc0004788,2022-03-15 00:49:47.005+00,,108967.92,real
abc0004797,2021-04-08 19:30:08.597+00,,0.0,real
abc0004797,2021-04-08 19:30:08.606+00,,0.0,real
abc0004709,2023-05-02 00:21:33.092+00,,-1237.0973,real
abc0004745,2021-04-13 00:01:26.863+00,,19.97,real
abc0004084,2022-06-26 13:27:35.14+00,,4158.58,real
abc0003909,2021-12-24 00:01:28.412+00,,-25474.29,real
abc0003133,2021-04-10 12:46:29.641+00,,112.0,real
abc0004715,2021-07-08 00:01:39.511+00,,2712.9300000000003,test
abc0004834,2021-11-06 00:01:43.399+00,,33.05,real
abc0004845,2022-06-25 00:01:38.595+00,,-1.37,real
abc0004836,2021-11-04 22:45:44.614+00,,1992.47,real
abc0002873,2021-04-11 06:32:45.65+00,,61.69,real
abc0002859,2021-04-11 08:58:23.075+00,,103.67,real
abc0004822,2021-12-07 00:01:34.376+00,,-6055.66,real
abc0004406,2021-06-17 09:15:10.236+00,,1502.09,real
abc0004603,2022-09-01 04:31:21.469+00,,6643.39,real
abc0004863,2021-04-19 00:01:42.114+00,,1128.24,real
abc0004359,2021-04-12 13:07:02.784+00,,873.98,real
abc0004810,2021-12-09 23:09:27.637+00,,188.04999999999995,real
abc0004898,2021-04-13 04:55:00.598+00,,17.87,real
abc0004759,2022-09-02 04:30:41.919+00,,3722.2299999999987,test
abc0004895,2021-04-13 13:27:11.487+00,,209.1,real
abc0004790,2021-04-13 13:57:25.056+00,,15.0,real
abc0004922,2021-04-13 15:37:54.832+00,,0.0,real
abc0004941,2021-07-08 00:01:41.36+00,,3485.97,test
abc0001376,2021-10-02 00:01:19.844+00,,-297.81,real
abc0002865,2022-03-02 14:29:47.483+00,,69.19,test
abc0004713,2021-04-14 13:24:41.155+00,,0.0,real
abc0004884,2021-04-15 06:16:04.533+00,,19.27,test
abc0004944,2021-04-14 15:11:50.271+00,,30.05,real
abc0004959,2022-04-18 19:26:08.484+00,,1804.22,real
abc0004580,2021-04-15 04:59:26.704+00,,7.489999999999998,test
abc0004936,2021-06-15 02:01:36.398+00,,-24.01,real
abc0002197,2021-04-19 15:22:09.688+00,,2845.0,real
abc0004946,2022-06-10 20:56:19.705+00,,15380.71,real
abc0004693,2021-04-16 11:02:49.878+00,,50.92,real
abc0004389,2021-06-15 02:01:36.374+00,,-7.73,real
abc0004878,2021-04-23 03:13:25.285+00,,-876.24,real
abc0003763,2021-04-16 21:52:39.007+00,,51.8,real
abc0002349,2023-03-30 02:07:48.115+00,,-12018.049999999997,real
abc0004642,2021-04-17 02:09:44.458+00,,10.0,real
abc0001681,2021-10-02 00:01:21.601+00,,493.0,real
abc0002736,2021-04-17 10:40:32.406+00,,0.0,real
abc0004625,2021-04-18 00:21:36.082+00,,58.47,real
abc0004972,2021-10-01 07:49:59.606+00,,32280.22,real
abc0004644,2021-08-06 17:14:21.985+00,,14472.71,real
abc0005014,2021-04-21 18:57:51.853+00,,6421.6,real
abc0005054,2021-04-19 18:53:20.824+00,,6.01,test
abc0004393,2024-02-23 19:04:43.007+00,,328.1266,real
abc0005074,2021-04-20 08:01:13.141+00,,1444.47,real
abc0004001,2022-10-26 13:45:43.854+00,,1939.67,test
abc0004605,2021-06-23 12:12:13.73+00,,240.92,test
abc0004529,2022-01-08 10:28:56.92+00,,39.74,real
abc0003884,2021-04-26 03:35:02.102+00,,4950.64,real
abc0004528,2021-10-13 03:28:43.595+00,,-8278.67,real
abc0004744,2021-04-21 07:08:51.113+00,,5.01,real
abc0003058,2021-04-29 09:23:28.513+00,,437.12,real
abc0005036,2021-11-19 22:07:10.556+00,,888.51,real
abc0005095,2023-08-15 00:03:17.95+00,,-51952.7768,real
abc0005054,2021-04-22 17:09:55.328+00,,11.6,real
abc0005123,2021-04-22 17:09:55.186+00,,13.86,real
abc0004666,2021-08-06 10:51:45.323+00,,1797.12,real
abc0003785,2023-04-28 03:53:27.042+00,,-197.03,real
abc0005135,2021-04-23 09:00:20.643+00,,6.45,real
abc0002865,2024-03-23 00:02:49.458+00,,-250121.27,real
abc0003695,2022-02-25 17:33:44.199+00,,-815.47,real
abc0004841,2021-04-23 19:11:50.329+00,,5.0,test
abc0004885,2021-06-25 13:42:45.117+00,,1685.76,real
abc0005093,2023-08-25 00:03:07.632+00,,-224963.79270000002,real
abc0005170,2021-04-24 22:38:44.571+00,,69.79,real
abc0003333,2021-04-25 14:09:50.326+00,,116.89,real
abc0001965,2021-10-02 00:01:23.732+00,,9.48,real
abc0004918,2022-06-08 17:36:37.305+00,,188179.3,real
abc0004669,2021-10-25 07:52:00.357+00,,505.54,real
abc0005202,2021-05-02 20:35:37.387+00,,1079.23,real
abc0005211,2021-04-27 01:36:54.783+00,,0.0,real
abc0002631,2023-05-03 00:01:20.729+00,,-372.63,real
abc0005117,2021-04-27 15:35:56.268+00,,494.34,test
abc0003879,2021-07-08 00:01:33.119+00,,-10554.51,real
abc0004899,2021-04-27 17:20:09.925+00,,270.31,real
abc0003220,2021-04-27 21:17:24.684+00,,350.3,real
abc0005204,2021-05-16 15:10:19.461+00,,9224.76,real
abc0005230,2021-04-27 21:30:07.607+00,,48.11,test
abc0005232,2021-04-28 00:23:54.856+00,,10.1,real
abc0004754,2021-06-01 12:35:46.689+00,,292.04,real
abc0005035,2021-06-11 02:00:34.372+00,,44.49,real
abc0005198,2021-04-28 06:36:01.784+00,,10.92,test
abc0005233,2022-04-25 00:39:20.65+00,,1095.55,real
abc0005254,2022-03-04 16:46:50.661+00,,4986.39,real
abc0003085,2021-10-06 18:46:26.045+00,,9413.45,real
abc0005219,2021-04-30 09:30:59.561+00,,41.95,real
abc0004325,2022-01-02 02:24:11.382+00,,1180.6899999999998,real
abc0005058,2021-05-03 10:23:29.909+00,,32.3,real
abc0002997,2021-06-18 15:12:27.832+00,,350.26,real
abc0004715,2021-10-01 07:09:13.27+00,,821.87,real
abc0005321,2021-05-02 20:52:32.408+00,,156.07,real
abc0001958,2021-10-02 00:01:23.668+00,,24.07,real
abc0005336,2021-05-03 02:18:10.068+00,,35.0,real
abc0005141,2021-05-03 02:17:49.855+00,,34.65,test
abc0005301,2022-06-11 09:30:13.586+00,,44520.67,real
abc0001379,2021-10-01 04:37:14.882+00,,0.0,real
abc0005346,2021-12-28 01:57:02.233+00,,-1750.84,real
abc0004388,2022-12-02 00:02:19.334+00,,-1362.2778,real
abc0004289,2021-07-29 07:04:15.872+00,,506.89,real
abc0003214,2021-05-05 20:29:23.935+00,,283.05,real
abc0005396,2022-01-10 04:57:36.787+00,,8824.66,real
abc0005402,2021-05-07 06:52:11.645+00,,215.52,test
abc0005149,2021-05-19 21:15:25.815+00,,828.31,real
abc0005413,2022-11-26 05:55:44.925+00,,4008.87,real
abc0005433,2022-04-22 22:22:05.667+00,,35104.14,real
abc0004198,2021-11-10 19:10:08.548+00,,3256.69,real
abc0005430,2021-05-08 12:30:14.655+00,,49.0,real
abc0005409,2021-05-14 01:33:16.8+00,,-100.0,real
abc0001609,2021-10-01 04:37:17.327+00,,0.0,real
abc0005470,2022-04-04 15:09:18.446+00,,8.0,test
abc0002067,2021-05-11 05:09:10.738+00,,0.0,real
abc0004183,2021-05-11 05:09:11.134+00,,0.0,real
abc0005457,2023-08-10 00:26:28.796+00,,-7009.566000000001,real
abc0005517,2021-07-21 09:37:00.691+00,,11.33,real
abc0004662,2022-03-03 13:42:34.121+00,,1823.1,real
abc0005367,2021-05-13 04:28:25.782+00,,20.0,real
abc0005026,2022-07-17 18:44:55.481+00,,11486.53,real
abc0001405,2021-10-01 04:37:15.205+00,,0.0,real
abc0001526,2021-10-01 04:37:16.06+00,,0.0,real
abc0001594,2021-10-01 04:37:17.069+00,,0.0,real
abc0001611,2021-10-02 00:01:21.143+00,,-41.5,real
abc0001665,2021-10-01 04:37:18.134+00,,0.0,real
abc0001667,2021-10-01 04:37:18.161+00,,0.0,real
abc0001671,2021-10-01 04:37:18.226+00,,0.0,real
abc0001697,2021-10-01 04:37:18.661+00,,0.0,real
abc0001709,2021-10-01 04:37:18.842+00,,0.0,real
abc0001753,2021-10-01 04:37:19.572+00,,0.0,real
abc0004208,2021-05-14 01:55:45.662+00,,0.0,real
abc0001407,2021-10-01 04:37:15.228+00,,0.0,real
abc0004960,2022-01-15 00:01:34.525+00,,-126.43,real
abc0003638,2021-05-14 05:54:13.43+00,,5.28,real
abc0005215,2022-01-25 00:01:36.368+00,,-7788.66,real
abc0005490,2021-05-14 19:36:06.922+00,,5.0,real
abc0002359,2021-07-08 00:01:21.786+00,,99.83,real
abc0001516,2021-10-02 00:01:20.469+00,,-10.0,real
abc0005579,2022-02-13 10:54:59.424+00,,-796.85,real
abc0003232,2022-02-11 22:43:56.506+00,,1950.0,real
abc0005549,2021-05-21 23:18:57.41+00,,1015.09,real
abc0005470,2021-05-17 08:12:48.311+00,,1.0,real
abc0005608,2021-11-11 06:49:19.602+00,,2891.22,real
abc0003130,2022-05-07 12:40:19.72+00,,2290.98,real
abc0005641,2021-09-09 17:45:39.087+00,,798.0,real
abc0005607,2022-04-20 00:01:37.646+00,,-1049.86,real
abc0005607,2022-03-30 03:56:54.694+00,,-7064.37,test
abc0005609,2021-05-19 11:00:48.897+00,,40.24,test
abc0005193,2024-03-07 00:03:51.604+00,,7182.717400000001,test
abc0002935,2021-05-19 22:22:59.878+00,,7.06,real
abc0005637,2021-11-17 16:03:27.292+00,,1915.48,real
abc0004585,2021-05-20 11:26:30.347+00,,275.0,real
abc0005653,2021-05-20 17:01:43.232+00,,5.0,real
abc0004791,2023-02-15 09:41:54.607+00,,12.456399999999974,real
abc0003791,2023-04-05 00:01:48.212+00,,-303.7,real
abc0005702,2021-05-30 11:18:20.333+00,,-10.96,real
abc0005667,2021-05-23 15:39:34.03+00,,132.78,real
abc0004567,2021-05-22 21:52:16.382+00,,1652.55,real
abc0005735,2021-05-23 08:28:32.246+00,,0.0,real
abc0005656,2021-07-13 16:54:39.505+00,,-61.56999999999999,real
abc0005246,2021-05-25 17:55:53.309+00,,38.3,real
abc0005655,2021-05-25 19:21:15.441+00,,10.0,real
abc0005775,2021-07-08 00:01:47.022+00,,95.0,test
abc0005434,2021-08-27 01:04:43.682+00,,8184.64,real
abc0005769,2021-08-21 14:40:48.029+00,,7554.33,real
abc0001086,2022-01-12 23:01:50.327+00,,57893.38,real
abc0004319,2021-05-27 18:11:59.463+00,,-310.0,real
abc0005055,2023-09-14 00:24:21.002+00,,-22906501.625800002,real
abc0005828,2021-08-30 20:35:47.014+00,,140.61,real
abc0005107,2021-05-28 16:27:32.987+00,,15.23,real
abc0005827,2021-06-02 01:29:57.786+00,,-535.73,real
abc0003460,2021-05-29 20:43:40.277+00,,16.39,real
abc0005276,2022-04-15 21:01:37.199+00,,11430.4,real
abc0004447,2021-05-30 04:52:25.478+00,,127.86,real
abc0005103,2021-10-07 03:09:04.554+00,,-442.64,real
abc0005875,2021-05-30 07:56:12.139+00,,43328.44,real
abc0005327,2023-03-30 02:09:19.406+00,,-1141.3043,real
abc0005122,2021-05-30 13:07:58.401+00,,2999.0,real
abc0003014,2024-02-15 06:34:09.815+00,,-1764.2375000000002,real
abc0005484,2021-10-19 20:30:03.495+00,,969.41,real
abc0005887,2021-09-28 20:41:53.661+00,,5933.82,real
abc0005798,2021-06-15 12:23:38.556+00,,107.0,test
abc0004912,2021-08-02 09:12:45.292+00,,66.89,real
abc0005307,2022-04-25 11:34:48.345+00,,5506.66,real
abc0005069,2021-06-01 16:50:14.654+00,,19.22,real
abc0004839,2021-06-01 17:41:08.792+00,,40.0,real
abc0004916,2024-03-19 10:28:01.823+00,,-2829.2446,real
abc0005923,2021-06-02 08:21:18.976+00,,2.49,real
abc0005362,2021-06-09 22:51:41.713+00,,7.32,real
abc0005770,2021-06-03 03:35:14.588+00,,139.96,real
abc0003902,2021-06-15 08:02:45.717+00,,49.98,real
abc0005552,2021-11-16 00:01:32.172+00,,-4102.21,real
abc0005972,2021-06-05 10:51:18.052+00,,28.32,test
abc0005837,2021-06-06 19:35:04.312+00,,145.0,real
abc0004001,2024-03-13 16:21:28.544+00,,-16753.023299999997,real
abc0005724,2021-06-07 05:49:14.724+00,,7.07,real
abc0005195,2024-03-23 08:33:09.836+00,,-1313667.3800000001,real
abc0005993,2021-06-15 16:10:53.007+00,,154.88,real
abc0004448,2022-07-14 00:46:05.547+00,,1953.39,real
abc0005235,2024-03-15 09:12:02.105+00,,1418.8732999999997,test
abc0006043,2021-06-08 13:54:58.124+00,,10.0,real
abc0003524,2022-02-14 02:12:52.857+00,,-552.87,real
abc0004910,2021-06-09 11:43:18.577+00,,370.0,real
abc0004003,2021-06-09 18:07:29.235+00,,708.93,real
abc0006077,2021-06-09 23:11:23.057+00,,10.0,real
abc0001945,2021-10-02 00:01:23.591+00,,150.0,real
abc0006040,2023-03-30 02:09:40.151+00,,-4634.619999999999,real
abc0004760,2021-06-10 14:37:09.039+00,,150.23,real
abc0005992,2021-07-13 15:45:44.255+00,,1128.8,real
abc0005193,2024-01-25 07:15:58.172+00,,-2911.7330000000006,real
abc0006004,2021-07-08 00:01:48.375+00,,15.0,test
abc0005690,2021-06-14 08:41:59.552+00,,-1753.9,real
abc0005872,2021-09-21 23:13:45.605+00,,473.25,real
abc0006126,2022-11-09 22:59:59.174+00,,294.8979,real
abc0004831,2021-06-15 02:06:48.925+00,,-164.99,real
abc0004182,2021-07-08 00:01:35.504+00,,39.5,real
abc0005799,2022-05-30 16:27:48.144+00,,-261.36999999999995,real
abc0006131,2021-07-17 23:46:27.823+00,,1866.55,real
abc0006155,2021-06-18 09:55:24.602+00,,-40.0,real
abc0005954,2021-06-14 18:45:03.128+00,,6.08,real
abc0006161,2021-06-15 01:41:34.045+00,,1.0,real
abc0005235,2024-03-23 07:49:20.882+00,,-17162792.9743,real
abc0004904,2021-06-16 13:01:37.838+00,,86.69,real
abc0005999,2023-08-02 00:03:45.974+00,,-9909.025300000001,real
abc0005790,2022-02-23 16:46:48.375+00,,817.19,real
abc0005226,2021-06-18 19:00:09.28+00,,5.0,real
abc0006240,2023-03-30 02:09:46.305+00,,6503.38,real
abc0006004,2023-12-12 00:04:19.153+00,,-3848.6967999999997,real
abc0004392,2021-06-20 15:15:35.43+00,,5.47,test
abc0006028,2021-07-13 02:07:43.811+00,,-555.76,real
abc0006227,2021-06-21 03:55:12.447+00,,0.0,real
abc0006229,2021-06-21 03:55:13.23+00,,0.0,real
abc0004392,2021-06-28 03:45:28.556+00,,-183.02,real
abc0006284,2021-06-21 19:07:48.416+00,,20.0,test
abc0006312,2021-06-22 18:55:10.864+00,,0.0,real
abc0006314,2021-07-08 00:01:50.39+00,,47.47,real
abc0001607,2021-10-02 00:01:21.112+00,,-41.0,real
abc0004234,2021-06-22 22:03:31.949+00,,44.5,real
abc0006334,2021-07-08 00:01:50.524+00,,10.0,real
abc0006319,2021-06-24 01:34:33.305+00,,3.32,real
abc0006347,2021-06-25 06:54:14.779+00,,6.0,real
abc0006313,2021-08-02 10:44:43.293+00,,48.0,real
abc0003172,2021-06-26 15:39:28.539+00,,25.65,real
abc0006069,2022-01-17 22:46:31.326+00,,1050.01,real
abc0006397,2021-06-29 17:49:54.356+00,,5.0,real
abc0002825,2021-06-28 19:09:23.208+00,,50.0,real
abc0005996,2021-06-29 00:55:09.453+00,,0.0,real
abc0002012,2021-10-01 04:37:23.256+00,,0.0,real
abc0006342,2021-06-30 01:57:31.726+00,,0.0,real
abc0006249,2021-09-27 06:31:59.215+00,,23.6,real
abc0004984,2023-08-22 00:03:03.37+00,,523.0391,test
abc0006385,2021-06-30 14:37:43.751+00,,363.0,real
abc0006462,2021-10-27 00:01:42.234+00,,-66050.0,real
abc0004605,2024-03-13 18:43:28.624+00,,-6067.94,real
abc0005081,2021-12-23 17:19:26.232+00,,-118.86,real
abc0005689,2022-06-17 00:21:49.808+00,,11372.99,real
abc0006508,2021-07-02 11:09:27.594+00,,5.01,real
abc0006510,2021-09-09 16:52:15.646+00,,43.67,real
abc0005376,2022-10-20 10:59:03.328+00,,190.3858,real
abc0005334,2022-05-04 16:08:40.571+00,,656.68,real
abc0006516,2021-07-07 21:28:23.328+00,,35.7,real
abc0003565,2021-07-05 22:09:18.949+00,,527.32,real
abc0006565,2021-07-06 08:42:34.954+00,,7.12,real
abc0005485,2021-07-06 14:14:15.472+00,,57.12,real
abc0001968,2023-03-11 06:25:38.619+00,,2130.4439999999995,real
abc0002483,2021-07-07 06:35:08.679+00,,0.0,test
abc0006551,2021-07-09 07:57:10.94+00,,1.6,test
abc0006592,2021-07-07 10:55:06.842+00,,0.0,real
abc0006519,2021-07-07 18:44:58.063+00,,10.0,real
abc0006574,2021-07-07 18:44:58.128+00,,29.57,real
abc0006603,2021-07-07 20:59:03.632+00,,11.9,real
abc0001435,2022-01-27 15:44:10.568+00,,29.37,real
abc0001452,2021-10-01 04:37:15.815+00,,0.0,real
abc0001511,2021-09-01 04:31:30.533+00,,0.0,test
abc0001516,2021-07-08 00:01:14.861+00,,0.0,test
abc0001574,2021-07-08 00:01:15.249+00,,0.0,test
abc0001600,2021-10-01 04:37:17.166+00,,0.0,real
abc0001676,2021-10-01 04:37:18.314+00,,0.0,real
abc0001682,2021-10-01 04:37:18.409+00,,0.0,real
abc0001703,2021-10-01 04:37:18.746+00,,0.0,real
abc0001715,2021-10-01 04:37:18.956+00,,0.0,real
abc0001726,2021-10-01 04:37:19.137+00,,0.0,real
abc0001739,2021-07-08 00:01:16.44+00,,0.0,test
abc0001769,2021-10-01 04:37:19.837+00,,0.0,real
abc0001773,2021-07-08 00:01:16.686+00,,0.0,test
abc0001775,2021-10-01 04:37:19.931+00,,0.0,real
abc0001775,2021-07-08 00:01:16.711+00,,0.0,test
abc0001785,2021-10-01 04:37:20.083+00,,0.0,real
abc0001787,2021-10-01 04:37:20.11+00,,0.0,real
abc0001788,2021-10-01 04:37:20.125+00,,0.0,real
abc0001791,2021-10-01 04:37:20.174+00,,0.0,real
abc0001795,2021-10-01 04:37:20.244+00,,0.0,real
abc0001795,2021-07-08 00:01:16.88+00,,0.0,test
abc0001797,2021-07-08 00:01:16.904+00,,0.0,test
abc0001798,2021-07-08 00:01:16.919+00,,0.0,test
abc0001801,2021-10-01 04:37:20.326+00,,0.0,real
abc0001803,2021-10-01 04:37:20.357+00,,0.0,real
abc0001811,2021-10-01 04:37:20.491+00,,0.0,real
abc0001825,2021-07-08 00:01:17.137+00,,0.0,test
abc0001832,2021-10-01 04:37:20.76+00,,0.0,real
abc0001832,2021-07-08 00:01:17.183+00,,0.0,test
abc0001838,2021-10-01 04:37:20.854+00,,0.0,real
abc0001842,2021-10-01 04:37:20.869+00,,0.0,real
abc0001848,2021-10-01 04:37:20.929+00,,0.0,real
abc0001849,2021-07-08 00:01:17.318+00,,0.0,test
abc0001864,2021-10-01 04:37:21.17+00,,0.0,real
abc0001873,2021-10-01 04:37:21.275+00,,0.0,real
abc0001874,2021-10-01 04:37:21.29+00,,0.0,real
abc0001877,2021-07-08 00:01:17.524+00,,0.0,test
abc0001885,2021-10-01 04:37:21.421+00,,0.0,real
abc0001891,2021-10-01 04:37:21.488+00,,0.0,real
abc0001901,2021-10-01 04:37:21.626+00,,0.0,real
abc0001908,2021-10-01 04:37:21.756+00,,0.0,real
abc0001913,2021-10-01 04:37:21.849+00,,0.0,real
abc0001914,2021-10-01 04:37:21.864+00,,0.0,real
abc0001916,2021-10-01 04:37:21.892+00,,0.0,real
abc0001923,2021-10-01 04:37:21.998+00,,0.0,real
abc0001929,2021-10-01 04:37:22.086+00,,0.0,real
abc0001929,2021-07-08 00:01:18.003+00,,0.0,test
abc0001931,2021-10-01 04:37:22.114+00,,0.0,real
abc0001932,2021-10-01 04:37:22.135+00,,0.0,real
abc0001934,2021-10-01 04:37:22.157+00,,0.0,real
abc0001934,2021-07-08 00:01:18.057+00,,0.0,test
abc0001934,2021-10-01 04:37:22.165+00,,0.0,real
abc0001935,2021-10-01 04:37:22.171+00,,0.0,real
abc0001936,2021-07-08 00:01:18.091+00,,0.0,test
abc0001936,2021-10-01 04:37:22.188+00,,0.0,real
abc0001940,2021-10-01 04:37:22.245+00,,0.0,real
abc0001941,2021-07-08 00:01:18.163+00,,0.0,test
abc0001952,2021-10-01 04:37:22.391+00,,0.0,real
abc0001955,2021-10-01 04:37:22.428+00,,0.0,real
abc0001960,2021-10-01 04:37:22.503+00,,0.0,real
abc0001960,2021-07-08 00:01:18.337+00,,0.0,test
abc0001966,2021-10-01 04:37:22.603+00,,0.0,real
abc0001967,2021-10-01 04:37:22.618+00,,0.0,real
abc0001973,2021-10-01 04:37:22.714+00,,0.0,real
abc0001978,2021-07-08 00:01:18.518+00,,0.0,test
abc0001979,2021-10-01 04:37:22.81+00,,0.0,real
abc0001979,2021-07-08 00:01:18.538+00,,0.0,test
abc0001980,2021-10-01 04:37:22.828+00,,0.0,real
abc0001981,2021-10-01 04:37:22.84+00,,0.0,real
abc0001985,2021-10-01 04:37:22.869+00,,0.0,real
abc0001986,2021-10-01 04:37:22.891+00,,0.0,real
abc0001988,2022-03-17 15:45:17.36+00,,-297.23,real
abc0001994,2021-07-08 00:01:18.691+00,,0.0,test
abc0001996,2021-10-01 04:37:23.041+00,,0.0,real
abc0001998,2021-07-08 00:01:18.729+00,,0.0,test
abc0002001,2021-10-01 04:37:23.108+00,,0.0,real
abc0002003,2021-10-01 04:37:23.138+00,,0.0,real
abc0002004,2021-10-01 04:37:23.162+00,,0.0,real
abc0002006,2021-10-01 04:37:23.199+00,,0.0,real
abc0002019,2022-01-28 00:17:54.596+00,,52.24,real
abc0002022,2021-07-08 00:01:19.157+00,,0.0,real
abc0002028,2021-07-08 00:01:19.214+00,,0.0,real
abc0002031,2021-07-08 00:01:19.246+00,,0.0,real
abc0002032,2021-07-08 00:01:19.258+00,,0.0,test
abc0002032,2021-07-08 00:01:19.263+00,,0.0,real
abc0002037,2021-07-08 00:01:19.304+00,,0.0,real
abc0002040,2021-07-08 00:01:19.328+00,,0.0,real
abc0002041,2021-07-08 00:01:19.342+00,,0.0,real
abc0002046,2021-07-08 00:01:19.373+00,,0.0,real
abc0002058,2021-07-08 00:01:19.446+00,,0.0,real
abc0002058,2021-07-08 00:01:19.451+00,,0.0,test
abc0002059,2021-07-08 00:01:19.47+00,,0.0,real
abc0002059,2021-07-08 00:01:19.478+00,,0.0,test
abc0002061,2021-07-08 00:01:19.499+00,,0.0,test
abc0002061,2021-07-08 00:01:19.504+00,,0.0,real
abc0002064,2021-07-08 00:01:19.528+00,,0.0,test
abc0002065,2021-07-08 00:01:19.542+00,,0.0,test
abc0002073,2021-07-08 00:01:19.608+00,,0.0,real
abc0002082,2021-07-08 00:01:19.641+00,,0.0,real
abc0002083,2021-07-08 00:01:19.656+00,,0.0,real
abc0002084,2021-07-08 00:01:19.674+00,,0.0,real
abc0002085,2021-07-08 00:01:19.685+00,,0.0,real
abc0002089,2021-07-08 00:01:19.717+00,,0.0,test
abc0002089,2021-07-08 00:01:19.731+00,,0.0,real
abc0002095,2021-07-08 00:01:19.781+00,,0.0,test
abc0002098,2021-07-08 00:01:19.802+00,,0.0,real
abc0002099,2021-07-08 00:01:19.818+00,,0.0,real
abc0002100,2021-07-08 00:01:19.83+00,,0.0,real
abc0002101,2021-07-08 00:01:19.841+00,,0.0,real
abc0002102,2021-07-08 00:01:19.854+00,,0.0,real
abc0002104,2021-07-08 00:01:19.879+00,,0.0,real
abc0002107,2021-07-08 00:01:19.896+00,,0.0,test
abc0002107,2021-07-08 00:01:19.901+00,,0.0,real
abc0002112,2021-07-08 00:01:19.936+00,,0.0,real
abc0002112,2021-07-08 00:01:19.941+00,,0.0,test
abc0002113,2021-07-08 00:01:19.955+00,,0.0,real
abc0002120,2021-07-08 00:01:19.977+00,,0.0,real
abc0002126,2021-07-08 00:01:20.004+00,,0.0,test
abc0002129,2021-07-08 00:01:20.033+00,,0.0,real
abc0002130,2021-07-08 00:01:20.045+00,,0.0,real
abc0002144,2021-07-08 00:01:20.146+00,,0.0,real
abc0002147,2021-07-08 00:01:20.171+00,,0.0,real
abc0002153,2021-07-08 00:01:20.203+00,,0.0,real
abc0002155,2021-07-08 00:01:20.221+00,,0.0,real
abc0002159,2021-07-08 00:01:20.249+00,,0.0,real
abc0002160,2021-07-08 00:01:20.264+00,,0.0,real
abc0002183,2021-07-08 00:01:20.447+00,,0.0,real
abc0002186,2021-07-08 00:01:20.481+00,,0.0,real
abc0002189,2021-07-08 00:01:20.509+00,,0.0,real
abc0002190,2022-03-23 03:52:33.332+00,,1128.07,real
abc0002192,2021-07-08 00:01:20.539+00,,0.0,real
abc0002192,2021-07-08 00:01:20.544+00,,0.0,test
abc0002194,2021-07-08 00:01:20.561+00,,0.0,real
abc0002195,2021-07-08 00:01:20.573+00,,0.0,test
abc0002198,2021-07-08 00:01:20.598+00,,0.0,real
abc0002205,2021-07-08 00:01:20.644+00,,0.0,real
abc0002211,2021-07-08 00:01:20.66+00,,0.0,real
abc0002213,2021-07-08 00:01:20.678+00,,0.0,real
abc0002214,2021-07-08 00:01:20.688+00,,0.0,real
abc0002217,2021-07-08 00:01:20.715+00,,0.0,real
abc0002218,2021-07-08 00:01:20.73+00,,0.0,real
abc0002225,2021-07-08 00:01:20.78+00,,0.0,real
abc0002239,2021-07-08 00:01:20.861+00,,0.0,real
abc0002246,2021-07-08 00:01:20.925+00,,0.0,real
abc0002247,2021-07-08 00:01:20.937+00,,0.0,real
abc0002248,2021-07-08 00:01:20.949+00,,0.0,real
abc0002257,2021-07-08 00:01:21.009+00,,0.0,test
abc0002258,2021-07-08 00:01:21.021+00,,0.0,test
abc0002263,2021-07-08 00:01:21.063+00,,0.0,real
abc0002265,2021-07-08 00:01:21.085+00,,0.0,real
abc0002267,2021-07-08 00:01:21.104+00,,0.0,real
abc0002276,2021-07-08 00:01:21.15+00,,0.0,real
abc0002277,2021-07-08 00:01:21.163+00,,0.0,real
abc0002278,2021-07-08 00:01:21.174+00,,0.0,real
abc0002280,2021-07-08 00:01:21.194+00,,0.0,real
abc0002290,2021-07-08 00:01:21.254+00,,0.0,test
abc0002294,2021-07-08 00:01:21.281+00,,0.0,real
abc0002306,2021-07-08 00:01:21.348+00,,0.0,real
abc0002308,2021-07-08 00:01:21.363+00,,0.0,real
abc0002316,2021-07-08 00:01:21.409+00,,0.0,real
abc0002318,2021-07-08 00:01:21.429+00,,0.0,real
abc0002322,2021-07-08 00:01:21.459+00,,0.0,real
abc0002323,2021-07-08 00:01:21.472+00,,0.0,real
abc0002325,2021-07-08 00:01:21.492+00,,0.0,real
abc0002327,2021-07-08 00:01:21.507+00,,0.0,real
abc0002330,2021-07-08 00:01:21.529+00,,0.0,real
abc0002332,2021-07-08 00:01:21.545+00,,0.0,real
abc0002335,2021-07-08 00:01:21.57+00,,0.0,real
abc0002336,2021-07-08 00:01:21.58+00,,0.0,test
abc0002339,2021-07-08 00:01:21.602+00,,0.0,test
abc0002340,2021-07-08 00:01:21.613+00,,0.0,real
abc0002341,2021-07-08 00:01:21.624+00,,0.0,test
abc0002341,2021-07-08 00:01:21.629+00,,0.0,real
abc0002342,2021-07-08 00:01:21.641+00,,0.0,real
abc0002342,2021-07-08 00:01:21.646+00,,0.0,test
abc0002344,2021-07-08 00:01:21.664+00,,0.0,real
abc0002346,2021-07-08 00:01:21.68+00,,0.0,real
abc0002357,2021-07-08 00:01:21.757+00,,0.0,test
abc0002357,2021-07-08 00:01:21.762+00,,0.0,real
abc0002358,2021-07-08 00:01:21.773+00,,0.0,real
abc0002360,2021-11-23 20:54:07.872+00,,899.9,real
abc0002362,2021-07-08 00:01:21.813+00,,0.0,real
abc0002363,2021-07-08 00:01:21.826+00,,0.0,test
abc0002366,2021-07-08 00:01:21.851+00,,0.0,real
abc0002368,2021-07-08 00:01:21.87+00,,0.0,test
abc0002375,2021-07-08 00:01:21.903+00,,0.0,real
abc0002376,2021-07-08 00:01:21.917+00,,0.0,real
abc0002377,2021-07-08 00:01:21.928+00,,0.0,real
abc0002378,2021-07-08 00:01:21.939+00,,0.0,real
abc0002378,2021-07-08 00:01:21.944+00,,0.0,test
abc0002379,2021-07-08 00:01:21.955+00,,0.0,real
abc0002382,2021-07-08 00:01:21.981+00,,0.0,real
abc0002383,2021-07-08 00:01:21.992+00,,0.0,real
abc0002384,2021-07-08 00:01:22.003+00,,0.0,real
abc0002395,2021-07-08 00:01:22.057+00,,0.0,real
abc0002400,2021-07-08 00:01:22.086+00,,0.0,real
abc0002401,2022-02-16 00:21:12.555+00,,1346.36,real
abc0002404,2021-07-08 00:01:22.117+00,,0.0,real
abc0002407,2021-07-08 00:01:22.139+00,,0.0,test
abc0002409,2021-07-08 00:01:22.154+00,,0.0,real
abc0002413,2021-07-08 00:01:22.182+00,,0.0,real
abc0002415,2021-07-08 00:01:22.201+00,,0.0,real
abc0002421,2021-07-08 00:01:22.249+00,,0.0,test
abc0002421,2021-07-08 00:01:22.254+00,,0.0,real
abc0002422,2021-07-08 00:01:22.267+00,,0.0,real
abc0002429,2021-07-08 00:01:22.346+00,,0.0,real
abc0002432,2021-07-08 00:01:22.369+00,,0.0,test
abc0002436,2021-07-08 00:01:22.397+00,,0.0,real
abc0002438,2021-07-08 00:01:22.408+00,,0.0,real
abc0002440,2021-07-08 00:01:22.424+00,,0.0,real
abc0002445,2021-07-08 00:01:22.464+00,,0.0,real
abc0002446,2021-07-08 00:01:22.476+00,,0.0,real
abc0002449,2021-07-08 00:01:22.497+00,,0.0,real
abc0002450,2021-07-08 00:01:22.507+00,,0.0,real
abc0002453,2021-07-08 00:01:22.518+00,,0.0,real
abc0002456,2021-07-08 00:01:22.544+00,,0.0,real
abc0002461,2021-07-08 00:01:22.582+00,,0.0,real
abc0002467,2021-07-08 00:01:22.616+00,,0.0,real
abc0002472,2021-07-08 00:01:22.659+00,,0.0,real
abc0002474,2021-07-08 00:01:22.675+00,,0.0,real
abc0002475,2021-07-08 00:01:22.685+00,,0.0,real
abc0002477,2021-07-08 00:01:22.696+00,,0.0,real
abc0002490,2021-07-08 00:01:22.775+00,,0.0,real
abc0002492,2021-07-08 00:01:22.791+00,,0.0,real
abc0002493,2021-07-08 00:01:22.804+00,,0.0,real
abc0002496,2021-07-08 00:01:22.846+00,,0.0,real
abc0002497,2021-07-08 00:01:22.857+00,,0.0,real
abc0002499,2021-07-08 00:01:22.874+00,,0.0,test
abc0002499,2021-07-08 00:01:22.879+00,,0.0,real
abc0002500,2021-07-08 00:01:22.89+00,,0.0,test
abc0002500,2021-07-08 00:01:22.895+00,,0.0,real
abc0002501,2021-07-08 00:01:22.906+00,,0.0,real
abc0002503,2021-07-08 00:01:22.925+00,,0.0,real
abc0002503,2021-07-08 00:01:22.93+00,,0.0,test
abc0002504,2021-07-08 00:01:22.944+00,,0.0,real
abc0002505,2021-07-08 00:01:22.955+00,,0.0,test
abc0002511,2021-07-08 00:01:22.994+00,,0.0,real
abc0002514,2021-07-08 00:01:23.016+00,,0.0,real
abc0002516,2021-07-08 00:01:23.033+00,,0.0,real
abc0002522,2021-07-08 00:01:23.074+00,,0.0,real
abc0002523,2021-07-08 00:01:23.086+00,,0.0,real
abc0002524,2022-06-23 12:12:59.47+00,,394.87,real
abc0002532,2021-07-08 00:01:23.138+00,,0.0,real
abc0002533,2021-07-08 00:01:23.151+00,,0.0,real
abc0002536,2021-07-08 00:01:23.181+00,,0.0,real
abc0002539,2021-07-08 00:01:23.203+00,,0.0,real
abc0002541,2021-07-08 00:01:23.221+00,,0.0,test
abc0002542,2021-07-08 00:01:23.232+00,,0.0,real
abc0002544,2021-07-08 00:01:23.248+00,,0.0,real
abc0002545,2021-07-08 00:01:23.261+00,,0.0,test
abc0002545,2021-07-08 00:01:23.265+00,,0.0,real
abc0002549,2021-09-15 00:55:33.019+00,,61.71,real
abc0002552,2021-07-08 00:01:23.319+00,,0.0,real
abc0002553,2021-07-08 00:01:23.331+00,,0.0,test
abc0002565,2021-07-08 00:01:23.374+00,,0.0,real
abc0002567,2021-07-08 00:01:23.392+00,,0.0,real
abc0002568,2021-07-08 00:01:23.403+00,,0.0,real
abc0002570,2021-07-08 00:01:23.418+00,,0.0,real
abc0002577,2021-07-08 00:01:23.467+00,,0.0,real
abc0002577,2021-07-08 00:01:23.472+00,,0.0,test
abc0002585,2021-07-08 00:01:23.495+00,,0.0,real
abc0002586,2021-07-08 00:01:23.509+00,,0.0,real
abc0002593,2021-07-08 00:01:23.524+00,,0.0,test
abc0002596,2021-07-08 00:01:23.543+00,,0.0,real
abc0002598,2021-07-08 00:01:23.558+00,,0.0,real
abc0002598,2021-07-08 00:01:23.564+00,,0.0,test
abc0002599,2021-07-08 00:01:23.575+00,,0.0,real
abc0002600,2021-07-08 00:01:23.585+00,,0.0,real
abc0002603,2021-07-11 11:27:08.518+00,,68.46,real
abc0002605,2021-07-08 00:01:23.628+00,,0.0,test
abc0002606,2021-07-08 00:01:23.641+00,,0.0,real
abc0002610,2021-07-08 00:01:23.672+00,,0.0,test
abc0002613,2021-07-08 00:01:23.7+00,,0.0,real
abc0002614,2021-07-08 00:01:23.711+00,,0.0,real
abc0002615,2021-07-08 00:01:23.722+00,,0.0,real
abc0002616,2021-07-08 00:01:23.733+00,,0.0,real
abc0002616,2021-07-08 00:01:23.738+00,,0.0,real
abc0002620,2021-07-08 00:01:23.766+00,,0.0,real
abc0002627,2021-07-08 00:01:23.812+00,,0.0,real
abc0002629,2021-07-08 00:01:23.827+00,,0.0,real
abc0002630,2021-07-08 00:01:23.839+00,,0.0,real
abc0002632,2021-07-08 00:01:23.857+00,,0.0,real
abc0002632,2021-07-08 00:01:23.862+00,,0.0,real
abc0002632,2021-07-08 00:01:23.867+00,,0.0,test
abc0002634,2021-07-08 00:01:23.885+00,,0.0,real
abc0002635,2021-07-08 00:01:23.896+00,,0.0,real
abc0002637,2021-07-08 00:01:23.916+00,,0.0,real
abc0002643,2021-07-08 00:01:23.955+00,,0.0,real
abc0002645,2021-07-08 00:01:23.97+00,,0.0,real
abc0002646,2021-07-08 00:01:23.981+00,,0.0,real
abc0002648,2021-07-08 00:01:24.002+00,,0.0,real
abc0002649,2021-07-08 00:01:24.013+00,,0.0,real
abc0002655,2021-07-08 00:01:24.057+00,,0.0,real
abc0002657,2021-07-08 00:01:24.073+00,,0.0,real
abc0002657,2021-07-08 00:01:24.078+00,,0.0,real
abc0002667,2021-07-08 00:01:24.114+00,,0.0,real
abc0002670,2021-07-08 00:01:24.13+00,,0.0,real
abc0002673,2021-07-08 00:01:24.151+00,,0.0,test
abc0002681,2021-07-08 00:01:24.197+00,,0.0,real
abc0002682,2021-07-08 00:01:24.21+00,,0.0,test
abc0002684,2021-07-08 00:01:24.229+00,,0.0,real
abc0002687,2021-07-08 00:01:24.25+00,,0.0,real
abc0002692,2021-07-08 00:01:24.291+00,,0.0,real
abc0002694,2021-07-08 00:01:24.313+00,,0.0,test
abc0002697,2021-07-08 00:01:24.333+00,,0.0,real
abc0002698,2021-07-08 00:01:24.344+00,,0.0,real
abc0002700,2021-07-08 00:01:24.359+00,,0.0,real
abc0002702,2021-07-08 00:01:24.376+00,,0.0,real
abc0002703,2021-07-08 00:01:24.387+00,,0.0,real
abc0002704,2021-07-08 00:01:24.399+00,,0.0,real
abc0002704,2021-07-08 00:01:24.404+00,,0.0,real
abc0002705,2021-07-08 00:01:24.415+00,,0.0,real
abc0002707,2021-07-08 00:01:24.429+00,,0.0,test
abc0002707,2021-07-08 00:01:24.434+00,,0.0,real
abc0002713,2021-07-08 00:01:24.462+00,,0.0,test
abc0002721,2021-07-08 00:01:24.514+00,,0.0,test
abc0002721,2021-07-08 00:01:24.523+00,,0.0,real
abc0002722,2021-07-08 00:01:24.534+00,,0.0,real
abc0002723,2021-07-08 00:01:24.546+00,,0.0,test
abc0002724,2021-07-08 00:01:24.557+00,,0.0,real
abc0002727,2021-07-08 00:01:24.581+00,,0.0,real
abc0002728,2021-07-08 00:01:24.595+00,,0.0,real
abc0002729,2021-07-08 00:01:24.612+00,,0.0,real
abc0002737,2021-07-08 00:01:24.654+00,,0.0,real
abc0002740,2021-07-08 00:01:24.674+00,,0.0,real
abc0002741,2021-07-08 00:01:24.687+00,,0.0,real
abc0002743,2021-07-08 00:01:24.705+00,,0.0,test
abc0002744,2021-07-08 00:01:24.719+00,,0.0,real
abc0002746,2021-07-08 00:01:24.734+00,,0.0,real
abc0002746,2021-07-08 00:01:24.739+00,,0.0,test
abc0002748,2021-07-08 00:01:24.755+00,,0.0,real
abc0002750,2021-07-08 00:01:24.776+00,,0.0,real
abc0002752,2021-07-08 00:01:24.815+00,,0.0,real
abc0002754,2021-07-08 00:01:24.839+00,,0.0,test
abc0002761,2021-07-08 00:01:24.87+00,,0.0,real
abc0002762,2021-07-08 00:01:24.881+00,,0.0,real
abc0002763,2021-07-08 00:01:24.892+00,,0.0,real
abc0002766,2021-07-08 00:01:24.902+00,,0.0,real
abc0002771,2021-07-08 00:01:24.936+00,,0.0,real
abc0002771,2021-07-08 00:01:24.941+00,,0.0,test
abc0002774,2021-07-08 00:01:24.963+00,,0.0,real
abc0002779,2021-07-08 00:01:24.991+00,,0.0,real
abc0002781,2021-07-08 00:01:25.008+00,,0.0,test
abc0002785,2021-07-08 00:01:25.036+00,,0.0,real
abc0002785,2021-07-08 00:01:25.041+00,,0.0,real
abc0002790,2021-07-08 00:01:25.073+00,,0.0,test
abc0002794,2021-07-08 00:01:25.11+00,,0.0,test
abc0002795,2021-07-08 00:01:25.121+00,,0.0,real
abc0002801,2021-07-08 00:01:25.163+00,,0.0,real
abc0002807,2021-07-08 00:01:25.197+00,,0.0,real
abc0002809,2021-07-08 00:01:25.22+00,,0.0,real
abc0002810,2021-07-08 00:01:25.232+00,,0.0,real
abc0002811,2021-07-08 00:01:25.244+00,,0.0,real
abc0002812,2021-07-08 00:01:25.254+00,,0.0,real
abc0002822,2024-03-23 00:02:47.224+00,,-108080.8994,real
abc0002826,2021-07-08 00:01:25.334+00,,0.0,real
abc0002827,2021-07-08 00:01:25.345+00,,0.0,real
abc0002830,2021-07-08 00:01:25.356+00,,0.0,real
abc0002834,2021-07-08 00:01:25.38+00,,0.0,real
abc0002837,2022-04-28 22:01:20.317+00,,208.0,real
abc0002840,2021-07-08 00:01:25.415+00,,0.0,real
abc0002845,2021-07-08 00:01:25.443+00,,0.0,real
abc0002848,2021-07-08 00:01:25.472+00,,0.0,real
abc0002849,2021-07-08 00:01:25.484+00,,0.0,real
abc0002852,2021-07-08 00:01:25.506+00,,0.0,real
abc0002854,2021-07-08 00:01:25.521+00,,0.0,real
abc0002858,2021-07-08 00:01:25.546+00,,0.0,real
abc0002860,2021-07-08 00:01:25.566+00,,0.0,real
abc0002862,2021-07-08 00:01:25.581+00,,0.0,real
abc0002866,2021-07-08 00:01:25.613+00,,0.0,real
abc0002867,2021-07-08 00:01:25.624+00,,0.0,real
abc0002870,2021-07-08 00:01:25.646+00,,0.0,real
abc0002872,2021-07-08 00:01:25.661+00,,0.0,real
abc0002874,2021-07-08 00:01:25.683+00,,0.0,test
abc0002874,2021-07-08 00:01:25.688+00,,0.0,real
abc0002875,2021-07-08 00:01:25.699+00,,0.0,real
abc0002880,2021-07-08 00:01:25.729+00,,0.0,real
abc0002882,2021-07-08 00:01:25.75+00,,0.0,real
abc0002883,2021-10-31 19:28:57.272+00,,50.0,real
abc0002884,2021-07-08 00:01:25.771+00,,0.0,real
abc0002889,2021-07-08 00:01:25.805+00,,0.0,test
abc0002889,2021-07-08 00:01:25.81+00,,0.0,real
abc0002891,2021-07-08 00:01:25.825+00,,0.0,real
abc0002893,2021-07-08 00:01:25.84+00,,0.0,test
abc0002893,2021-07-08 00:01:25.844+00,,0.0,real
abc0002897,2021-07-08 00:01:25.868+00,,0.0,real
abc0002904,2021-07-08 00:01:25.919+00,,0.0,test
abc0002905,2021-07-08 00:01:25.93+00,,0.0,real
abc0002906,2021-07-08 00:01:25.941+00,,0.0,real
abc0002907,2021-07-08 00:01:25.951+00,,0.0,test
abc0002908,2021-07-08 00:01:25.962+00,,0.0,test
abc0002911,2021-07-08 00:01:25.99+00,,0.0,real
abc0002912,2021-07-08 00:01:26.001+00,,0.0,test
abc0002916,2021-07-08 00:01:26.025+00,,0.0,real
abc0002918,2021-07-08 00:01:26.04+00,,0.0,real
abc0002919,2021-07-08 00:01:26.051+00,,0.0,real
abc0002920,2021-07-08 00:01:26.062+00,,0.0,real
abc0002920,2021-07-08 00:01:26.067+00,,0.0,test
abc0002922,2021-07-08 00:01:26.082+00,,0.0,real
abc0002930,2021-07-08 00:01:26.132+00,,0.0,test
abc0002932,2021-07-08 00:01:26.147+00,,0.0,real
abc0002933,2021-07-08 00:01:26.158+00,,0.0,real
abc0002935,2021-07-08 00:01:26.173+00,,0.0,real
abc0002950,2021-07-08 00:01:26.254+00,,0.0,test
abc0002957,2021-07-08 00:01:26.296+00,,0.0,real
abc0002958,2021-07-08 00:01:26.307+00,,0.0,real
abc0002959,2021-07-08 00:01:26.318+00,,0.0,real
abc0002959,2021-07-08 00:01:26.323+00,,0.0,test
abc0002963,2021-07-08 00:01:26.351+00,,0.0,test
abc0002965,2021-07-08 00:01:26.367+00,,0.0,real
abc0002968,2022-03-08 03:04:35.724+00,,490.0,real
abc0002970,2021-07-08 00:01:26.398+00,,0.0,test
abc0002971,2021-07-08 00:01:26.409+00,,0.0,real
abc0002972,2021-07-08 00:01:26.42+00,,0.0,real
abc0002974,2021-07-08 00:01:26.443+00,,0.0,real
abc0002980,2021-07-08 00:01:26.459+00,,0.0,real
abc0002981,2021-07-08 00:01:26.469+00,,0.0,real
abc0002983,2021-07-08 00:01:26.48+00,,0.0,real
abc0002984,2021-07-08 00:01:26.493+00,,0.0,real
abc0002986,2021-07-08 00:01:26.508+00,,0.0,real
abc0002991,2021-07-08 00:01:26.543+00,,0.0,real
abc0002992,2021-07-08 00:01:26.554+00,,0.0,real
abc0002999,2021-07-08 00:01:26.598+00,,0.0,real
abc0003000,2021-07-08 00:01:26.609+00,,0.0,real
abc0003003,2021-07-08 00:01:26.634+00,,0.0,real
abc0003011,2021-07-08 00:01:26.685+00,,0.0,real
abc0003012,2021-07-08 00:01:26.698+00,,0.0,real
abc0003015,2021-07-08 00:01:26.72+00,,0.0,real
abc0003016,2021-07-08 00:01:26.73+00,,0.0,test
abc0003017,2021-07-08 00:01:26.741+00,,0.0,real
abc0003017,2021-07-08 00:01:26.745+00,,0.0,test
abc0003018,2021-07-08 00:01:26.756+00,,0.0,real
abc0003021,2021-07-08 00:01:26.775+00,,0.0,real
abc0003025,2021-07-08 00:01:26.798+00,,0.0,real
abc0003027,2021-07-08 00:01:26.815+00,,0.0,real
abc0003028,2021-07-08 00:01:26.825+00,,0.0,real
abc0003030,2021-07-08 00:01:26.84+00,,0.0,real
abc0003031,2021-07-08 00:01:26.851+00,,0.0,real
abc0003042,2021-07-08 00:01:26.91+00,,0.0,test
abc0003043,2021-07-08 00:01:26.922+00,,0.0,test
abc0003043,2021-07-08 00:01:26.927+00,,0.0,real
abc0003044,2021-07-08 00:01:26.939+00,,0.0,real
abc0003046,2021-07-08 00:01:26.957+00,,0.0,real
abc0003049,2021-07-08 00:01:26.979+00,,0.0,real
abc0003050,2021-07-08 00:01:26.989+00,,0.0,real
abc0003056,2021-07-08 00:01:27.025+00,,0.0,real
abc0003059,2021-07-08 00:01:27.048+00,,0.0,real
abc0003064,2021-07-08 00:01:27.084+00,,0.0,real
abc0003069,2023-02-20 15:40:17.868+00,,1019.7301,real
abc0003076,2021-07-08 00:01:27.158+00,,0.0,real
abc0003079,2021-07-08 00:01:27.193+00,,0.0,real
abc0003086,2021-07-08 00:01:27.234+00,,0.0,real
abc0003096,2021-07-08 00:01:27.25+00,,0.0,real
abc0003097,2021-07-08 00:01:27.262+00,,0.0,real
abc0003098,2021-07-08 00:01:27.273+00,,0.0,real
abc0003102,2021-07-08 00:01:27.298+00,,0.0,real
abc0003103,2022-07-03 19:28:50.825+00,,1085.4,real
abc0003111,2021-07-08 00:01:27.352+00,,0.0,real
abc0003113,2021-07-08 00:01:27.372+00,,0.0,real
abc0003127,2021-07-08 00:01:27.443+00,,0.0,real
abc0003127,2021-07-08 00:01:27.448+00,,0.0,test
abc0003128,2021-07-08 00:01:27.46+00,,0.0,real
abc0003141,2021-07-08 00:01:27.53+00,,0.0,test
abc0003150,2021-07-08 00:01:27.558+00,,0.0,real
abc0003155,2021-07-08 00:01:27.588+00,,0.0,real
abc0003156,2021-07-08 00:01:27.599+00,,0.0,real
abc0003162,2021-07-08 00:01:27.642+00,,0.0,test
abc0003163,2021-07-08 00:01:27.653+00,,0.0,real
abc0003165,2021-07-08 00:01:27.664+00,,0.0,real
abc0003170,2021-07-08 00:01:27.695+00,,0.0,test
abc0003173,2021-07-08 00:01:27.723+00,,0.0,real
abc0003178,2021-07-08 00:01:27.749+00,,0.0,real
abc0003178,2021-07-08 00:01:27.754+00,,0.0,real
abc0003179,2021-07-08 00:01:27.767+00,,0.0,test
abc0003180,2021-07-08 00:01:27.778+00,,0.0,real
abc0003181,2021-07-08 00:01:27.79+00,,0.0,test
abc0003181,2021-07-08 00:01:27.794+00,,0.0,real
abc0003182,2021-07-08 00:01:27.808+00,,0.0,test
abc0003183,2021-07-08 00:01:27.819+00,,0.0,real
abc0003184,2021-07-08 00:01:27.832+00,,0.0,real
abc0003191,2021-07-08 00:01:27.885+00,,0.0,real
abc0003195,2021-07-08 00:01:27.909+00,,0.0,real
abc0003198,2021-07-08 00:01:27.931+00,,0.0,real
abc0003200,2021-07-08 00:01:27.946+00,,0.0,real
abc0003205,2021-07-08 00:01:27.972+00,,0.0,test
abc0003205,2021-07-08 00:01:27.976+00,,0.0,real
abc0003206,2021-07-08 00:01:27.987+00,,0.0,real
abc0003207,2021-07-08 00:01:27.998+00,,0.0,real
abc0003208,2021-07-08 00:01:28.009+00,,0.0,test
abc0003208,2021-07-08 00:01:28.016+00,,0.0,real
abc0003213,2021-07-08 00:01:28.047+00,,0.0,real
abc0003213,2021-07-08 00:01:28.053+00,,0.0,test
abc0003215,2021-07-08 00:01:28.076+00,,0.0,real
abc0003216,2021-07-08 00:01:28.089+00,,0.0,real
abc0003217,2021-07-08 00:01:28.1+00,,0.0,real
abc0003219,2021-07-08 00:01:28.114+00,,0.0,real
abc0003221,2021-07-08 00:01:28.131+00,,0.0,real
abc0003222,2021-07-08 00:01:28.142+00,,0.0,real
abc0003223,2021-07-08 00:01:28.152+00,,0.0,real
abc0003226,2021-07-08 00:01:28.171+00,,0.0,real
abc0003226,2021-07-08 00:01:28.175+00,,0.0,test
abc0003227,2021-07-08 00:01:28.186+00,,0.0,real
abc0003227,2021-07-08 00:01:28.19+00,,0.0,test
abc0003230,2021-07-08 00:01:28.209+00,,0.0,real
abc0003233,2021-07-08 00:01:28.235+00,,0.0,real
abc0003235,2021-07-08 00:01:28.264+00,,0.0,real
abc0003238,2021-07-08 00:01:28.284+00,,0.0,real
abc0003240,2021-07-08 00:01:28.302+00,,0.0,real
abc0003241,2021-07-08 00:01:28.313+00,,0.0,real
abc0003243,2021-07-08 00:01:28.327+00,,0.0,real
abc0003250,2021-07-08 00:01:28.365+00,,0.0,real
abc0003251,2021-07-08 00:01:28.376+00,,0.0,real
abc0003252,2021-07-08 00:01:28.387+00,,0.0,real
abc0003254,2021-07-08 00:01:28.403+00,,0.0,real
abc0003256,2021-07-08 00:01:28.418+00,,0.0,real
abc0003258,2021-07-08 00:01:28.438+00,,0.0,test
abc0003260,2021-07-08 00:01:28.454+00,,0.0,real
abc0003265,2021-07-08 00:01:28.486+00,,0.0,real
abc0003267,2021-07-08 00:01:28.501+00,,0.0,test
abc0003267,2021-07-08 00:01:28.506+00,,0.0,real
abc0003271,2021-07-08 00:01:28.536+00,,0.0,test
abc0003271,2021-07-08 00:01:28.541+00,,0.0,real
abc0003272,2021-07-08 00:01:28.553+00,,0.0,real
abc0003273,2021-07-08 00:01:28.564+00,,0.0,real
abc0003273,2021-07-08 00:01:28.569+00,,0.0,real
abc0003274,2021-07-08 00:01:28.58+00,,0.0,test
abc0003274,2021-07-08 00:01:28.585+00,,0.0,real
abc0003275,2021-07-08 00:01:28.596+00,,0.0,test
abc0003277,2021-07-08 00:01:28.614+00,,0.0,real
abc0003279,2021-10-07 05:31:10.058+00,,526.66,real
abc0003279,2021-07-08 00:01:28.635+00,,0.0,real
abc0003280,2021-07-08 00:01:28.652+00,,0.0,real
abc0003281,2021-07-08 00:01:28.662+00,,0.0,real
abc0003285,2021-07-08 00:01:28.697+00,,0.0,real
abc0003290,2021-07-08 00:01:28.73+00,,0.0,test
abc0003291,2021-07-08 00:01:28.743+00,,0.0,real
abc0003291,2021-07-08 00:01:28.748+00,,0.0,test
abc0003293,2021-07-08 00:01:28.766+00,,0.0,real
abc0003302,2021-07-08 00:01:28.809+00,,0.0,real
abc0003302,2021-07-08 00:01:28.814+00,,0.0,test
abc0003303,2021-07-08 00:01:28.825+00,,0.0,test
abc0003304,2022-04-14 08:05:02.971+00,,107.01,real
abc0003309,2021-07-08 00:01:28.867+00,,0.0,test
abc0003315,2021-07-08 00:01:28.904+00,,0.0,test
abc0003320,2021-07-08 00:01:28.932+00,,0.0,real
abc0003321,2021-07-08 00:01:28.943+00,,0.0,real
abc0003323,2021-07-08 00:01:28.958+00,,0.0,real
abc0003325,2021-07-08 00:01:28.975+00,,0.0,real
abc0003326,2021-07-08 00:01:28.988+00,,0.0,real
abc0003329,2021-07-08 00:01:29.009+00,,0.0,real
abc0003332,2021-07-08 00:01:29.032+00,,0.0,real
abc0003335,2021-07-08 00:01:29.058+00,,0.0,real
abc0003336,2021-07-08 00:01:29.078+00,,0.0,real
abc0003339,2021-07-08 00:01:29.102+00,,0.0,real
abc0003341,2021-07-08 00:01:29.117+00,,0.0,test
abc0003345,2021-07-08 00:01:29.147+00,,0.0,real
abc0003346,2021-07-08 00:01:29.158+00,,0.0,real
abc0003347,2021-07-08 00:01:29.169+00,,0.0,real
abc0003348,2021-07-08 00:01:29.179+00,,0.0,real
abc0003353,2022-06-10 06:10:53.825+00,,6.4,real
abc0003357,2021-07-08 00:01:29.241+00,,0.0,real
abc0003358,2021-07-08 00:01:29.252+00,,0.0,real
abc0003359,2021-07-08 00:01:29.262+00,,0.0,real
abc0003364,2021-07-08 00:01:29.298+00,,0.0,real
abc0003365,2021-07-08 00:01:29.308+00,,0.0,real
abc0003369,2021-07-08 00:01:29.323+00,,0.0,real
abc0003370,2021-07-08 00:01:29.334+00,,0.0,real
abc0003371,2021-07-08 00:01:29.345+00,,0.0,real
abc0003372,2021-07-08 00:01:29.358+00,,0.0,test
abc0003373,2021-07-08 00:01:29.368+00,,0.0,real
abc0003374,2021-07-08 00:01:29.379+00,,0.0,real
abc0003376,2021-07-08 00:01:29.394+00,,0.0,real
abc0003378,2022-09-22 18:22:14.844+00,,14.95,real
abc0003381,2021-07-08 00:01:29.432+00,,0.0,real
abc0003395,2021-07-08 00:01:29.463+00,,0.0,real
abc0003396,2021-07-08 00:01:29.474+00,,0.0,real
abc0003400,2021-07-08 00:01:29.498+00,,0.0,test
abc0003400,2021-07-08 00:01:29.504+00,,0.0,real
abc0003401,2021-07-08 00:01:29.519+00,,0.0,real
abc0003402,2021-07-08 00:01:29.533+00,,0.0,test
abc0003403,2021-07-08 00:01:29.544+00,,0.0,real
abc0003404,2021-07-08 00:01:29.555+00,,0.0,real
abc0003411,2021-07-08 00:01:29.601+00,,0.0,test
abc0003411,2021-07-08 00:01:29.606+00,,0.0,real
abc0003413,2021-07-08 00:01:29.621+00,,0.0,real
abc0003414,2021-07-08 00:01:29.632+00,,0.0,real
abc0003417,2021-07-08 00:01:29.654+00,,0.0,real
abc0003421,2021-07-08 00:01:29.684+00,,0.0,real
abc0003422,2021-07-08 00:01:29.694+00,,0.0,real
abc0003423,2021-07-08 00:01:29.704+00,,0.0,real
abc0003426,2021-07-08 00:01:29.723+00,,0.0,real
abc0003427,2021-07-08 00:01:29.739+00,,0.0,test
abc0003430,2021-07-08 00:01:29.765+00,,0.0,test
abc0003432,2021-07-08 00:01:29.781+00,,0.0,real
abc0003433,2021-07-08 00:01:29.792+00,,0.0,real
abc0003435,2022-04-19 15:50:47.366+00,,15864.11,real
abc0003436,2021-07-08 00:01:29.822+00,,0.0,real
abc0003438,2021-07-08 00:01:29.837+00,,0.0,real
abc0003440,2021-07-08 00:01:29.852+00,,0.0,real
abc0003441,2021-07-08 00:01:29.863+00,,0.0,real
abc0003441,2021-07-08 00:01:29.868+00,,0.0,test
abc0003443,2021-07-08 00:01:29.883+00,,0.0,real
abc0003443,2021-07-08 00:01:29.888+00,,0.0,test
abc0003444,2021-07-08 00:01:29.899+00,,0.0,real
abc0003445,2021-07-08 00:01:29.909+00,,0.0,real
abc0003446,2021-07-08 00:01:29.92+00,,0.0,real
abc0003448,2021-07-08 00:01:29.944+00,,0.0,real
abc0003452,2021-07-08 00:01:29.972+00,,0.0,real
abc0003454,2021-07-08 00:01:29.987+00,,0.0,real
abc0003454,2021-07-08 00:01:29.992+00,,0.0,test
abc0003456,2021-07-08 00:01:30.008+00,,0.0,test
abc0003459,2021-07-08 00:01:30.028+00,,0.0,real
abc0003466,2021-07-08 00:01:30.073+00,,0.0,real
abc0003467,2021-07-08 00:01:30.084+00,,0.0,real
abc0003469,2021-07-08 00:01:30.1+00,,0.0,real
abc0003470,2021-07-08 00:01:30.111+00,,0.0,real
abc0003473,2021-07-08 00:01:30.13+00,,0.0,real
abc0003476,2021-07-08 00:01:30.152+00,,0.0,real
abc0003477,2021-07-08 00:01:30.163+00,,0.0,real
abc0003479,2021-07-08 00:01:30.181+00,,0.0,real
abc0003480,2021-07-08 00:01:30.191+00,,0.0,real
abc0003482,2021-07-08 00:01:30.206+00,,0.0,real
abc0003485,2021-07-08 00:01:30.226+00,,0.0,real
abc0003486,2021-07-08 00:01:30.237+00,,0.0,test
abc0003487,2021-07-08 00:01:30.247+00,,0.0,real
abc0003490,2021-07-08 00:01:30.268+00,,0.0,real
abc0003502,2021-07-08 00:01:30.328+00,,0.0,real
abc0003504,2021-07-08 00:01:30.342+00,,0.0,real
abc0003505,2021-07-08 00:01:30.352+00,,0.0,real
abc0003510,2021-07-08 00:01:30.372+00,,0.0,real
abc0003512,2021-07-08 00:01:30.388+00,,0.0,real
abc0003519,2021-07-08 00:01:30.414+00,,0.0,real
abc0003520,2021-07-08 00:01:30.425+00,,0.0,real
abc0003525,2021-07-08 00:01:30.456+00,,0.0,real
abc0003527,2021-07-08 00:01:30.473+00,,0.0,real
abc0003535,2021-07-08 00:01:30.522+00,,0.0,real
abc0003541,2021-07-08 00:01:30.557+00,,0.0,real
abc0003544,2021-07-08 00:01:30.578+00,,0.0,real
abc0003546,2021-07-08 00:01:30.596+00,,0.0,real
abc0003547,2021-07-08 00:01:30.606+00,,0.0,real
abc0003548,2021-07-08 00:01:30.617+00,,0.0,real
abc0003549,2021-07-08 00:01:30.636+00,,0.0,real
abc0003550,2021-07-08 00:01:30.648+00,,0.0,real
abc0003551,2021-07-08 00:01:30.662+00,,0.0,test
abc0003559,2021-07-08 00:01:30.693+00,,0.0,real
abc0003570,2021-07-08 00:01:30.753+00,,0.0,real
abc0003574,2021-07-08 00:01:30.768+00,,0.0,real
abc0003575,2021-07-08 00:01:30.779+00,,0.0,real
abc0003577,2021-07-08 00:01:30.794+00,,0.0,real
abc0003579,2021-07-08 00:01:30.816+00,,0.0,test
abc0003589,2021-07-08 00:01:30.878+00,,0.0,test
abc0003589,2021-07-08 00:01:30.883+00,,0.0,real
abc0003594,2021-07-08 00:01:30.923+00,,0.0,real
abc0003597,2021-07-08 00:01:30.944+00,,0.0,real
abc0003597,2021-07-08 00:01:30.949+00,,0.0,test
abc0003604,2021-07-08 00:01:30.988+00,,0.0,real
abc0003604,2021-07-08 00:01:30.993+00,,0.0,test
abc0003605,2021-07-08 00:01:31.004+00,,0.0,real
abc0003609,2021-07-08 00:01:31.024+00,,0.0,real
abc0003610,2021-07-08 00:01:31.035+00,,0.0,real
abc0003611,2021-07-08 00:01:31.046+00,,0.0,real
abc0003612,2021-07-08 00:01:31.059+00,,0.0,real
abc0003613,2021-07-08 00:01:31.07+00,,0.0,real
abc0003614,2021-07-08 00:01:31.08+00,,0.0,real
abc0003616,2021-07-08 00:01:31.096+00,,0.0,real
abc0003617,2021-07-08 00:01:31.108+00,,0.0,real
abc0003623,2021-07-08 00:01:31.145+00,,0.0,real
abc0003625,2021-09-11 14:16:44.764+00,,41.29,real
abc0003626,2021-07-08 00:01:31.171+00,,0.0,real
abc0003628,2021-07-08 00:01:31.189+00,,0.0,real
abc0003630,2021-07-08 00:01:31.208+00,,0.0,real
abc0003633,2021-07-08 00:01:31.23+00,,0.0,test
abc0003634,2021-07-08 00:01:31.241+00,,0.0,real
abc0003635,2021-07-08 00:01:31.252+00,,0.0,real
abc0003642,2021-07-08 00:01:31.294+00,,0.0,real
abc0003643,2021-07-08 00:01:31.305+00,,0.0,test
abc0003643,2021-07-08 00:01:31.31+00,,0.0,real
abc0003644,2021-07-08 00:01:31.321+00,,0.0,real
abc0003649,2021-07-08 00:01:31.356+00,,0.0,test
abc0003649,2021-07-08 00:01:31.361+00,,0.0,real
abc0003650,2021-07-08 00:01:31.372+00,,0.0,real
abc0003652,2021-07-08 00:01:31.387+00,,0.0,real
abc0003654,2021-07-08 00:01:31.402+00,,0.0,real
abc0003656,2022-11-25 00:22:22.954+00,,52.848,real
abc0003657,2021-07-08 00:01:31.428+00,,0.0,real
abc0003658,2021-07-08 00:01:31.438+00,,0.0,real
abc0003659,2021-07-08 00:01:31.449+00,,0.0,real
abc0003661,2021-07-08 00:01:31.472+00,,0.0,real
abc0003662,2021-07-08 00:01:31.493+00,,0.0,real
abc0003663,2021-07-08 00:01:31.504+00,,0.0,real
abc0003666,2021-07-08 00:01:31.524+00,,0.0,real
abc0003668,2021-12-06 17:57:02.225+00,,763.09,real
abc0003669,2021-07-08 00:01:31.553+00,,0.0,real
abc0003671,2021-07-08 00:01:31.568+00,,0.0,real
abc0003676,2021-07-08 00:01:31.596+00,,0.0,real
abc0003681,2021-07-08 00:01:31.631+00,,0.0,test
abc0003687,2021-07-08 00:01:31.668+00,,0.0,real
abc0003688,2021-07-08 00:01:31.681+00,,0.0,real
abc0003694,2021-07-08 00:01:31.727+00,,0.0,real
abc0003696,2021-07-08 00:01:31.747+00,,0.0,real
abc0003698,2021-07-08 00:01:31.762+00,,0.0,real
abc0003699,2021-07-08 00:01:31.773+00,,0.0,real
abc0003702,2021-07-08 00:01:31.788+00,,0.0,real
abc0003707,2021-07-08 00:01:31.819+00,,0.0,real
abc0003712,2021-07-08 00:01:31.843+00,,0.0,real
abc0003717,2021-07-08 00:01:31.872+00,,0.0,real
abc0003718,2021-07-08 00:01:31.883+00,,0.0,real
abc0003720,2021-07-08 00:01:31.909+00,,0.0,real
abc0003726,2021-07-08 00:01:31.948+00,,0.0,real
abc0003732,2021-07-08 00:01:31.986+00,,0.0,real
abc0003735,2022-01-03 14:50:08.27+00,,1749.0,real
abc0003736,2021-07-08 00:01:32.018+00,,0.0,real
abc0003740,2021-07-08 00:01:32.048+00,,0.0,test
abc0003740,2021-07-08 00:01:32.053+00,,0.0,real
abc0003743,2021-07-08 00:01:32.08+00,,0.0,test
abc0003747,2021-07-08 00:01:32.109+00,,0.0,real
abc0003748,2021-07-08 00:01:32.123+00,,0.0,real
abc0003752,2021-07-08 00:01:32.146+00,,0.0,real
abc0003753,2021-07-08 00:01:32.161+00,,0.0,real
abc0003754,2021-07-08 00:01:32.174+00,,0.0,test
abc0003755,2021-07-08 00:01:32.189+00,,0.0,real
abc0003769,2021-07-08 00:01:32.353+00,,0.0,real
abc0003772,2021-07-08 00:01:32.375+00,,0.0,test
abc0003773,2021-07-08 00:01:32.386+00,,0.0,real
abc0003778,2021-07-08 00:01:32.419+00,,0.0,real
abc0003779,2021-07-08 00:01:32.43+00,,0.0,test
abc0003784,2021-07-08 00:01:32.462+00,,0.0,real
abc0003792,2021-07-08 00:01:32.513+00,,0.0,real
abc0003794,2021-07-08 00:01:32.529+00,,0.0,real
abc0003794,2021-07-08 00:01:32.537+00,,0.0,test
abc0003799,2021-07-08 00:01:32.566+00,,0.0,real
abc0003800,2021-07-08 00:01:32.578+00,,0.0,real
abc0003801,2021-07-08 00:01:32.591+00,,0.0,real
abc0003802,2021-07-08 00:01:32.602+00,,0.0,real
abc0003805,2021-07-08 00:01:32.626+00,,0.0,real
abc0003807,2021-07-08 00:01:32.642+00,,0.0,real
abc0003810,2021-07-08 00:01:32.661+00,,0.0,real
abc0003812,2021-07-08 00:01:32.676+00,,0.0,real
abc0003824,2021-07-08 00:01:32.709+00,,0.0,real
abc0003825,2021-07-08 00:01:32.721+00,,0.0,real
abc0003825,2021-07-08 00:01:32.725+00,,0.0,test
abc0003828,2021-07-08 00:01:32.745+00,,0.0,real
abc0003829,2021-07-08 00:01:32.756+00,,0.0,real
abc0003830,2021-07-08 00:01:32.767+00,,0.0,real
abc0003836,2021-07-08 00:01:32.794+00,,0.0,real
abc0003841,2021-07-08 00:01:32.822+00,,0.0,real
abc0003842,2021-07-08 00:01:32.835+00,,0.0,real
abc0003848,2021-07-08 00:01:32.888+00,,0.0,real
abc0003852,2021-07-08 00:01:32.907+00,,0.0,real
abc0003853,2021-07-08 00:01:32.917+00,,0.0,real
abc0003854,2021-07-08 00:01:32.928+00,,0.0,test
abc0003856,2021-07-08 00:01:32.943+00,,0.0,real
abc0003857,2021-07-08 00:01:32.954+00,,0.0,real
abc0003858,2021-07-08 00:01:32.965+00,,0.0,real
abc0003860,2021-07-08 00:01:32.98+00,,0.0,real
abc0003862,2021-07-08 00:01:32.996+00,,0.0,real
abc0003864,2021-07-08 00:01:33.011+00,,0.0,real
abc0003864,2021-07-08 00:01:33.017+00,,0.0,test
abc0003869,2021-07-08 00:01:33.038+00,,0.0,real
abc0003870,2021-12-16 00:06:42.304+00,,15.81,test
abc0003871,2021-07-08 00:01:33.061+00,,0.0,real
abc0003873,2021-07-08 00:01:33.076+00,,0.0,real
abc0003877,2021-07-08 00:01:33.1+00,,0.0,real
abc0003880,2021-07-08 00:01:33.135+00,,0.0,real
abc0003880,2021-07-08 00:01:33.141+00,,0.0,test
abc0003882,2021-07-08 00:01:33.157+00,,0.0,test
abc0003882,2021-07-08 00:01:33.162+00,,0.0,real
abc0003886,2021-07-08 00:01:33.19+00,,0.0,real
abc0003888,2021-07-08 00:01:33.205+00,,0.0,real
abc0003891,2021-07-08 00:01:33.226+00,,0.0,test
abc0003892,2021-07-08 00:01:33.237+00,,0.0,real
abc0003892,2021-07-08 00:01:33.244+00,,0.0,real
abc0003893,2021-07-08 00:01:33.255+00,,0.0,test
abc0003899,2021-07-08 00:01:33.286+00,,0.0,real
abc0003911,2021-07-08 00:01:33.359+00,,0.0,test
abc0003912,2021-07-08 00:01:33.371+00,,0.0,real
abc0003912,2021-07-08 00:01:33.376+00,,0.0,test
abc0003913,2021-07-08 00:01:33.386+00,,0.0,real
abc0003915,2021-07-08 00:01:33.401+00,,0.0,real
abc0003915,2021-07-08 00:01:33.406+00,,0.0,test
abc0003916,2021-07-08 00:01:33.417+00,,0.0,real
abc0003917,2021-07-08 00:01:33.428+00,,0.0,real
abc0003920,2021-07-08 00:01:33.454+00,,0.0,real
abc0003923,2021-07-08 00:01:33.478+00,,0.0,real
abc0003929,2021-07-08 00:01:33.512+00,,0.0,real
abc0003931,2021-07-08 00:01:33.535+00,,0.0,real
abc0003932,2021-07-08 00:01:33.546+00,,0.0,real
abc0003934,2021-07-08 00:01:33.563+00,,0.0,real
abc0003935,2021-07-08 00:01:33.582+00,,0.0,real
abc0003937,2021-07-08 00:01:33.597+00,,0.0,real
abc0003940,2021-07-08 00:01:33.617+00,,0.0,real
abc0003940,2021-07-08 00:01:33.621+00,,0.0,test
abc0003941,2021-07-08 00:01:33.637+00,,0.0,real
abc0003942,2021-07-08 00:01:33.666+00,,0.0,test
abc0003942,2021-07-08 00:01:33.675+00,,0.0,real
abc0003946,2021-07-08 00:01:33.699+00,,0.0,real
abc0003948,2021-07-08 00:01:33.715+00,,0.0,real
abc0003950,2021-07-08 00:01:33.736+00,,0.0,test
abc0003955,2021-07-08 00:01:33.769+00,,0.0,real
abc0003956,2021-07-08 00:01:33.78+00,,0.0,real
abc0003958,2021-07-08 00:01:33.794+00,,0.0,real
abc0003965,2021-07-08 00:01:33.82+00,,0.0,real
abc0003966,2021-07-08 00:01:33.83+00,,0.0,real
abc0003967,2021-07-08 00:01:33.841+00,,0.0,real
abc0003969,2021-07-08 00:01:33.856+00,,0.0,real
abc0003973,2021-07-08 00:01:33.909+00,,0.0,real
abc0003975,2021-07-08 00:01:33.923+00,,0.0,real
abc0003977,2021-07-08 00:01:33.941+00,,0.0,real
abc0003979,2021-07-08 00:01:33.958+00,,0.0,real
abc0003984,2021-07-08 00:01:33.991+00,,0.0,real
abc0003985,2021-07-08 00:01:34.002+00,,0.0,real
abc0003992,2021-07-08 00:01:34.04+00,,0.0,real
abc0003994,2021-07-08 00:01:34.059+00,,0.0,real
abc0003996,2021-07-08 00:01:34.075+00,,0.0,real
abc0003997,2022-06-18 17:21:20.158+00,,146.86,real
abc0004002,2021-07-08 00:01:34.123+00,,0.0,real
abc0004006,2021-07-08 00:01:34.152+00,,0.0,real
abc0004009,2021-07-08 00:01:34.168+00,,0.0,real
abc0004010,2021-07-08 00:01:34.178+00,,0.0,real
abc0004011,2021-07-08 00:01:34.189+00,,0.0,real
abc0004013,2021-07-08 00:01:34.206+00,,0.0,real
abc0004015,2021-07-08 00:01:34.222+00,,0.0,real
abc0004020,2021-07-08 00:01:34.258+00,,0.0,real
abc0004021,2021-07-08 00:01:34.269+00,,0.0,real
abc0004028,2021-07-08 00:01:34.311+00,,0.0,real
abc0004029,2021-07-08 00:01:34.324+00,,0.0,real
abc0004030,2021-07-08 00:01:34.335+00,,0.0,real
abc0004033,2021-07-08 00:01:34.359+00,,0.0,real
abc0004035,2021-07-08 00:01:34.374+00,,0.0,real
abc0004036,2021-07-08 00:01:34.385+00,,0.0,real
abc0004037,2021-07-08 00:01:34.395+00,,0.0,real
abc0004038,2021-07-08 00:01:34.406+00,,0.0,real
abc0004039,2021-07-08 00:01:34.416+00,,0.0,test
abc0004039,2021-07-08 00:01:34.421+00,,0.0,real
abc0004040,2021-07-08 00:01:34.434+00,,0.0,real
abc0004043,2021-07-08 00:01:34.453+00,,0.0,real
abc0004048,2021-07-08 00:01:34.484+00,,0.0,real
abc0004051,2021-07-08 00:01:34.506+00,,0.0,real
abc0004051,2021-07-08 00:01:34.517+00,,0.0,test
abc0004057,2021-07-08 00:01:34.552+00,,0.0,real
abc0004059,2021-07-08 00:01:34.569+00,,0.0,real
abc0004060,2021-07-08 00:01:34.579+00,,0.0,test
abc0004061,2021-07-08 00:01:34.591+00,,0.0,real
abc0004063,2021-07-08 00:01:34.605+00,,0.0,test
abc0004064,2021-07-08 00:01:34.616+00,,0.0,real
abc0004066,2021-07-08 00:01:34.633+00,,0.0,real
abc0004067,2021-07-08 00:01:34.644+00,,0.0,real
abc0004072,2021-07-08 00:01:34.671+00,,0.0,real
abc0004075,2021-07-08 00:01:34.693+00,,0.0,real
abc0004085,2021-07-08 00:01:34.749+00,,0.0,test
abc0004085,2021-07-08 00:01:34.756+00,,0.0,real
abc0004088,2021-07-08 00:01:34.777+00,,0.0,real
abc0004095,2021-07-08 00:01:34.834+00,,0.0,real
abc0004098,2021-07-08 00:01:34.855+00,,0.0,real
abc0004098,2021-07-08 00:01:34.86+00,,0.0,real
abc0004099,2021-07-08 00:01:34.871+00,,0.0,real
abc0004101,2021-07-08 00:01:34.887+00,,0.0,test
abc0004102,2021-07-09 09:04:41.228+00,,2.16,real
abc0004102,2021-07-08 00:01:34.912+00,,0.0,test
abc0004103,2021-07-08 00:01:34.923+00,,0.0,real
abc0004106,2021-07-08 00:01:34.942+00,,0.0,test
abc0004109,2021-07-08 00:01:34.962+00,,0.0,real
abc0004111,2021-07-08 00:01:34.972+00,,0.0,test
abc0004111,2021-10-27 23:07:37.294+00,,30.59,real
abc0004112,2021-07-08 00:01:34.988+00,,0.0,test
abc0004119,2021-07-08 00:01:35.024+00,,0.0,real
abc0004122,2021-07-08 00:01:35.044+00,,0.0,real
abc0004124,2021-07-08 00:01:35.06+00,,0.0,real
abc0004126,2021-07-08 00:01:35.075+00,,0.0,real
abc0004130,2021-07-08 00:01:35.1+00,,0.0,real
abc0004132,2021-07-08 00:01:35.118+00,,0.0,real
abc0004137,2021-07-08 00:01:35.146+00,,0.0,real
abc0004139,2021-07-08 00:01:35.162+00,,0.0,real
abc0004140,2021-07-08 00:01:35.172+00,,0.0,real
abc0004142,2021-07-08 00:01:35.187+00,,0.0,test
abc0004142,2021-07-08 00:01:35.192+00,,0.0,real
abc0004143,2021-07-08 00:01:35.203+00,,0.0,real
abc0004147,2021-07-08 00:01:35.228+00,,0.0,test
abc0004147,2021-07-08 00:01:35.233+00,,0.0,real
abc0004150,2021-07-08 00:01:35.256+00,,0.0,real
abc0004151,2021-07-08 00:01:35.268+00,,0.0,real
abc0004155,2021-07-08 00:01:35.299+00,,0.0,real
abc0004161,2021-07-08 00:01:35.336+00,,0.0,real
abc0004162,2021-07-08 00:01:35.347+00,,0.0,real
abc0004163,2021-07-08 00:01:35.359+00,,0.0,real
abc0004164,2021-07-08 00:01:35.371+00,,0.0,real
abc0004165,2021-07-08 00:01:35.381+00,,0.0,real
abc0004167,2021-07-08 00:01:35.397+00,,0.0,real
abc0004175,2021-07-08 00:01:35.444+00,,0.0,real
abc0004177,2021-07-08 00:01:35.46+00,,0.0,real
abc0004180,2021-07-08 00:01:35.488+00,,0.0,real
abc0004192,2023-08-04 00:02:41.501+00,,30.253899999999998,real
abc0004195,2022-08-19 14:23:45.677+00,,168.9,real
abc0004201,2021-12-23 10:59:13.23+00,,30.0,real
abc0004201,2021-07-08 00:01:35.629+00,,0.0,test
abc0004209,2021-07-08 00:01:35.686+00,,0.0,real
abc0004217,2021-07-08 00:01:35.737+00,,0.0,test
abc0004217,2021-07-08 00:01:35.742+00,,0.0,real
abc0004219,2021-07-08 00:01:35.754+00,,0.0,real
abc0004222,2021-07-08 00:01:35.773+00,,0.0,real
abc0004224,2021-07-08 00:01:35.788+00,,0.0,real
abc0004225,2021-07-08 00:01:35.798+00,,0.0,real
abc0004229,2021-07-08 00:01:35.817+00,,0.0,real
abc0004230,2021-07-08 00:01:35.828+00,,0.0,real
abc0004231,2021-07-08 00:01:35.839+00,,0.0,real
abc0004236,2021-07-08 00:01:35.873+00,,0.0,real
abc0004240,2021-07-08 00:01:35.896+00,,0.0,real
abc0004241,2021-07-08 00:01:35.907+00,,0.0,real
abc0004251,2021-07-08 00:01:35.949+00,,0.0,real
abc0004252,2021-07-08 00:01:35.96+00,,0.0,real
abc0004253,2021-07-08 00:01:35.97+00,,0.0,real
abc0004255,2021-07-08 00:01:35.985+00,,0.0,real
abc0004256,2021-07-08 00:01:35.996+00,,0.0,real
abc0004257,2021-07-08 00:01:36.006+00,,0.0,real
abc0004261,2021-07-08 00:01:36.03+00,,0.0,real
abc0004266,2021-10-02 00:43:56.486+00,,810.0,real
abc0004267,2021-07-08 00:01:36.077+00,,0.0,real
abc0004271,2021-07-08 00:01:36.103+00,,0.0,real
abc0004272,2021-07-08 00:01:36.113+00,,0.0,real
abc0004273,2021-07-08 00:01:36.123+00,,0.0,real
abc0004276,2021-07-08 00:01:36.143+00,,0.0,test
abc0004278,2021-07-08 00:01:36.157+00,,0.0,real
abc0004280,2022-01-04 22:01:30.007+00,,129.53,real
abc0004280,2021-07-08 00:01:36.182+00,,0.0,real
abc0004284,2021-07-08 00:01:36.206+00,,0.0,test
abc0004287,2021-07-08 00:01:36.225+00,,0.0,real
abc0004288,2021-07-08 00:01:36.235+00,,0.0,real
abc0004289,2021-07-08 00:01:36.248+00,,0.0,real
abc0004291,2021-07-08 00:01:36.263+00,,0.0,real
abc0004292,2021-07-08 00:01:36.276+00,,0.0,test
abc0004292,2021-07-08 00:01:36.281+00,,0.0,real
abc0004295,2021-07-08 00:01:36.311+00,,0.0,real
abc0004296,2021-07-08 00:01:36.338+00,,0.0,real
abc0004297,2021-07-08 00:01:36.349+00,,0.0,test
abc0004303,2021-07-08 00:01:36.383+00,,0.0,real
abc0004305,2021-07-08 00:01:36.402+00,,0.0,real
abc0004309,2021-07-08 00:01:36.427+00,,0.0,real
abc0004310,2021-07-08 00:01:36.438+00,,0.0,real
abc0004313,2021-07-08 00:01:36.457+00,,0.0,real
abc0004313,2021-07-08 00:01:36.462+00,,0.0,real
abc0004315,2021-07-08 00:01:36.48+00,,0.0,real
abc0004316,2021-07-08 00:01:36.49+00,,0.0,test
abc0004322,2021-07-08 00:01:36.527+00,,0.0,real
abc0004327,2021-07-08 00:01:36.558+00,,0.0,real
abc0004328,2021-07-08 00:01:36.572+00,,0.0,real
abc0004331,2021-07-08 00:01:36.592+00,,0.0,real
abc0004333,2021-07-08 00:01:36.607+00,,0.0,real
abc0004334,2021-07-08 00:01:36.621+00,,0.0,test
abc0004336,2021-07-08 00:01:36.636+00,,0.0,real
abc0004338,2023-10-11 00:02:46.764+00,,-1858.3658,real
abc0004343,2021-07-08 00:01:36.689+00,,0.0,real
abc0004348,2021-07-08 00:01:36.719+00,,0.0,test
abc0004352,2021-07-08 00:01:36.744+00,,0.0,real
abc0004355,2021-07-08 00:01:36.767+00,,0.0,real
abc0004360,2021-07-08 00:01:36.807+00,,0.0,test
abc0004360,2021-07-08 00:01:36.812+00,,0.0,real
abc0004364,2021-07-08 00:01:36.836+00,,0.0,real
abc0004366,2021-07-08 00:01:36.853+00,,0.0,real
abc0004368,2021-07-08 00:01:36.871+00,,0.0,real
abc0004369,2021-07-08 00:01:36.881+00,,0.0,real
abc0004370,2021-07-08 00:01:36.892+00,,0.0,test
abc0004380,2021-07-08 00:01:36.942+00,,0.0,real
abc0004386,2021-07-08 00:01:36.975+00,,0.0,real
abc0004387,2021-07-08 00:01:36.986+00,,0.0,real
abc0004387,2021-07-08 00:01:36.991+00,,0.0,real
abc0004391,2021-07-08 00:01:37.023+00,,0.0,real
abc0004394,2021-07-08 00:01:37.052+00,,0.0,real
abc0004398,2021-07-08 00:01:37.076+00,,0.0,test
abc0004404,2021-07-08 00:01:37.12+00,,0.0,real
abc0004405,2022-01-24 22:22:01.964+00,,51.98,real
abc0004408,2021-07-08 00:01:37.153+00,,0.0,real
abc0004409,2021-07-08 00:01:37.164+00,,0.0,real
abc0004412,2021-10-08 16:02:29.508+00,,-15.0,real
abc0004413,2021-07-08 00:01:37.194+00,,0.0,real
abc0004414,2021-07-08 00:01:37.205+00,,0.0,real
abc0004418,2021-07-08 00:01:37.228+00,,0.0,test
abc0004419,2021-07-08 00:01:37.239+00,,0.0,real
abc0004426,2021-07-08 00:01:37.28+00,,0.0,real
abc0004429,2021-07-08 00:01:37.305+00,,0.0,real
abc0004434,2021-07-08 00:01:37.336+00,,0.0,real
abc0004434,2021-07-08 00:01:37.34+00,,0.0,real
abc0004435,2021-07-08 00:01:37.351+00,,0.0,real
abc0004438,2021-07-08 00:01:37.372+00,,0.0,test
abc0004441,2021-07-08 00:01:37.4+00,,0.0,real
abc0004444,2021-07-08 00:01:37.429+00,,0.0,real
abc0004445,2021-07-08 00:01:37.44+00,,0.0,real
abc0004450,2021-10-28 00:38:53.509+00,,44.22,real
abc0004452,2021-07-08 00:01:37.489+00,,0.0,real
abc0004461,2021-07-08 00:01:37.542+00,,0.0,real
abc0004463,2021-07-08 00:01:37.557+00,,0.0,real
abc0004464,2021-07-08 00:01:37.57+00,,0.0,real
abc0004479,2021-07-08 00:01:37.637+00,,0.0,real
abc0004483,2021-07-08 00:01:37.661+00,,0.0,real
abc0004484,2021-07-08 00:01:37.672+00,,0.0,real
abc0004485,2021-07-08 00:01:37.683+00,,0.0,real
abc0004486,2021-07-08 00:01:37.693+00,,0.0,real
abc0004487,2021-07-08 00:01:37.703+00,,0.0,real
abc0004490,2022-06-01 02:11:22.185+00,,62.0,real
abc0004491,2021-07-08 00:01:37.723+00,,0.0,real
abc0004496,2021-07-08 00:01:37.752+00,,0.0,real
abc0004499,2021-07-08 00:01:37.772+00,,0.0,test
abc0004501,2021-07-08 00:01:37.787+00,,0.0,real
abc0004503,2021-07-08 00:01:37.802+00,,0.0,real
abc0004504,2021-09-04 15:53:51.208+00,,12.97,real
abc0004505,2021-07-08 00:01:37.823+00,,0.0,real
abc0004507,2021-07-08 00:01:37.845+00,,0.0,real
abc0004511,2021-07-08 00:01:37.868+00,,0.0,real
abc0004514,2021-07-08 00:01:37.892+00,,0.0,test
abc0004518,2021-07-08 00:01:37.917+00,,0.0,real
abc0004522,2021-07-08 00:01:37.945+00,,0.0,real
abc0004523,2021-07-08 00:01:37.955+00,,0.0,real
abc0004524,2021-07-08 00:01:37.965+00,,0.0,real
abc0004526,2021-07-08 00:01:37.98+00,,0.0,real
abc0004527,2021-07-08 00:01:37.991+00,,0.0,real
abc0004530,2021-07-08 00:01:38.018+00,,0.0,real
abc0004532,2021-07-08 00:01:38.034+00,,0.0,real
abc0004537,2021-07-08 00:01:38.063+00,,0.0,real
abc0004538,2021-07-08 00:01:38.073+00,,0.0,real
abc0004542,2021-07-08 00:01:38.1+00,,0.0,real
abc0004543,2021-07-08 00:01:38.11+00,,0.0,real
abc0004554,2021-07-08 00:01:38.128+00,,0.0,real
abc0004556,2021-07-08 00:01:38.144+00,,0.0,real
abc0004558,2021-07-08 00:01:38.162+00,,0.0,real
abc0004561,2021-07-08 00:01:38.18+00,,0.0,real
abc0004569,2021-07-08 00:01:38.226+00,,0.0,real
abc0004570,2021-07-08 00:01:38.237+00,,0.0,real
abc0004570,2021-07-08 00:01:38.242+00,,0.0,test
abc0004577,2021-07-08 00:01:38.279+00,,0.0,real
abc0004579,2021-07-08 00:01:38.295+00,,0.0,real
abc0004580,2021-07-08 00:01:38.305+00,,0.0,real
abc0004584,2022-06-22 03:26:28.866+00,,12.5,real
abc0004585,2021-07-08 00:01:38.347+00,,0.0,test
abc0004589,2021-07-08 00:01:38.372+00,,0.0,real
abc0004591,2021-07-08 00:01:38.389+00,,0.0,real
abc0004592,2021-07-08 00:01:38.4+00,,0.0,real
abc0004596,2021-07-08 00:01:38.424+00,,0.0,real
abc0004604,2021-07-08 00:01:38.472+00,,0.0,real
abc0004609,2021-07-08 00:01:38.507+00,,0.0,real
abc0004610,2021-07-08 00:01:38.518+00,,0.0,real
abc0004614,2021-07-08 00:01:38.544+00,,0.0,real
abc0004620,2021-07-08 00:01:38.583+00,,0.0,real
abc0004626,2021-07-08 00:01:38.613+00,,0.0,real
abc0004627,2021-07-08 00:01:38.625+00,,0.0,test
abc0004629,2021-07-08 00:01:38.643+00,,0.0,real
abc0004631,2021-07-08 00:01:38.66+00,,0.0,real
abc0004631,2021-07-08 00:01:38.665+00,,0.0,test
abc0004637,2021-07-08 00:01:38.698+00,,0.0,real
abc0004639,2021-07-08 00:01:38.713+00,,0.0,real
abc0004641,2022-11-08 06:37:38.614+00,,80.4016,real
abc0004642,2021-07-08 00:01:38.741+00,,0.0,test
abc0004643,2021-07-08 00:01:38.756+00,,0.0,real
abc0004645,2021-07-08 00:01:38.774+00,,0.0,real
abc0004646,2021-07-08 00:01:38.785+00,,0.0,real
abc0004646,2021-07-08 00:01:38.79+00,,0.0,test
abc0004655,2021-07-08 00:01:38.82+00,,0.0,real
abc0004655,2021-07-08 00:01:38.825+00,,0.0,test
abc0004658,2021-07-08 00:01:38.847+00,,0.0,real
abc0004659,2021-07-08 00:01:38.857+00,,0.0,real
abc0004660,2021-07-08 00:01:38.868+00,,0.0,real
abc0004660,2021-07-08 00:01:38.872+00,,0.0,real
abc0004664,2021-07-08 00:01:38.898+00,,0.0,real
abc0004665,2021-07-08 00:01:38.908+00,,0.0,real
abc0004665,2021-07-08 00:01:38.913+00,,0.0,test
abc0004670,2021-11-18 12:03:15.637+00,,40.81,real
abc0004671,2021-07-08 00:01:38.966+00,,0.0,real
abc0004673,2021-07-08 00:01:38.981+00,,0.0,real
abc0004675,2021-07-08 00:01:38.995+00,,0.0,real
abc0004676,2021-07-08 00:01:39.005+00,,0.0,real
abc0004677,2021-07-08 00:01:39.019+00,,0.0,real
abc0004679,2021-07-08 00:01:39.034+00,,0.0,real
abc0004682,2021-07-08 00:01:39.052+00,,0.0,real
abc0004686,2021-07-08 00:01:39.079+00,,0.0,real
abc0004688,2021-07-08 00:01:39.095+00,,0.0,test
abc0004690,2021-07-08 00:01:39.11+00,,0.0,real
abc0004697,2021-07-08 00:01:39.375+00,,0.0,test
abc0004698,2021-07-08 00:01:39.389+00,,0.0,real
abc0004701,2021-07-08 00:01:39.408+00,,0.0,real
abc0004703,2021-07-08 00:01:39.422+00,,0.0,real
abc0004705,2021-07-08 00:01:39.437+00,,0.0,test
abc0004706,2021-07-08 00:01:39.447+00,,0.0,real
abc0004714,2022-08-28 00:04:36.779+00,,0.0,real
abc0004716,2021-07-08 00:01:39.52+00,,0.0,real
abc0004717,2021-07-08 00:01:39.53+00,,0.0,real
abc0004718,2021-07-08 00:01:39.541+00,,0.0,real
abc0004719,2021-07-08 00:01:39.552+00,,0.0,real
abc0004720,2021-07-08 00:01:39.568+00,,0.0,real
abc0004721,2021-07-08 00:01:39.58+00,,0.0,real
abc0004722,2021-07-08 00:01:39.591+00,,0.0,real
abc0004722,2021-07-08 00:01:39.595+00,,0.0,test
abc0004723,2021-07-08 00:01:39.613+00,,0.0,real
abc0004729,2021-07-08 00:01:39.644+00,,0.0,real
abc0004730,2021-07-08 00:01:39.659+00,,0.0,real
abc0004732,2021-07-08 00:01:39.674+00,,0.0,real
abc0004734,2021-07-08 00:01:39.692+00,,0.0,real
abc0004737,2021-07-08 00:01:39.712+00,,0.0,test
abc0004738,2021-12-31 21:06:50.138+00,,86.89,real
abc0004740,2021-07-08 00:01:39.738+00,,0.0,real
abc0004741,2021-07-08 00:01:39.748+00,,0.0,real
abc0004741,2021-07-08 00:01:39.753+00,,0.0,test
abc0004743,2021-07-08 00:01:39.775+00,,0.0,real
abc0004746,2021-07-08 00:01:39.806+00,,0.0,test
abc0004746,2021-07-08 00:01:39.811+00,,0.0,real
abc0004749,2021-07-08 00:01:39.829+00,,0.0,real
abc0004751,2021-07-08 00:01:39.843+00,,0.0,real
abc0004752,2021-07-08 00:01:39.854+00,,0.0,real
abc0004755,2021-07-08 00:01:39.882+00,,0.0,real
abc0004758,2021-07-08 00:01:39.9+00,,0.0,real
abc0004761,2021-07-08 00:01:39.929+00,,0.0,real
abc0004767,2022-06-18 08:44:02.646+00,,251.62,real
abc0004769,2021-07-08 00:01:39.975+00,,0.0,real
abc0004771,2021-07-08 00:01:39.992+00,,0.0,real
abc0004772,2021-07-08 00:01:40.003+00,,0.0,real
abc0004774,2021-07-08 00:01:40.018+00,,0.0,real
abc0004775,2021-07-08 00:01:40.028+00,,0.0,real
abc0004777,2021-07-08 00:01:40.044+00,,0.0,real
abc0004777,2021-07-08 00:01:40.049+00,,0.0,real
abc0004778,2021-07-08 00:01:40.061+00,,0.0,real
abc0004778,2021-07-08 00:01:40.066+00,,0.0,real
abc0004779,2021-07-08 00:01:40.077+00,,0.0,real
abc0004785,2021-07-08 00:01:40.108+00,,0.0,real
abc0004791,2021-07-08 00:01:40.146+00,,0.0,test
abc0004795,2021-07-08 00:01:40.173+00,,0.0,real
abc0004796,2021-07-08 00:01:40.184+00,,0.0,real
abc0004801,2021-07-08 00:01:40.224+00,,0.0,test
abc0004806,2021-07-08 00:01:40.252+00,,0.0,real
abc0004807,2021-07-08 00:01:40.264+00,,0.0,real
abc0004809,2021-07-08 00:01:40.278+00,,0.0,real
abc0004813,2021-07-08 00:01:40.306+00,,0.0,test
abc0004816,2021-07-08 00:01:40.325+00,,0.0,real
abc0004817,2021-07-08 00:01:40.335+00,,0.0,real
abc0004818,2021-07-08 00:01:40.346+00,,0.0,real
abc0004820,2021-07-08 00:01:40.361+00,,0.0,real
abc0004823,2021-07-08 00:01:40.386+00,,0.0,real
abc0004823,2021-07-08 00:01:40.394+00,,0.0,test
abc0004824,2021-07-08 00:01:40.414+00,,0.0,test
abc0004828,2021-07-08 00:01:40.429+00,,0.0,real
abc0004830,2021-07-08 00:01:40.444+00,,0.0,real
abc0004832,2021-07-08 00:01:40.46+00,,0.0,real
abc0004838,2021-07-08 00:01:40.499+00,,0.0,real
abc0004841,2021-07-08 00:01:40.521+00,,0.0,real
abc0004841,2021-07-08 00:01:40.528+00,,0.0,real
abc0004842,2021-07-08 00:01:40.539+00,,0.0,real
abc0004848,2022-06-04 18:19:23.371+00,,30.0,real
abc0004849,2021-07-08 00:01:40.594+00,,0.0,real
abc0004851,2021-07-08 00:01:40.615+00,,0.0,real
abc0004852,2021-07-08 00:01:40.626+00,,0.0,real
abc0004853,2021-07-08 00:01:40.636+00,,0.0,test
abc0004853,2021-07-08 00:01:40.641+00,,0.0,real
abc0004854,2021-07-08 00:01:40.652+00,,0.0,real
abc0004855,2021-07-08 00:01:40.662+00,,0.0,real
abc0004856,2021-07-08 00:01:40.674+00,,0.0,real
abc0004857,2021-07-08 00:01:40.685+00,,0.0,real
abc0004865,2021-07-08 00:01:40.732+00,,0.0,real
abc0004868,2021-07-08 00:01:40.755+00,,0.0,real
abc0004875,2021-07-08 00:01:40.783+00,,0.0,real
abc0004881,2021-07-08 00:01:40.817+00,,0.0,real
abc0004882,2021-07-08 00:01:40.828+00,,0.0,real
abc0004883,2021-07-08 00:01:40.84+00,,0.0,real
abc0004888,2021-07-08 00:01:40.878+00,,0.0,real
abc0004889,2021-07-08 00:01:40.888+00,,0.0,real
abc0004890,2021-07-08 00:01:40.898+00,,0.0,real
abc0004890,2021-07-08 00:01:40.903+00,,0.0,test
abc0004891,2021-07-08 00:01:40.914+00,,0.0,real
abc0004894,2021-12-07 19:30:48.584+00,,14581.0,real
abc0004897,2021-07-08 00:01:40.956+00,,0.0,real
abc0004902,2021-07-08 00:01:40.991+00,,0.0,real
abc0004902,2021-07-08 00:01:40.995+00,,0.0,test
abc0004905,2022-06-23 00:01:35.158+00,,7.510000000000001,real
abc0004905,2021-09-23 08:32:18.657+00,,50.27000000000001,test
abc0004907,2021-07-08 00:01:41.038+00,,0.0,real
abc0004907,2021-07-08 00:01:41.043+00,,0.0,test
abc0004911,2021-07-08 00:01:41.073+00,,0.0,real
abc0004911,2021-07-08 00:01:41.078+00,,0.0,real
abc0004914,2021-07-08 00:01:41.099+00,,0.0,real
abc0004915,2021-07-08 00:01:41.11+00,,0.0,real
abc0004916,2021-07-08 00:01:41.12+00,,0.0,test
abc0004917,2021-07-08 00:01:41.135+00,,0.0,real
abc0004920,2021-07-08 00:01:41.156+00,,0.0,test
abc0004921,2021-09-09 12:05:22.095+00,,88.49,real
abc0004923,2022-01-22 19:07:13.965+00,,68.41,real
abc0004924,2021-07-08 00:01:41.198+00,,0.0,real
abc0004925,2021-07-08 00:01:41.21+00,,0.0,real
abc0004927,2021-10-01 16:07:15.425+00,,69.56,real
abc0004928,2021-07-08 00:01:41.245+00,,0.0,real
abc0004929,2021-07-08 00:01:41.256+00,,0.0,real
abc0004930,2021-07-08 00:01:41.267+00,,0.0,real
abc0004931,2021-07-08 00:01:41.278+00,,0.0,test
abc0004932,2022-03-06 21:05:37.254+00,,71.4,real
abc0004933,2021-07-08 00:01:41.298+00,,0.0,real
abc0004934,2021-07-08 00:01:41.31+00,,0.0,real
abc0004937,2021-07-08 00:01:41.333+00,,0.0,real
abc0004945,2021-07-08 00:01:41.383+00,,0.0,real
abc0004947,2021-07-08 00:01:41.403+00,,0.0,real
abc0004954,2021-07-08 00:01:41.425+00,,0.0,real
abc0004955,2021-07-08 00:01:41.438+00,,0.0,real
abc0004958,2021-07-08 00:01:41.457+00,,0.0,test
abc0004962,2021-07-08 00:01:41.485+00,,0.0,real
abc0004963,2021-07-08 00:01:41.496+00,,0.0,real
abc0004967,2021-07-08 00:01:41.519+00,,0.0,real
abc0004969,2021-07-08 00:01:41.534+00,,0.0,real
abc0004970,2021-07-08 00:01:41.545+00,,0.0,real
abc0004973,2021-07-08 00:01:41.566+00,,0.0,test
abc0004974,2021-07-08 00:01:41.576+00,,0.0,real
abc0004975,2021-07-08 00:01:41.587+00,,0.0,real
abc0004980,2021-07-08 00:01:41.613+00,,0.0,real
abc0004982,2021-07-08 00:01:41.628+00,,0.0,real
abc0004986,2021-07-08 00:01:41.655+00,,0.0,real
abc0004986,2021-07-08 00:01:41.662+00,,0.0,real
abc0004991,2021-07-08 00:01:41.69+00,,0.0,real
abc0004992,2021-07-08 00:01:41.701+00,,0.0,real
abc0004993,2021-07-08 00:01:41.711+00,,0.0,test
abc0004995,2021-07-08 00:01:41.727+00,,0.0,real
abc0005005,2021-07-08 00:01:41.778+00,,0.0,real
abc0005009,2021-07-08 00:01:41.801+00,,0.0,real
abc0005011,2021-07-08 00:01:41.815+00,,0.0,real
abc0005015,2021-07-08 00:01:41.842+00,,0.0,real
abc0005017,2022-11-03 15:06:49.047+00,,216.0,real
abc0005018,2021-07-08 00:01:41.867+00,,0.0,real
abc0005019,2021-07-08 00:01:41.877+00,,0.0,real
abc0005020,2021-07-08 00:01:41.888+00,,0.0,real
abc0005022,2021-07-08 00:01:41.905+00,,0.0,real
abc0005023,2021-07-08 00:01:41.915+00,,0.0,real
abc0005027,2021-07-08 00:01:41.941+00,,0.0,real
abc0005029,2021-07-08 00:01:41.955+00,,0.0,real
abc0005041,2021-07-08 00:01:42.006+00,,0.0,real
abc0005042,2021-12-17 08:06:22.989+00,,14.09,test
abc0005044,2021-07-08 00:01:42.032+00,,0.0,real
abc0005046,2021-07-08 00:01:42.046+00,,0.0,real
abc0005048,2021-07-08 00:01:42.057+00,,0.0,real
abc0005049,2021-07-08 00:01:42.067+00,,0.0,real
abc0005050,2021-07-13 02:08:45.231+00,,-120.52,real
abc0005051,2021-07-08 00:01:42.091+00,,0.0,real
abc0005052,2021-07-08 00:01:42.104+00,,0.0,real
abc0005059,2021-07-08 00:01:42.161+00,,0.0,test
abc0005061,2021-07-08 00:01:42.175+00,,0.0,real
abc0005063,2021-07-08 00:01:42.186+00,,0.0,real
abc0005064,2021-07-08 00:01:42.196+00,,0.0,real
abc0005065,2021-07-08 00:01:42.207+00,,0.0,real
abc0005067,2022-02-01 00:01:36.003+00,,-152.83,real
abc0005072,2021-07-08 00:01:42.251+00,,0.0,real
abc0005073,2021-07-08 00:01:42.263+00,,0.0,real
abc0005076,2021-07-08 00:01:42.284+00,,0.0,real
abc0005080,2021-07-08 00:01:42.299+00,,0.0,real
abc0005087,2021-07-08 00:01:42.34+00,,0.0,real
abc0005089,2021-07-08 00:01:42.355+00,,0.0,real
abc0005090,2021-07-08 00:01:42.365+00,,0.0,test
abc0005091,2021-07-08 00:01:42.376+00,,0.0,real
abc0005098,2021-07-08 00:01:42.423+00,,0.0,real
abc0005099,2021-07-08 00:01:42.434+00,,0.0,real
abc0005101,2021-07-08 00:01:42.449+00,,0.0,real
abc0005105,2021-07-08 00:01:42.475+00,,0.0,real
abc0005106,2021-07-08 00:01:42.486+00,,0.0,test
abc0005108,2021-07-08 00:01:42.503+00,,0.0,real
abc0005113,2022-05-29 13:47:21.031+00,,596.33,real
abc0005116,2021-07-08 00:01:42.55+00,,0.0,real
abc0005124,2021-07-08 00:01:42.598+00,,0.0,real
abc0005126,2021-07-08 00:01:42.612+00,,0.0,real
abc0005126,2021-07-08 00:01:42.617+00,,0.0,test
abc0005128,2021-07-08 00:01:42.631+00,,0.0,real
abc0005129,2021-07-08 00:01:42.641+00,,0.0,real
abc0005132,2021-07-08 00:01:42.659+00,,0.0,real
abc0005134,2021-07-08 00:01:42.674+00,,0.0,real
abc0005137,2021-07-08 00:01:42.695+00,,0.0,real
abc0005143,2021-07-08 00:01:42.732+00,,0.0,real
abc0005144,2021-07-08 00:01:42.745+00,,0.0,real
abc0005146,2021-07-08 00:01:42.759+00,,0.0,real
abc0005152,2021-07-08 00:01:42.799+00,,0.0,real
abc0005153,2021-07-08 00:01:42.809+00,,0.0,real
abc0005156,2021-07-08 00:01:42.824+00,,0.0,real
abc0005157,2021-07-08 00:01:42.834+00,,0.0,real
abc0005163,2021-07-08 00:01:42.849+00,,0.0,real
abc0005165,2021-07-08 00:01:42.863+00,,0.0,real
abc0005167,2021-07-08 00:01:42.877+00,,0.0,real
abc0005171,2021-07-08 00:01:42.898+00,,0.0,real
abc0005172,2021-07-08 00:01:42.908+00,,0.0,real
abc0005175,2021-07-08 00:01:42.923+00,,0.0,real
abc0005176,2021-07-08 00:01:42.933+00,,0.0,real
abc0005179,2021-07-08 00:01:42.954+00,,0.0,real
abc0005182,2021-07-08 00:01:42.972+00,,0.0,real
abc0005190,2021-07-08 00:01:43.004+00,,0.0,real
abc0005191,2021-07-08 00:01:43.015+00,,0.0,real
abc0005194,2021-07-08 00:01:43.054+00,,0.0,real
abc0005201,2021-07-08 00:01:43.095+00,,0.0,real
abc0005207,2021-07-08 00:01:43.132+00,,0.0,test
abc0005207,2021-07-08 00:01:43.137+00,,0.0,real
abc0005208,2021-07-08 00:01:43.147+00,,0.0,real
abc0005212,2021-07-08 00:01:43.171+00,,0.0,real
abc0005216,2021-07-08 00:01:43.198+00,,0.0,real
abc0005221,2021-07-08 00:01:43.231+00,,0.0,real
abc0005222,2021-07-08 00:01:43.241+00,,0.0,real
abc0005224,2021-07-08 00:01:43.256+00,,0.0,real
abc0005227,2021-07-08 00:01:43.277+00,,0.0,real
abc0005228,2021-07-08 00:01:43.288+00,,0.0,real
abc0005230,2021-07-08 00:01:43.304+00,,0.0,real
abc0005231,2021-07-08 00:01:43.317+00,,0.0,real
abc0005237,2021-07-08 00:01:43.363+00,,0.0,real
abc0005238,2021-08-24 18:51:15.052+00,,80.93,real
abc0005239,2021-08-25 07:29:03.61+00,,50.0,real
abc0005240,2022-06-30 04:19:34.929+00,,759.36,real
abc0005243,2021-07-08 00:01:43.416+00,,0.0,test
abc0005248,2021-07-08 00:01:43.451+00,,0.0,real
abc0005250,2021-07-08 00:01:43.466+00,,0.0,real
abc0005257,2021-07-08 00:01:43.51+00,,0.0,real
abc0005259,2021-07-08 00:01:43.525+00,,0.0,real
abc0005263,2021-07-08 00:01:43.551+00,,0.0,real
abc0005268,2021-07-08 00:01:43.578+00,,0.0,real
abc0005272,2021-07-08 00:01:43.602+00,,0.0,real
abc0005272,2021-07-08 00:01:43.609+00,,0.0,test
abc0005274,2023-07-31 14:19:57.921+00,,9.744,real
abc0005277,2021-07-08 00:01:43.645+00,,0.0,real
abc0005279,2021-07-08 00:01:43.662+00,,0.0,real
abc0005284,2021-07-08 00:01:43.69+00,,0.0,real
abc0005285,2021-07-08 00:01:43.7+00,,0.0,real
abc0005291,2021-07-08 00:01:43.733+00,,0.0,real
abc0005292,2021-07-08 00:01:43.744+00,,0.0,real
abc0005299,2021-09-14 04:15:18.711+00,,-350.0,real
abc0005300,2021-07-08 00:01:43.795+00,,0.0,test
abc0005300,2021-07-08 00:01:43.801+00,,0.0,real
abc0005303,2021-07-08 00:01:43.823+00,,0.0,real
abc0005308,2021-07-08 00:01:43.856+00,,0.0,real
abc0005312,2021-07-08 00:01:43.879+00,,0.0,test
abc0005317,2021-07-08 00:01:43.901+00,,0.0,real
abc0005319,2021-07-08 00:01:43.916+00,,0.0,test
abc0005319,2021-07-08 00:01:43.92+00,,0.0,real
abc0005320,2021-07-08 00:01:43.931+00,,0.0,real
abc0005322,2021-07-08 00:01:43.952+00,,0.0,real
abc0005322,2021-07-08 00:01:43.957+00,,0.0,test
abc0005323,2021-07-08 00:01:43.967+00,,0.0,real
abc0005327,2021-07-08 00:01:43.993+00,,0.0,test
abc0005330,2021-07-08 00:01:44.013+00,,0.0,test
abc0005331,2021-07-08 00:01:44.024+00,,0.0,real
abc0005338,2021-07-08 00:01:44.057+00,,0.0,real
abc0005342,2021-07-08 00:01:44.083+00,,0.0,real
abc0005347,2021-07-08 00:01:44.124+00,,0.0,real
abc0005348,2021-07-08 00:01:44.135+00,,0.0,real
abc0005352,2021-07-08 00:01:44.159+00,,0.0,real
abc0005355,2021-07-08 00:01:44.185+00,,0.0,real
abc0005356,2021-07-08 00:01:44.196+00,,0.0,real
abc0005357,2021-07-08 00:01:44.206+00,,0.0,real
abc0005361,2021-07-08 00:01:44.229+00,,0.0,real
abc0005371,2021-07-08 00:01:44.286+00,,0.0,real
abc0005372,2021-07-08 00:01:44.297+00,,0.0,real
abc0005375,2021-07-08 00:01:44.312+00,,0.0,real
abc0005379,2021-07-08 00:01:44.337+00,,0.0,real
abc0005380,2021-07-08 00:01:44.348+00,,0.0,real
abc0005386,2021-07-08 00:01:44.381+00,,0.0,real
abc0005388,2021-07-08 00:01:44.396+00,,0.0,real
abc0005391,2021-07-08 00:01:44.415+00,,0.0,real
abc0005399,2021-07-08 00:01:44.459+00,,0.0,real
abc0005406,2021-07-08 00:01:44.498+00,,0.0,real
abc0005411,2021-07-08 00:01:44.531+00,,0.0,test
abc0005419,2021-07-08 00:01:44.574+00,,0.0,real
abc0005423,2021-07-08 00:01:44.599+00,,0.0,real
abc0005425,2021-07-08 00:01:44.616+00,,0.0,real
abc0005426,2021-07-08 00:01:44.631+00,,0.0,real
abc0005427,2021-07-08 00:01:44.641+00,,0.0,real
abc0005429,2021-07-08 00:01:44.656+00,,0.0,real
abc0005431,2021-07-08 00:01:44.678+00,,0.0,real
abc0005432,2021-07-08 00:01:44.689+00,,0.0,real
abc0005436,2021-07-08 00:01:44.725+00,,0.0,real
abc0005438,2021-07-08 00:01:44.74+00,,0.0,real
abc0005443,2021-07-08 00:01:44.752+00,,0.0,real
abc0005444,2021-07-08 00:01:44.765+00,,0.0,real
abc0005446,2021-07-08 00:01:44.78+00,,0.0,real
abc0005446,2021-07-08 00:01:44.785+00,,0.0,real
abc0005451,2021-07-08 00:01:44.812+00,,0.0,real
abc0005456,2021-07-08 00:01:44.839+00,,0.0,real
abc0005465,2021-07-08 00:01:44.894+00,,0.0,real
abc0005476,2021-09-22 08:16:51.892+00,,1007.17,test
abc0005477,2021-07-08 00:01:44.962+00,,0.0,real
abc0005478,2021-12-09 02:22:15.291+00,,-1570.61,real
abc0005483,2021-07-08 00:01:45.002+00,,0.0,real
abc0005486,2021-07-08 00:01:45.028+00,,0.0,real
abc0005487,2021-07-08 00:01:45.04+00,,0.0,real
abc0005488,2021-07-08 00:01:45.051+00,,0.0,real
abc0005489,2021-07-08 00:01:45.062+00,,0.0,real
abc0005491,2021-07-08 00:01:45.079+00,,0.0,test
abc0005491,2021-07-08 00:01:45.084+00,,0.0,real
abc0005494,2021-09-23 20:05:22.182+00,,20.03,real
abc0005495,2021-07-08 00:01:45.117+00,,0.0,real
abc0005496,2021-07-08 00:01:45.128+00,,0.0,test
abc0005516,2021-07-08 00:01:45.207+00,,0.0,real
abc0005521,2021-07-08 00:01:45.239+00,,0.0,real
abc0005522,2021-07-08 00:01:45.25+00,,0.0,real
abc0005526,2021-07-08 00:01:45.273+00,,0.0,real
abc0005530,2021-07-08 00:01:45.296+00,,0.0,test
abc0005532,2021-07-08 00:01:45.312+00,,0.0,real
abc0005533,2021-07-08 00:01:45.323+00,,0.0,real
abc0005540,2021-07-08 00:01:45.358+00,,0.0,real
abc0005541,2021-07-08 00:01:45.371+00,,0.0,real
abc0005541,2021-07-08 00:01:45.375+00,,0.0,test
abc0005542,2021-11-20 05:32:34.336+00,,882.5,real
abc0005544,2021-07-08 00:01:45.402+00,,0.0,real
abc0005548,2021-07-08 00:01:45.42+00,,0.0,test
abc0005548,2021-07-08 00:01:45.425+00,,0.0,real
abc0005550,2021-07-08 00:01:45.442+00,,0.0,test
abc0005551,2021-07-08 00:01:45.454+00,,0.0,test
abc0005551,2021-07-08 00:01:45.459+00,,0.0,real
abc0005558,2021-07-08 00:01:45.498+00,,0.0,real
abc0005561,2021-07-08 00:01:45.513+00,,0.0,real
abc0005563,2021-07-08 00:01:45.527+00,,0.0,real
abc0005565,2021-07-08 00:01:45.548+00,,0.0,real
abc0005567,2021-07-08 00:01:45.562+00,,0.0,real
abc0005569,2021-07-08 00:01:45.576+00,,0.0,real
abc0005571,2021-07-08 00:01:45.591+00,,0.0,real
abc0005575,2021-07-08 00:01:45.615+00,,0.0,real
abc0005576,2021-07-08 00:01:45.625+00,,0.0,real
abc0005577,2021-07-08 00:01:45.636+00,,0.0,test
abc0005580,2021-07-08 00:01:45.659+00,,0.0,test
abc0005581,2021-07-08 00:01:45.669+00,,0.0,real
abc0005588,2021-07-08 00:01:45.706+00,,0.0,real
abc0005590,2021-07-08 00:01:45.72+00,,0.0,real
abc0005592,2021-07-08 00:01:45.734+00,,0.0,real
abc0005595,2021-07-08 00:01:45.753+00,,0.0,test
abc0005595,2021-07-08 00:01:45.757+00,,0.0,real
abc0005596,2021-07-08 00:01:45.773+00,,0.0,real
abc0005599,2021-07-08 00:01:45.791+00,,0.0,real
abc0005602,2021-07-08 00:01:45.811+00,,0.0,real
abc0005605,2021-07-08 00:01:45.829+00,,0.0,real
abc0005606,2021-07-08 00:01:45.84+00,,0.0,real
abc0005609,2021-07-08 00:01:45.879+00,,0.0,real
abc0005610,2021-07-08 00:01:45.892+00,,0.0,real
abc0005612,2021-07-08 00:01:45.908+00,,0.0,real
abc0005613,2021-07-08 00:01:45.92+00,,0.0,real
abc0005614,2021-07-08 00:01:45.933+00,,0.0,real
abc0005616,2021-08-08 09:09:59.423+00,,-9.329999999999998,real
abc0005619,2021-07-08 00:01:45.967+00,,0.0,real
abc0005619,2021-07-08 00:01:45.972+00,,0.0,test
abc0005620,2021-07-08 00:01:45.984+00,,0.0,real
abc0005620,2021-07-08 00:01:45.992+00,,0.0,test
abc0005623,2021-07-08 00:01:46.013+00,,0.0,real
abc0005623,2021-07-08 00:01:46.017+00,,0.0,test
abc0005626,2021-07-08 00:01:46.036+00,,0.0,real
abc0005633,2021-07-08 00:01:46.072+00,,0.0,real
abc0005633,2021-07-08 00:01:46.077+00,,0.0,test
abc0005634,2021-07-08 00:01:46.092+00,,0.0,real
abc0005643,2021-07-08 00:01:46.134+00,,0.0,real
abc0005644,2021-07-08 00:01:46.144+00,,0.0,real
abc0005646,2021-07-08 00:01:46.159+00,,0.0,real
abc0005647,2021-07-08 00:01:46.169+00,,0.0,real
abc0005654,2021-08-02 19:27:00.042+00,,23.99,real
abc0005656,2021-07-08 00:01:46.226+00,,0.0,test
abc0005660,2021-07-08 00:01:46.25+00,,0.0,real
abc0005662,2021-07-08 00:01:46.265+00,,0.0,real
abc0005664,2021-07-08 00:01:46.279+00,,0.0,real
abc0005669,2021-07-08 00:01:46.317+00,,0.0,real
abc0005669,2021-07-08 00:01:46.322+00,,0.0,test
abc0005674,2021-07-08 00:01:46.35+00,,0.0,test
abc0005675,2021-07-08 00:01:46.361+00,,0.0,real
abc0005676,2021-07-08 00:01:46.373+00,,0.0,real
abc0005680,2021-07-08 00:01:46.399+00,,0.0,real
abc0005684,2021-07-08 00:01:46.422+00,,0.0,test
abc0005684,2021-07-08 00:01:46.427+00,,0.0,real
abc0005686,2021-07-08 00:01:46.441+00,,0.0,real
abc0005687,2021-07-08 00:01:46.451+00,,0.0,real
abc0005693,2021-07-08 00:01:46.488+00,,0.0,real
abc0005695,2021-11-01 22:32:29.192+00,,-29.84,real
abc0005697,2021-07-08 00:01:46.522+00,,0.0,test
abc0005697,2021-07-08 00:01:46.527+00,,0.0,real
abc0005698,2021-07-08 00:01:46.538+00,,0.0,test
abc0005698,2021-07-08 00:01:46.542+00,,0.0,real
abc0005699,2021-07-08 00:01:46.553+00,,0.0,real
abc0005711,2021-07-08 00:01:46.592+00,,0.0,real
abc0005714,2021-07-08 00:01:46.645+00,,0.0,test
abc0005716,2021-12-18 08:54:42.868+00,,4227.85,real
abc0005727,2021-07-08 00:01:46.713+00,,0.0,real
abc0005729,2021-07-08 00:01:46.734+00,,0.0,real
abc0005730,2021-07-08 00:01:46.745+00,,0.0,real
abc0005731,2021-07-08 00:01:46.757+00,,0.0,real
abc0005740,2021-07-08 00:01:46.824+00,,0.0,real
abc0005752,2022-07-31 06:37:32.125+00,,38.5,real
abc0005754,2021-07-08 00:01:46.887+00,,0.0,real
abc0005755,2021-07-08 00:01:46.897+00,,0.0,real
abc0005762,2021-07-08 00:01:46.932+00,,0.0,test
abc0005763,2021-07-08 00:01:46.943+00,,0.0,real
abc0005771,2021-07-08 00:01:46.991+00,,0.0,real
abc0005773,2021-07-08 00:01:47.005+00,,0.0,real
abc0005781,2021-07-08 00:01:47.051+00,,0.0,test
abc0005785,2021-07-08 00:01:47.083+00,,0.0,real
abc0005788,2021-07-08 00:01:47.102+00,,0.0,real
abc0005791,2021-07-08 00:01:47.125+00,,0.0,real
abc0005793,2021-07-08 00:01:47.14+00,,0.0,real
abc0005800,2021-07-08 00:01:47.18+00,,0.0,real
abc0005804,2021-07-08 00:01:47.203+00,,0.0,real
abc0005806,2021-07-08 00:01:47.218+00,,0.0,real
abc0005807,2021-07-08 00:01:47.23+00,,0.0,real
abc0005811,2021-07-08 00:01:47.253+00,,0.0,real
abc0005818,2021-07-08 00:01:47.291+00,,0.0,real
abc0005821,2021-07-08 00:01:47.31+00,,0.0,test
abc0005826,2021-07-08 00:01:47.337+00,,0.0,real
abc0005830,2021-07-08 00:01:47.366+00,,0.0,real
abc0005831,2021-07-08 00:01:47.377+00,,0.0,test
abc0005833,2021-07-08 00:01:47.391+00,,0.0,real
abc0005834,2021-07-08 00:01:47.401+00,,0.0,real
abc0005841,2021-07-08 00:01:47.436+00,,0.0,real
abc0005842,2021-09-08 09:10:37.123+00,,13.76,real
abc0005844,2021-07-08 00:01:47.46+00,,0.0,real
abc0005845,2021-07-08 00:01:47.47+00,,0.0,real
abc0005849,2021-07-08 00:01:47.493+00,,0.0,real
abc0005850,2021-07-08 00:01:47.504+00,,0.0,test
abc0005853,2021-07-08 00:01:47.529+00,,0.0,test
abc0005855,2021-07-08 00:01:47.539+00,,0.0,real
abc0005858,2021-07-08 00:01:47.553+00,,0.0,real
abc0005873,2021-07-08 00:01:47.576+00,,0.0,real
abc0005876,2021-07-08 00:01:47.601+00,,0.0,real
abc0005881,2021-07-08 00:01:47.629+00,,0.0,real
abc0005886,2021-07-08 00:01:47.657+00,,0.0,real
abc0005901,2021-07-08 00:01:47.737+00,,0.0,real
abc0005902,2021-07-08 00:01:47.751+00,,0.0,real
abc0005908,2021-07-08 00:01:47.78+00,,0.0,real
abc0005911,2021-07-08 00:01:47.799+00,,0.0,real
abc0005914,2021-07-08 00:01:47.817+00,,0.0,real
abc0005916,2021-07-08 00:01:47.833+00,,0.0,real
abc0005921,2021-07-08 00:01:47.855+00,,0.0,real
abc0005926,2021-07-08 00:01:47.884+00,,0.0,real
abc0005930,2021-07-08 00:01:47.907+00,,0.0,real
abc0005932,2022-09-03 21:48:43.938+00,,881.43,real
abc0005936,2021-07-08 00:01:47.938+00,,0.0,real
abc0005941,2021-07-08 00:01:47.957+00,,0.0,test
abc0005941,2021-07-08 00:01:47.962+00,,0.0,real
abc0005950,2021-07-08 00:01:48.003+00,,0.0,real
abc0005951,2021-07-08 00:01:48.015+00,,0.0,real
abc0005952,2021-07-08 00:01:48.025+00,,0.0,real
abc0005960,2021-07-08 00:01:48.068+00,,0.0,real
abc0005960,2021-07-08 00:01:48.073+00,,0.0,test
abc0005961,2021-07-08 00:01:48.084+00,,0.0,real
abc0005962,2021-07-08 00:01:48.095+00,,0.0,real
abc0005965,2021-07-08 00:01:48.114+00,,0.0,real
abc0005967,2021-07-08 00:01:48.128+00,,0.0,real
abc0005975,2021-07-08 00:01:48.172+00,,0.0,test
abc0005978,2021-07-08 00:01:48.191+00,,0.0,real
abc0005981,2021-07-08 00:01:48.209+00,,0.0,real
abc0005985,2021-07-08 00:01:48.236+00,,0.0,real
abc0005989,2021-10-21 19:14:09.07+00,,1842.23,real
abc0005991,2021-07-08 00:01:48.275+00,,0.0,real
abc0005995,2021-07-08 00:01:48.304+00,,0.0,real
abc0006001,2021-07-08 00:01:48.345+00,,0.0,real
abc0006002,2021-07-08 00:01:48.355+00,,0.0,real
abc0006005,2021-07-08 00:01:48.384+00,,0.0,real
abc0006010,2021-07-08 00:01:48.419+00,,0.0,real
abc0006016,2021-07-08 00:01:48.441+00,,0.0,real
abc0006017,2021-07-08 00:01:48.453+00,,0.0,test
abc0006017,2021-07-08 00:01:48.457+00,,0.0,real
abc0006023,2021-07-08 00:01:48.49+00,,0.0,real
abc0006024,2021-07-08 00:01:48.501+00,,0.0,real
abc0006032,2021-07-08 00:01:48.543+00,,0.0,test
abc0006033,2022-05-08 07:03:13.473+00,,195.0,real
abc0006034,2021-07-08 00:01:48.566+00,,0.0,real
abc0006039,2021-07-08 00:01:48.59+00,,0.0,real
abc0006040,2021-07-08 00:01:48.602+00,,0.0,test
abc0006041,2021-07-08 00:01:48.618+00,,0.0,real
abc0006044,2021-07-08 00:01:48.635+00,,0.0,real
abc0006049,2021-07-08 00:01:48.664+00,,0.0,real
abc0006054,2021-07-08 00:01:48.69+00,,0.0,real
abc0006055,2021-07-08 00:01:48.701+00,,0.0,real
abc0006056,2021-08-22 04:40:38.872+00,,75.0,real
abc0006057,2021-07-08 00:01:48.721+00,,0.0,real
abc0006063,2021-07-08 00:01:48.753+00,,0.0,test
abc0006070,2021-07-08 00:01:48.794+00,,0.0,real
abc0006071,2021-07-08 00:01:48.805+00,,0.0,real
abc0006076,2021-07-08 00:01:48.831+00,,0.0,test
abc0006076,2021-07-08 00:01:48.836+00,,0.0,real
abc0006078,2021-07-08 00:01:48.854+00,,0.0,real
abc0006078,2021-07-08 00:01:48.859+00,,0.0,test
abc0006079,2021-07-08 00:01:48.87+00,,0.0,real
abc0006080,2021-07-08 00:01:48.884+00,,0.0,real
abc0006082,2021-07-08 00:01:48.899+00,,0.0,real
abc0006084,2024-03-22 12:59:38.124+00,,-232847.269,real
abc0006088,2021-07-08 00:01:48.936+00,,0.0,real
abc0006089,2022-06-28 00:01:44.282+00,,-62549.97,real
abc0006090,2021-07-08 00:01:48.956+00,,0.0,real
abc0006091,2021-07-08 00:01:48.967+00,,0.0,test
abc0006093,2021-10-07 22:52:33.476+00,,-275.0,real
abc0006096,2021-07-08 00:01:49+00,,0.0,real
abc0006110,2021-07-08 00:01:49.058+00,,0.0,real
abc0006111,2021-07-08 00:01:49.068+00,,0.0,real
abc0006114,2021-07-08 00:01:49.086+00,,0.0,real
abc0006115,2021-07-08 00:01:49.105+00,,0.0,real
abc0006117,2021-07-08 00:01:49.119+00,,0.0,real
abc0006117,2021-07-08 00:01:49.124+00,,0.0,real
abc0006120,2021-07-08 00:01:49.143+00,,0.0,real
abc0006124,2021-07-08 00:01:49.167+00,,0.0,real
abc0006125,2021-07-08 00:01:49.178+00,,0.0,real
abc0006128,2021-07-08 00:01:49.199+00,,0.0,real
abc0006129,2021-07-08 00:01:49.209+00,,0.0,real
abc0006129,2021-07-08 00:01:49.214+00,,0.0,real
abc0006144,2021-07-08 00:01:49.277+00,,0.0,real
abc0006149,2021-07-08 00:01:49.306+00,,0.0,real
abc0006151,2021-07-08 00:01:49.323+00,,0.0,real
abc0006153,2021-07-08 00:01:49.34+00,,0.0,test
abc0006153,2021-07-08 00:01:49.344+00,,0.0,real
abc0006156,2022-09-17 15:00:08.398+00,,2.79,real
abc0006157,2021-07-08 00:01:49.376+00,,0.0,real
abc0006158,2023-03-30 02:09:43.73+00,,-1527.91,real
abc0006158,2021-07-08 00:01:49.391+00,,0.0,test
abc0006165,2022-07-15 00:03:32.916+00,,45.17,test
abc0006170,2021-07-08 00:01:49.457+00,,0.0,test
abc0006172,2021-07-08 00:01:49.473+00,,0.0,real
abc0006177,2021-07-08 00:01:49.497+00,,0.0,real
abc0006178,2021-07-08 00:01:49.508+00,,0.0,real
abc0006180,2021-07-08 00:01:49.523+00,,0.0,real
abc0006181,2021-07-08 00:01:49.533+00,,0.0,real
abc0006185,2021-07-08 00:01:49.55+00,,0.0,test
abc0006189,2021-07-08 00:01:49.569+00,,0.0,real
abc0006191,2021-07-08 00:01:49.583+00,,0.0,real
abc0006192,2021-07-08 00:01:49.594+00,,0.0,real
abc0006194,2021-07-08 00:01:49.609+00,,0.0,real
abc0006194,2021-07-08 00:01:49.614+00,,0.0,real
abc0006202,2024-03-14 00:07:09.711+00,,1191.8441,real
abc0006204,2021-07-08 00:01:49.673+00,,0.0,real
abc0006205,2021-07-08 00:01:49.684+00,,0.0,real
abc0006206,2021-07-08 00:01:49.698+00,,0.0,real
abc0006210,2021-07-08 00:01:49.722+00,,0.0,real
abc0006214,2021-07-08 00:01:49.746+00,,0.0,real
abc0006217,2021-07-08 00:01:49.766+00,,0.0,test
abc0006219,2021-07-08 00:01:49.782+00,,0.0,real
abc0006220,2021-07-08 00:01:49.795+00,,0.0,real
abc0006234,2021-07-08 00:01:49.871+00,,0.0,real
abc0006239,2021-07-08 00:01:49.899+00,,0.0,real
abc0006249,2021-07-08 00:01:49.954+00,,0.0,real
abc0006250,2021-07-08 00:01:49.964+00,,0.0,real
abc0006251,2021-07-08 00:01:49.974+00,,0.0,real
abc0006252,2021-07-08 00:01:49.985+00,,0.0,test
abc0006252,2021-07-08 00:01:49.989+00,,0.0,real
abc0006257,2021-07-08 00:01:50.028+00,,0.0,real
abc0006258,2021-07-08 00:01:50.039+00,,0.0,real
abc0006260,2021-07-11 11:41:29.219+00,,20.0,real
abc0006260,2021-07-08 00:01:50.058+00,,0.0,test
abc0006261,2021-07-08 00:01:50.068+00,,0.0,real
abc0006268,2021-07-08 00:01:50.104+00,,0.0,real
abc0006269,2021-07-08 00:01:50.115+00,,0.0,real
abc0006276,2021-10-13 00:01:43.15+00,,29.0,real
abc0006277,2021-07-08 00:01:50.164+00,,0.0,real
abc0006280,2021-07-08 00:01:50.183+00,,0.0,real
abc0006282,2021-07-08 00:01:50.197+00,,0.0,real
abc0006288,2021-07-08 00:01:50.231+00,,0.0,real
abc0006293,2021-07-08 00:01:50.259+00,,0.0,test
abc0006295,2021-07-08 00:01:50.274+00,,0.0,real
abc0006298,2021-07-08 00:01:50.293+00,,0.0,real
abc0006301,2021-07-08 00:01:50.314+00,,0.0,real
abc0006304,2021-07-08 00:01:50.334+00,,0.0,real
abc0006310,2021-07-08 00:01:50.358+00,,0.0,real
abc0006315,2021-07-08 00:01:50.401+00,,0.0,real
abc0006316,2021-09-27 07:00:52.135+00,,-48.84,real
abc0006326,2021-07-08 00:01:50.461+00,,0.0,real
abc0006331,2021-07-08 00:01:50.498+00,,0.0,real
abc0006334,2021-07-08 00:01:50.518+00,,0.0,real
abc0006346,2021-07-08 00:01:50.582+00,,0.0,test
abc0006348,2021-07-08 00:01:50.599+00,,0.0,real
abc0006350,2021-07-08 00:01:50.614+00,,0.0,real
abc0006351,2021-07-08 00:01:50.625+00,,0.0,real
abc0006354,2021-07-08 00:01:50.644+00,,0.0,real
abc0006367,2023-01-12 00:03:30.438+00,,-1019.89,real
abc0006372,2021-07-08 00:01:50.732+00,,0.0,real
abc0006373,2022-06-14 01:15:48.305+00,,494.54,real
abc0006377,2021-07-08 00:01:50.768+00,,0.0,real
abc0006379,2021-07-08 00:01:50.783+00,,0.0,real
abc0006380,2021-07-08 00:01:50.794+00,,0.0,real
abc0006383,2021-07-08 00:01:50.812+00,,0.0,real
abc0006388,2021-07-08 00:01:50.841+00,,0.0,real
abc0006390,2021-07-08 00:01:50.856+00,,0.0,test
abc0006395,2021-07-08 00:01:50.883+00,,0.0,real
abc0006395,2021-07-08 00:01:50.888+00,,0.0,test
abc0006401,2021-07-08 00:01:50.924+00,,0.0,real
abc0006402,2021-08-10 00:45:47.857+00,,15.0,real
abc0006406,2021-07-08 00:01:50.957+00,,0.0,test
abc0006407,2021-07-08 00:01:50.967+00,,0.0,real
abc0006412,2021-07-08 00:01:50.992+00,,0.0,real
abc0006422,2022-01-13 06:46:14.455+00,,8.0,real
abc0006424,2021-07-08 00:01:51.058+00,,0.0,real
abc0006427,2021-07-08 00:01:51.077+00,,0.0,real
abc0006427,2021-07-08 00:01:51.082+00,,0.0,real
abc0006428,2021-08-06 02:53:15.87+00,,1.01,real
abc0006435,2021-07-08 00:01:51.135+00,,0.0,real
abc0006437,2022-01-27 07:48:30.008+00,,1412.19,real
abc0006438,2021-07-08 00:01:51.16+00,,0.0,real
abc0006443,2021-07-08 00:01:51.188+00,,0.0,real
abc0006453,2021-08-06 23:15:09.855+00,,1034.94,real
abc0006456,2021-07-08 00:01:51.255+00,,0.0,real
abc0006458,2021-07-08 00:01:51.27+00,,0.0,real
abc0006465,2021-07-08 00:01:51.309+00,,0.0,real
abc0006468,2021-07-08 00:01:51.325+00,,0.0,real
abc0006468,2021-08-21 19:24:13.428+00,,-80.99,real
abc0006469,2021-07-08 00:01:51.34+00,,0.0,real
abc0006474,2021-07-08 00:01:51.366+00,,0.0,real
abc0006484,2021-07-08 00:01:51.406+00,,0.0,real
abc0006487,2021-07-08 00:01:51.424+00,,0.0,real
abc0006497,2021-07-08 00:01:51.475+00,,0.0,test
abc0006497,2023-05-26 00:03:35.073+00,,-50759.99,real
abc0006498,2021-07-08 00:01:51.49+00,,0.0,real
abc0006511,2021-07-08 00:01:51.548+00,,0.0,real
abc0006517,2021-07-08 00:01:51.582+00,,0.0,real
abc0006518,2021-07-08 00:01:51.592+00,,0.0,real
abc0006523,2021-07-08 00:01:51.621+00,,0.0,real
abc0006535,2021-07-08 00:01:51.681+00,,0.0,real
abc0006537,2021-07-08 00:01:51.703+00,,0.0,real
abc0006538,2021-07-08 00:01:51.713+00,,0.0,real
abc0006538,2021-07-08 00:01:51.718+00,,0.0,real
abc0006545,2021-07-08 00:01:51.749+00,,0.0,real
abc0006547,2021-07-08 00:01:51.764+00,,0.0,test
abc0006547,2021-07-08 00:01:51.768+00,,0.0,real
abc0006548,2021-08-06 02:09:20.697+00,,-258.12,real
abc0006552,2021-07-19 22:02:28.152+00,,55.0,real
abc0006557,2021-07-08 00:01:51.832+00,,0.0,real
abc0006570,2021-07-08 00:01:51.89+00,,0.0,real
abc0006577,2021-08-12 04:34:27.855+00,,10.0,test
abc0006586,2021-07-08 00:01:51.976+00,,0.0,real
abc0006591,2021-10-29 14:37:52.617+00,,1.77,real
abc0006598,2021-07-08 00:01:52.041+00,,0.0,real
abc0006598,2022-01-20 17:02:19.661+00,,311.54,real
abc0006604,2021-07-08 00:01:52.08+00,,0.0,real
abc0006607,2021-07-08 00:01:52.099+00,,0.0,real
abc0006609,2021-07-08 00:01:52.114+00,,0.0,real
abc0001635,2022-07-25 07:40:05.357+00,,11107.439999999999,test
abc0006551,2021-07-08 08:55:10.72+00,,0.0,real
abc0006630,2021-07-13 20:29:38.777+00,,-31.48,real
abc0006567,2021-07-09 00:01:44.472+00,,0.0,real
abc0006571,2021-07-09 00:01:44.497+00,,0.0,real
abc0006622,2021-07-09 00:01:44.76+00,,0.0,real
abc0006623,2021-07-09 00:01:44.771+00,,0.0,real
abc0006625,2021-07-09 00:01:44.787+00,,0.0,real
abc0006628,2023-07-29 14:51:25.504+00,,41.8029,real
abc0006629,2021-07-09 00:01:44.824+00,,0.0,real
abc0006632,2021-07-09 00:01:45.048+00,,0.0,real
abc0006567,2021-07-10 00:01:44.273+00,,0.0,test
abc0006634,2021-07-10 00:01:44.599+00,,0.0,real
abc0006637,2021-07-10 00:01:44.619+00,,0.0,real
abc0006639,2021-07-10 00:01:44.634+00,,0.0,real
abc0006640,2021-07-10 00:01:44.645+00,,0.0,real
abc0006643,2021-07-10 00:01:44.665+00,,0.0,real
abc0006566,2023-12-27 13:20:37.897+00,,-25211.278599999998,real
abc0006566,2021-07-11 00:01:42.943+00,,0.0,test
abc0006647,2021-07-11 00:01:43.359+00,,0.0,real
abc0006650,2021-07-11 00:01:43.38+00,,0.0,real
abc0006652,2021-07-11 00:01:43.396+00,,0.0,test
abc0006654,2021-07-11 00:01:43.412+00,,0.0,real
abc0006417,2021-07-21 00:31:05.362+00,,19.57,real
abc0006669,2021-07-11 11:59:45.92+00,,-23.76,real
abc0006674,2021-07-12 00:01:43.188+00,,0.0,real
abc0006599,2022-11-11 07:13:35.369+00,,3382.5874999999996,test
abc0006677,2021-07-18 13:06:08.57+00,,-431.41,test
abc0006680,2021-07-13 05:18:44.849+00,,1189.56,test
abc0006605,2021-07-12 15:58:06.483+00,,518.8,real
abc0005968,2021-07-13 00:01:41.088+00,,0.0,real
abc0006233,2021-07-13 00:01:42.56+00,,0.0,real
abc0006494,2021-07-13 00:01:43.954+00,,0.0,test
abc0006692,2021-07-13 00:01:44.961+00,,0.0,test
abc0006696,2022-02-26 20:43:23.094+00,,201.88,real
abc0006680,2021-10-27 09:34:12.397+00,,938.87,test
abc0006599,2021-07-13 21:55:10.179+00,,0.0,real
abc0003318,2023-05-31 02:44:31.409+00,,-2621.6965,real
abc0006509,2021-08-09 09:29:49.006+00,,5.95,real
abc0006698,2021-07-14 00:01:53.747+00,,0.0,real
abc0006699,2021-07-14 00:01:53.758+00,,0.0,real
abc0006700,2021-07-14 00:01:53.769+00,,0.0,real
abc0006704,2021-07-14 00:01:53.795+00,,0.0,real
abc0006706,2021-07-14 00:01:53.81+00,,0.0,real
abc0006712,2021-07-14 00:01:53.842+00,,0.0,real
abc0006715,2021-07-14 00:01:53.862+00,,0.0,real
abc0006716,2021-08-03 10:18:36.897+00,,25.46,real
abc0006726,2022-11-03 22:45:32.136+00,,3258.07,real
abc0005589,2021-07-15 00:01:37.553+00,,0.0,real
abc0006532,2021-07-15 00:01:42.473+00,,0.0,test
abc0006675,2021-07-30 11:09:12.413+00,,156.26,real
abc0006709,2021-12-18 23:40:02.979+00,,68.83,real
abc0006718,2021-07-15 00:01:43.424+00,,0.0,real
abc0006720,2021-07-15 00:01:43.441+00,,0.0,real
abc0006721,2021-07-15 00:01:43.451+00,,0.0,real
abc0006723,2021-07-15 00:01:43.467+00,,0.0,test
abc0006728,2021-07-15 00:01:43.498+00,,0.0,real
abc0006729,2021-07-15 00:01:43.509+00,,0.0,real
abc0006733,2021-07-15 00:01:43.532+00,,0.0,real
abc0006734,2021-07-15 00:01:43.543+00,,0.0,real
abc0006735,2021-07-15 00:01:43.554+00,,0.0,real
abc0006740,2022-11-06 10:27:10.613+00,,290.74,real
abc0006748,2021-07-28 21:31:58.657+00,,142.76,real
abc0004708,2024-01-09 06:27:13.997+00,,-38271.7476,real
abc0006736,2021-07-16 00:01:45.551+00,,0.0,real
abc0006746,2021-07-16 00:01:45.611+00,,0.0,real
abc0006759,2021-07-30 04:55:24.905+00,,0.0,test
abc0006761,2021-07-16 17:53:24.68+00,,10.55,test
abc0006737,2023-06-22 03:31:05.048+00,,-3465.0314000000003,real
abc0005918,2021-07-17 00:01:39.744+00,,0.0,real
abc0006626,2021-08-27 00:01:44.618+00,,-1874.6300000000003,real
abc0006724,2021-07-17 00:01:43.974+00,,0.0,real
abc0006756,2021-07-17 00:01:44.161+00,,0.0,real
abc0006763,2021-07-17 00:01:44.201+00,,0.0,test
abc0006677,2021-07-18 00:01:45.248+00,,0.0,real
abc0006765,2021-08-15 11:52:20.977+00,,191.22,real
abc0006775,2021-07-18 00:01:45.806+00,,0.0,real
abc0006776,2021-07-18 00:01:45.818+00,,0.0,real
abc0006783,2021-07-18 16:54:39.375+00,,0.0,real
abc0006784,2022-06-13 11:58:55.007+00,,15310.5,real
abc0006787,2021-07-27 00:01:45.282+00,,20.86,real
abc0006768,2021-07-21 00:44:50.345+00,,935.0,real
abc0006782,2021-07-19 00:01:59.944+00,,0.0,real
abc0006782,2021-07-19 00:01:59.95+00,,0.0,real
abc0006785,2021-07-19 00:01:59.979+00,,0.0,real
abc0006786,2021-08-08 21:20:45.051+00,,1878.0,real
abc0006781,2021-07-19 20:38:09.778+00,,273.0,real
abc0006774,2021-07-20 00:01:46.315+00,,0.0,real
abc0006792,2021-07-20 00:01:46.42+00,,0.0,real
abc0005583,2021-07-20 16:17:38.247+00,,224.9,real
abc0006813,2021-07-23 19:06:20.317+00,,46.64,real
abc0003096,2021-07-21 11:30:37.594+00,,1333.62,test
abc0006769,2021-07-21 00:01:44.675+00,,0.0,real
abc0006802,2021-07-21 00:01:44.849+00,,0.0,real
abc0006802,2021-07-21 00:01:44.854+00,,0.0,test
abc0006804,2021-07-21 00:01:44.873+00,,0.0,test
abc0006804,2021-07-21 00:01:44.878+00,,0.0,real
abc0006810,2021-07-21 00:01:44.915+00,,0.0,test
abc0006810,2021-07-21 00:01:44.92+00,,0.0,real
abc0006814,2021-07-21 00:01:44.948+00,,0.0,real
abc0006815,2021-07-21 00:01:44.959+00,,0.0,test
abc0006812,2021-09-04 17:43:05.673+00,,2381.86,real
abc0006826,2021-07-30 04:55:23.061+00,,898.78,real
abc0006197,2023-03-30 02:09:44.856+00,,-1874.5582,real
abc0006823,2021-07-22 00:01:44.333+00,,0.0,real
abc0006829,2021-07-22 00:01:44.367+00,,0.0,real
abc0001635,2024-03-23 02:01:52.273+00,,-63359196.11000001,real
abc0006837,2021-07-22 17:44:25.404+00,,89.84,real
abc0006834,2021-07-22 10:38:30.575+00,,0.0,real
abc0004984,2023-12-09 00:03:28.902+00,,-21570.161500000002,real
abc0006767,2021-08-18 14:18:41.985+00,,172.74,real
abc0006817,2023-02-01 00:20:59.319+00,,-337.5013,real
abc0006818,2024-03-23 00:06:14.06+00,,-2159859.4702000003,real
abc0006819,2024-03-23 00:06:14.171+00,,-1721577.5871,real
abc0006821,2021-07-23 00:01:46.381+00,,0.0,real
abc0006822,2023-08-25 02:07:48.025+00,,-59630.9853,real
abc0006831,2021-07-23 00:01:46.447+00,,0.0,test
abc0006834,2021-07-23 00:01:46.468+00,,0.0,test
abc0006840,2021-07-23 00:01:46.509+00,,0.0,test
abc0003812,2021-07-24 00:01:27.639+00,,0.0,real
abc0006827,2021-07-24 00:01:44.432+00,,0.0,real
abc0006831,2021-07-24 00:01:44.462+00,,0.0,real
abc0006842,2021-07-24 00:01:44.525+00,,0.0,test
abc0006842,2021-07-24 00:01:44.531+00,,0.0,real
abc0006853,2021-07-25 00:01:44.713+00,,0.0,test
abc0006853,2021-07-25 00:01:44.721+00,,0.0,real
abc0006856,2021-07-25 00:01:44.745+00,,0.0,test
abc0006861,2021-07-25 00:01:44.774+00,,0.0,real
abc0006841,2021-07-26 00:01:44.328+00,,0.0,real
abc0006865,2021-07-26 00:01:44.466+00,,0.0,real
abc0006868,2021-07-26 00:01:44.49+00,,0.0,test
abc0006872,2021-07-26 00:01:44.516+00,,0.0,real
abc0006873,2021-08-02 13:50:46.034+00,,130.58,real
abc0006875,2022-06-28 19:39:54.41+00,,1377.52,real
abc0006885,2021-11-19 13:50:53.584+00,,3274.23,test
abc0006820,2023-03-30 02:10:05.14+00,,-2392591.8899999997,real
abc0006879,2021-07-27 00:01:45.813+00,,0.0,real
abc0006879,2021-07-27 03:44:34.635+00,,5.0,test
abc0006882,2021-07-27 00:01:45.84+00,,0.0,real
abc0006886,2021-07-27 00:01:45.867+00,,0.0,real
abc0006887,2021-07-27 00:01:45.879+00,,0.0,test
abc0006891,2021-07-27 00:01:45.904+00,,0.0,real
abc0006900,2022-03-16 17:02:05.451+00,,1187.69,real
abc0004840,2021-07-28 00:01:34.508+00,,0.0,real
abc0006882,2021-07-28 00:01:45.631+00,,0.0,test
abc0006896,2021-07-28 00:01:45.719+00,,0.0,real
abc0006898,2021-07-28 00:01:45.735+00,,0.0,real
abc0006899,2021-07-28 00:01:45.748+00,,0.0,real
abc0006907,2021-07-28 00:01:45.779+00,,0.0,real
abc0006909,2021-07-28 00:01:45.795+00,,0.0,real
abc0006918,2022-11-29 00:03:34.576+00,,-2866.2796000000003,real
abc0006170,2024-01-09 14:25:40.384+00,,-520275.9127,real
abc0006348,2021-07-29 00:01:42.559+00,,0.0,test
abc0006429,2021-07-29 00:01:43.006+00,,0.0,real
abc0006601,2022-03-12 16:04:36.552+00,,-232.7500000000001,real
abc0006891,2021-07-29 00:01:45.485+00,,0.0,test
abc0006894,2021-07-29 00:01:45.509+00,,0.0,real
abc0006914,2021-07-29 00:01:45.594+00,,0.0,real
abc0006917,2021-07-29 00:01:45.618+00,,0.0,test
abc0006926,2021-08-19 03:26:16.062+00,,105.0,test
abc0006761,2021-08-03 01:37:20.409+00,,-299.0,real
abc0006933,2021-07-29 10:44:03.456+00,,4.02,test
abc0004958,2021-07-30 00:01:35.553+00,,0.0,real
abc0006897,2021-07-30 00:01:46.015+00,,0.0,real
abc0006904,2021-07-30 00:01:46.049+00,,0.0,real
abc0006927,2021-07-30 00:01:46.169+00,,0.0,real
abc0006929,2021-07-30 00:01:46.185+00,,0.0,real
abc0006940,2021-07-30 00:01:46.246+00,,0.0,real
abc0006885,2023-01-15 19:53:25.726+00,,472.96,real
abc0001511,2021-10-02 00:01:20.428+00,,93.0,real
abc0004618,2021-07-31 00:01:32.747+00,,0.0,real
abc0006864,2021-09-16 15:55:14.787+00,,501.38,real
abc0006926,2021-07-31 00:01:45.375+00,,0.0,real
abc0006938,2021-07-31 00:01:45.445+00,,0.0,real
abc0006947,2021-07-31 00:01:45.497+00,,0.0,real
abc0006949,2021-07-31 00:01:45.514+00,,0.0,real
abc0006954,2021-07-31 00:01:45.544+00,,0.0,real
abc0006959,2021-07-31 09:55:11.144+00,,0.0,real
abc0006959,2021-07-31 13:02:34.857+00,,45.0,test
abc0006691,2021-08-01 00:01:44.714+00,,0.0,real
abc0006965,2021-08-01 00:01:46.262+00,,0.0,real
abc0006969,2021-08-01 00:01:46.287+00,,0.0,test
abc0006431,2021-08-02 00:01:42.091+00,,0.0,real
abc0006626,2021-08-02 00:01:43.134+00,,0.0,test
abc0006877,2021-08-02 02:31:07.852+00,,10.0,real
abc0006973,2021-08-02 00:01:45.084+00,,0.0,test
abc0006974,2022-10-10 00:03:10.089+00,,30.0,real
abc0006977,2021-08-02 00:01:45.116+00,,0.0,real
abc0006937,2021-08-14 07:33:56.128+00,,2.1,real
abc0006216,2021-08-03 00:01:41.753+00,,0.0,real
abc0006509,2021-08-03 00:01:43.397+00,,0.0,real
abc0006988,2021-08-03 00:01:46.012+00,,0.0,test
abc0006989,2021-11-29 16:03:11.693+00,,18.02,real
abc0006993,2021-08-03 00:01:46.048+00,,0.0,real
abc0006993,2021-08-03 00:01:46.054+00,,0.0,test
abc0006995,2021-08-03 00:01:46.069+00,,0.0,real
abc0006996,2021-08-03 00:01:46.08+00,,0.0,real
abc0006998,2021-08-03 00:01:46.096+00,,0.0,real
abc0006994,2021-08-03 12:55:11.021+00,,0.0,real
abc0006795,2023-03-30 02:10:04.106+00,,-19361.0,real
abc0005110,2021-08-04 00:01:38.461+00,,0.0,real
abc0006744,2021-08-04 00:01:47.315+00,,0.0,real
abc0006994,2021-08-23 12:49:51.958+00,,47.19,test
abc0007000,2021-08-04 00:01:48.744+00,,0.0,real
abc0007007,2021-08-04 00:01:48.779+00,,0.0,real
abc0007008,2021-08-04 00:01:48.792+00,,0.0,real
abc0007011,2021-08-04 00:01:48.811+00,,0.0,real
abc0006601,2022-06-17 23:09:02.318+00,,88.46,test
abc0006532,2021-08-05 00:01:42.43+00,,0.0,real
abc0007019,2021-08-05 00:01:45.171+00,,0.0,test
abc0007020,2021-08-05 00:01:45.183+00,,0.0,real
abc0007025,2021-08-05 00:01:45.212+00,,0.0,real
abc0007030,2021-08-13 10:27:57.124+00,,156.42,real
abc0007033,2021-08-05 00:01:45.257+00,,0.0,real
abc0006627,2021-08-06 21:40:57.421+00,,-457.5,test
abc0004424,2021-08-06 00:01:34.265+00,,0.0,test
abc0007035,2021-08-06 00:01:48.605+00,,0.0,test
abc0007040,2021-08-06 00:01:48.63+00,,0.0,real
abc0007044,2021-08-06 00:01:48.653+00,,0.0,test
abc0007047,2021-08-06 00:01:48.673+00,,0.0,real
abc0007048,2021-08-06 00:01:48.684+00,,0.0,test
abc0006166,2021-08-07 00:01:44.778+00,,0.0,real
abc0006985,2021-08-07 00:01:49.306+00,,0.0,real
abc0007054,2021-08-07 00:01:49.669+00,,0.0,real
abc0007055,2021-08-07 00:01:49.681+00,,0.0,real
abc0007057,2021-08-07 00:01:49.696+00,,0.0,real
abc0007036,2021-08-08 00:01:46.493+00,,0.0,test
abc0007055,2021-08-08 00:01:46.608+00,,0.0,test
abc0007064,2021-08-08 00:01:46.668+00,,0.0,real
abc0007069,2021-08-08 00:01:46.7+00,,0.0,test
abc0007071,2021-08-08 00:01:46.718+00,,0.0,test
abc0007073,2021-08-09 00:01:46.778+00,,0.0,real
abc0007081,2021-08-09 00:01:46.83+00,,0.0,real
abc0007083,2021-08-09 00:01:46.847+00,,0.0,real
abc0006976,2022-03-28 17:52:34.866+00,,438.86,real
abc0007086,2021-08-10 00:01:47.605+00,,0.0,real
abc0007089,2021-08-10 00:01:47.634+00,,0.0,real
abc0007089,2021-08-10 00:01:47.64+00,,0.0,test
abc0007091,2021-08-10 00:01:47.658+00,,0.0,test
abc0007094,2021-08-10 00:01:47.682+00,,0.0,real
abc0007098,2021-08-10 00:01:47.708+00,,0.0,real
abc0007098,2022-06-12 06:44:00.446+00,,90.0,real
abc0007099,2021-08-10 00:01:47.726+00,,0.0,real
abc0006636,2021-08-10 06:18:54.497+00,,18.13,test
abc0007102,2024-03-18 11:37:48.493+00,,-3848045.84,real
abc0007104,2024-03-23 08:44:34.965+00,,-419443717.87999994,real
abc0007105,2024-03-23 08:08:48.21+00,,-42392066.949999996,real
abc0006636,2021-08-11 00:01:45.9+00,,0.0,real
abc0007097,2022-02-11 04:56:45.351+00,,35789.74,real
abc0007101,2021-08-11 00:01:48.501+00,,0.0,real
abc0007108,2021-08-11 00:01:48.537+00,,0.0,real
abc0007117,2021-08-11 00:01:48.58+00,,0.0,real
abc0007118,2021-08-11 00:01:48.592+00,,0.0,real
abc0007127,2021-08-12 00:01:47.64+00,,0.0,test
abc0007139,2021-08-12 00:01:47.703+00,,0.0,real
abc0007147,2021-09-02 22:33:22.026+00,,2.0,real
abc0007147,2021-08-12 00:01:47.754+00,,0.0,test
abc0007149,2021-10-15 21:51:34.81+00,,400.99,real
abc0006956,2021-08-13 00:01:46.277+00,,0.0,test
abc0007154,2021-08-13 00:01:47.34+00,,0.0,real
abc0007158,2021-08-13 00:01:47.366+00,,0.0,real
abc0007164,2021-08-13 00:01:47.401+00,,0.0,real
abc0005600,2021-09-15 15:49:08.492+00,,-97.5,test
abc0006549,2021-08-14 00:01:44.795+00,,0.0,real
abc0007145,2021-08-14 00:01:48.148+00,,0.0,real
abc0007171,2021-08-14 00:01:48.285+00,,0.0,real
abc0007183,2021-08-15 00:01:48.522+00,,0.0,real
abc0007186,2021-08-15 00:01:48.545+00,,0.0,real
abc0007186,2021-08-15 00:01:48.553+00,,0.0,test
abc0007188,2021-08-15 00:01:48.57+00,,0.0,real
abc0007189,2021-08-15 00:01:48.581+00,,0.0,test
abc0007191,2021-08-15 00:01:48.6+00,,0.0,real
abc0007196,2021-08-16 00:01:49.073+00,,0.0,real
abc0007199,2021-08-16 00:01:49.097+00,,0.0,test
abc0007199,2021-08-16 00:01:49.103+00,,0.0,real
abc0007203,2021-08-16 00:01:49.128+00,,0.0,real
abc0007204,2021-11-27 00:21:36.479+00,,1922.55,real
abc0005337,2021-08-17 00:01:37.719+00,,0.0,real
abc0006430,2021-08-17 00:01:43.694+00,,0.0,real
abc0007198,2021-08-17 00:01:47.814+00,,0.0,real
abc0007198,2021-08-17 00:01:47.82+00,,0.0,test
abc0007214,2021-08-17 00:01:47.913+00,,0.0,real
abc0007215,2021-08-17 00:01:47.925+00,,0.0,real
abc0007217,2021-08-17 00:01:47.941+00,,0.0,test
abc0007219,2021-08-17 00:01:47.957+00,,0.0,real
abc0007227,2024-03-22 00:05:59.229+00,,-348375.0503,real
abc0007213,2024-03-05 00:05:33.878+00,,-3554757.4935,real
abc0007124,2021-08-17 18:55:10.849+00,,0.0,real
abc0007132,2021-08-18 00:01:46.23+00,,0.0,real
abc0007163,2021-08-18 00:01:46.39+00,,0.0,real
abc0007226,2021-08-18 00:01:46.74+00,,0.0,real
abc0007228,2021-08-18 00:01:46.759+00,,0.0,real
abc0007232,2021-08-18 00:01:46.784+00,,0.0,real
abc0007244,2021-08-28 07:32:39.153+00,,-34.0,test
abc0006809,2021-08-19 00:01:45.083+00,,0.0,real
abc0007224,2021-08-19 06:11:08.979+00,,149.0,test
abc0007224,2023-05-04 07:40:32.729+00,,361.088,real
abc0007244,2021-08-19 00:01:47.551+00,,0.0,real
abc0007247,2021-08-19 00:01:47.575+00,,0.0,real
abc0007251,2021-08-19 00:01:47.595+00,,0.0,test
abc0007254,2021-11-10 15:32:42.41+00,,1.0098,real
abc0007254,2021-08-20 00:01:49.387+00,,0.0,test
abc0007261,2021-08-20 00:01:49.429+00,,0.0,real
abc0007261,2021-08-20 00:01:49.435+00,,0.0,test
abc0007263,2021-08-20 00:01:49.453+00,,0.0,test
abc0007277,2021-08-25 20:22:52.675+00,,239.16,real
abc0007283,2021-08-21 12:55:15.335+00,,0.0,real
abc0007224,2022-05-18 09:02:11.317+00,,744.4,real
abc0007238,2021-08-22 00:01:47.599+00,,0.0,real
abc0007279,2021-08-22 00:01:47.823+00,,0.0,test
abc0007280,2021-09-24 13:16:30.796+00,,15.0,real
abc0007286,2021-08-22 00:01:47.874+00,,0.0,real
abc0007295,2022-05-24 19:08:20.772+00,,915.2,real
abc0007297,2021-08-23 00:01:48.269+00,,0.0,real
abc0007299,2021-08-23 00:01:48.302+00,,0.0,real
abc0007300,2021-08-23 00:01:48.315+00,,0.0,real
abc0007302,2021-08-23 04:09:53.104+00,,2.0,real
abc0002075,2021-12-15 00:01:16.898+00,,-111.63,real
abc0007305,2021-09-01 10:56:08.968+00,,71.0,test
abc0007301,2021-08-24 00:01:48.424+00,,0.0,real
abc0007305,2021-08-24 00:01:48.456+00,,0.0,real
abc0007311,2021-08-24 00:01:48.493+00,,0.0,real
abc0007312,2021-08-24 00:01:48.506+00,,0.0,real
abc0007317,2021-08-24 00:01:48.534+00,,0.0,real
abc0007333,2021-08-24 19:14:40.16+00,,4.82,test
abc0007290,2021-08-24 19:54:07.66+00,,15.97,test
abc0005252,2022-01-16 17:44:14.591+00,,25.27,real
abc0007240,2022-01-03 09:04:36.787+00,,2.0,real
abc0007304,2021-08-25 00:01:48.157+00,,0.0,real
abc0007321,2021-11-27 11:29:31.775+00,,76.97,real
abc0007321,2021-08-25 00:01:48.252+00,,0.0,test
abc0007326,2021-08-25 00:01:48.282+00,,0.0,real
abc0007327,2021-08-25 00:01:48.294+00,,0.0,real
abc0007333,2021-08-25 00:01:48.33+00,,0.0,real
abc0007337,2021-08-25 00:01:48.351+00,,0.0,real
abc0007338,2024-03-23 08:24:49.071+00,,-506213.9568,real
abc0003998,2023-03-03 00:16:35.128+00,,-8413.1859,real
abc0007271,2021-08-26 00:01:48.179+00,,0.0,test
abc0007322,2023-12-05 00:05:16.139+00,,-586.9821999999999,real
abc0007326,2021-08-26 00:01:48.486+00,,0.0,test
abc0007341,2021-08-26 00:01:48.57+00,,0.0,test
abc0007344,2021-08-26 00:01:48.59+00,,0.0,real
abc0007345,2021-08-26 00:01:48.601+00,,0.0,real
abc0007348,2021-08-26 00:01:48.621+00,,0.0,real
abc0007351,2021-08-26 00:01:48.642+00,,0.0,real
abc0007271,2021-08-27 00:01:48.173+00,,0.0,real
abc0007319,2021-08-27 00:01:48.433+00,,0.0,test
abc0007353,2021-08-27 00:01:48.634+00,,0.0,real
abc0007354,2021-08-27 09:58:56.254+00,,4.92,test
abc0007354,2021-08-27 00:01:48.656+00,,0.0,real
abc0007356,2021-08-27 00:01:48.672+00,,0.0,real
abc0007358,2021-08-27 00:01:48.687+00,,0.0,real
abc0007338,2023-07-29 00:04:26.7+00,,398.69519999999943,test
abc0007365,2021-08-28 00:01:49.367+00,,0.0,real
abc0007245,2021-08-30 08:27:32.769+00,,12.15,test
abc0006161,2021-08-29 00:01:41.776+00,,0.0,real
abc0006620,2023-03-04 00:03:07.204+00,,37.0909,real
abc0007371,2021-08-29 00:01:48.632+00,,0.0,real
abc0007375,2021-08-29 00:01:48.667+00,,0.0,real
abc0007378,2021-08-29 00:01:48.689+00,,0.0,real
abc0007379,2021-08-29 00:01:48.702+00,,0.0,real
abc0007384,2021-08-30 00:01:48.496+00,,0.0,real
abc0007390,2021-08-30 00:01:48.534+00,,0.0,real
abc0007343,2021-08-31 00:01:51.043+00,,0.0,test
abc0007389,2021-08-31 00:01:51.296+00,,0.0,real
abc0007400,2021-08-31 00:01:51.353+00,,0.0,real
abc0007400,2021-08-31 00:01:51.359+00,,0.0,test
abc0007404,2021-08-31 00:01:51.386+00,,0.0,real
abc0007409,2021-08-31 00:01:51.415+00,,0.0,test
abc0007410,2021-08-31 00:01:51.426+00,,0.0,real
abc0007412,2021-08-31 00:01:51.441+00,,0.0,test
abc0007412,2021-08-31 00:55:12.258+00,,0.0,real
abc0003923,2021-08-31 09:22:54.849+00,,49.8,test
abc0005427,2021-09-01 00:01:41.635+00,,0.0,test
abc0007376,2021-09-01 00:01:52.252+00,,0.0,test
abc0007413,2021-09-01 00:01:52.448+00,,0.0,real
abc0007425,2021-09-01 00:01:52.508+00,,0.0,real
abc0007284,2021-09-02 00:01:50.386+00,,0.0,test
abc0007433,2021-09-02 00:01:51.21+00,,0.0,test
abc0007445,2021-09-02 07:44:26.996+00,,10.03,real
abc0007444,2021-09-14 10:36:26.392+00,,17.03,test
abc0007436,2022-09-21 18:08:11.342+00,,93.94,test
abc0007449,2021-09-03 10:20:57.032+00,,4.76,real
abc0006930,2021-09-03 00:01:48.156+00,,0.0,real
abc0007178,2022-08-30 17:56:49.26+00,,13.98,real
abc0007436,2021-09-03 00:01:50.976+00,,0.0,real
abc0007453,2021-09-03 00:01:51.072+00,,0.0,real
abc0007455,2021-09-03 00:01:51.088+00,,0.0,test
abc0007399,2021-09-07 00:01:51.766+00,,-120.17,real
abc0007469,2022-05-07 02:39:45.377+00,,3112.9,real
abc0007428,2021-09-04 00:01:50.256+00,,0.0,real
abc0007452,2022-06-02 23:53:46.103+00,,345.53,real
abc0007457,2021-09-04 00:01:50.428+00,,0.0,test
abc0007457,2021-09-04 00:01:50.433+00,,0.0,real
abc0007470,2021-09-04 00:01:50.505+00,,0.0,test
abc0007473,2021-09-04 00:01:50.525+00,,0.0,real
abc0007477,2021-09-04 19:02:49.422+00,,64.43,real
abc0007433,2021-09-05 00:01:51.001+00,,0.0,real
abc0007474,2023-10-29 09:51:15.615+00,,245.06170000000003,real
abc0007483,2021-09-05 00:01:51.31+00,,0.0,real
abc0007486,2021-09-05 00:01:51.332+00,,0.0,real
abc0007490,2021-09-06 00:01:51.168+00,,0.0,real
abc0007490,2021-09-06 00:01:51.177+00,,0.0,test
abc0007493,2021-09-06 00:01:51.199+00,,0.0,real
abc0007494,2021-09-06 00:01:51.211+00,,0.0,real
abc0007502,2021-09-06 10:05:11.17+00,,-1.0,real
abc0007508,2021-09-06 11:07:18.251+00,,0.0,real
abc0005592,2021-09-07 00:01:41.909+00,,0.0,test
abc0007495,2021-09-07 00:01:52.292+00,,0.0,real
abc0007498,2022-03-22 00:01:45.239+00,,11.21,real
abc0007503,2021-09-07 00:01:52.339+00,,0.0,real
abc0007595,2021-10-16 06:18:23.102+00,,1273.48,real
abc0007597,2021-09-07 00:01:52.78+00,,0.0,real
abc0007603,2021-09-07 00:01:52.814+00,,0.0,real
abc0006299,2024-03-23 05:59:13.044+00,,53696.09880000001,real
abc0007505,2021-09-08 00:47:45.213+00,,4.0,real
abc0007505,2021-09-08 00:01:57.191+00,,0.0,test
abc0007609,2021-09-08 00:01:57.695+00,,0.0,real
abc0007614,2021-10-25 23:23:24.921+00,,92.18,real
abc0007630,2021-09-08 00:01:57.807+00,,0.0,real
abc0007633,2021-09-08 00:01:57.829+00,,0.0,real
abc0007648,2021-09-20 11:14:20.057+00,,-174.88,real
abc0004195,2021-09-08 22:54:27.595+00,,32.2,test
abc0007647,2021-09-09 00:01:51.15+00,,0.0,test
abc0007647,2021-09-09 00:01:51.157+00,,0.0,real
abc0007649,2021-09-09 00:01:51.18+00,,0.0,real
abc0007654,2021-09-09 00:01:51.206+00,,0.0,real
abc0005529,2024-03-23 00:05:08.451+00,,-458.9633000000001,test
abc0005594,2021-09-10 00:01:40.904+00,,0.0,real
abc0007177,2021-09-10 00:01:49.513+00,,0.0,real
abc0007493,2021-09-10 00:01:51.305+00,,0.0,test
abc0007637,2021-09-10 00:01:52.02+00,,0.0,real
abc0007661,2021-09-10 00:01:52.143+00,,0.0,test
abc0007666,2021-10-30 02:58:01.532+00,,0.77,real
abc0005479,2021-09-10 04:45:44.114+00,,73.47,real
abc0006577,2021-09-10 06:55:10.967+00,,0.0,real
abc0007670,2021-09-14 16:04:59.395+00,,4.72,test
abc0005094,2021-09-11 00:01:37.495+00,,0.0,real
abc0007172,2021-09-11 00:01:49.345+00,,0.0,real
abc0007461,2021-09-11 00:01:50.94+00,,0.0,real
abc0007613,2021-09-11 00:01:51.706+00,,0.0,real
abc0007670,2021-09-11 00:01:51.993+00,,0.0,real
abc0007677,2021-09-11 00:01:52.036+00,,0.0,real
abc0007678,2021-09-11 00:01:52.047+00,,0.0,test
abc0007680,2022-01-31 01:47:30.813+00,,-821.0,real
abc0007681,2021-09-11 00:01:52.075+00,,0.0,real
abc0007687,2021-09-11 00:01:52.102+00,,0.0,test
abc0007689,2021-09-11 00:01:52.117+00,,0.0,real
abc0007689,2021-09-11 00:01:52.123+00,,0.0,test
abc0007696,2021-09-11 00:01:52.163+00,,0.0,real
abc0007690,2021-10-18 10:43:13.439+00,,3362.14,real
abc0007715,2021-09-11 23:04:52.296+00,,2.34,real
abc0001744,2021-10-01 04:37:19.439+00,,0.0,real
abc0007368,2022-06-13 22:35:17.681+00,,997.35,real
abc0007604,2021-09-12 00:01:51.772+00,,0.0,test
abc0007693,2021-09-12 00:01:52.237+00,,0.0,test
abc0007712,2021-09-12 00:01:52.333+00,,0.0,test
abc0007713,2021-09-12 00:01:52.344+00,,0.0,test
abc0007714,2022-04-30 03:00:37.227+00,,480.0,real
abc0003563,2024-01-04 06:31:16.416+00,,-28.357599999999998,real
abc0006546,2021-09-13 00:01:48.809+00,,0.0,real
abc0007719,2021-09-13 00:01:55.234+00,,0.0,test
abc0007720,2021-10-02 21:18:56.141+00,,61.77,real
abc0007721,2021-11-02 19:44:46.349+00,,132.92,real
abc0007725,2021-09-13 02:19:24.492+00,,15.0,real
abc0007728,2022-04-20 03:42:17.811+00,,10.81,real
abc0007728,2022-01-13 00:02:07.872+00,,-62.85,test
abc0007730,2021-09-13 09:02:03.765+00,,4.13,real
abc0007648,2022-06-25 15:41:29.116+00,,1829.56,real
abc0007059,2021-09-14 00:01:47.158+00,,0.0,real
abc0007727,2021-09-14 00:01:50.773+00,,0.0,test
abc0007732,2021-09-14 00:01:50.816+00,,0.0,real
abc0007737,2021-09-14 00:01:50.845+00,,0.0,real
abc0007738,2021-09-14 00:01:50.856+00,,0.0,real
abc0007748,2021-09-14 03:35:28.111+00,,9.03,test
abc0007692,2021-09-14 17:42:26.584+00,,13.85,real
abc0007475,2021-09-15 00:01:52.025+00,,0.0,real
abc0007738,2021-09-15 00:01:53.379+00,,0.0,test
abc0007747,2021-09-15 00:01:53.428+00,,0.0,real
abc0007749,2021-09-17 00:01:58.329+00,,2.0,real
abc0007751,2021-09-15 00:01:53.464+00,,0.0,real
abc0007752,2021-09-15 00:01:53.48+00,,0.0,real
abc0007760,2021-09-15 00:01:53.508+00,,0.0,test
abc0007762,2021-09-15 00:01:53.524+00,,0.0,test
abc0005600,2021-09-15 15:55:12.235+00,,0.0,real
abc0007652,2021-09-26 17:39:29.557+00,,1213.0,real
abc0002515,2022-03-16 07:21:50.333+00,,-378.17,test
abc0007427,2021-09-16 00:01:50.915+00,,0.0,real
abc0007764,2021-09-16 00:01:52.701+00,,0.0,test
abc0007764,2021-09-16 00:01:52.706+00,,0.0,real
abc0007766,2021-09-16 00:01:52.723+00,,0.0,real
abc0002515,2022-08-26 21:55:18.752+00,,-1307.5300000000002,real
abc0004482,2021-09-17 00:01:39.869+00,,0.0,real
abc0007767,2021-09-17 00:01:58.422+00,,0.0,test
abc0007774,2021-09-17 00:01:58.46+00,,0.0,test
abc0007774,2021-09-17 00:01:58.465+00,,0.0,real
abc0007786,2021-09-17 00:01:58.536+00,,0.0,real
abc0007787,2021-12-04 01:05:13.378+00,,7152.0,real
abc0007796,2021-09-17 19:55:11.256+00,,0.0,real
abc0004930,2021-09-18 00:01:36.547+00,,0.0,test
abc0007788,2022-07-25 15:15:46.641+00,,-773.8299999999999,real
abc0007807,2021-11-20 03:52:35.178+00,,1114.11,real
abc0007808,2021-09-19 00:01:52.502+00,,0.0,test
abc0007810,2021-09-19 00:01:52.519+00,,0.0,real
abc0007813,2021-10-24 22:37:48.278+00,,151.52,real
abc0007814,2021-09-19 01:55:13.183+00,,0.0,real
abc0007814,2021-09-20 00:01:52.719+00,,0.0,test
abc0007815,2021-09-20 00:01:52.737+00,,0.0,real
abc0007818,2021-09-20 00:01:52.757+00,,0.0,test
abc0007819,2021-09-20 00:01:52.77+00,,0.0,test
abc0007823,2021-09-21 15:29:21.464+00,,15.0,test
abc0007812,2021-09-21 00:01:52.338+00,,0.0,real
abc0007823,2021-09-21 00:01:52.416+00,,0.0,real
abc0007824,2021-09-21 00:01:52.43+00,,0.0,real
abc0007833,2021-09-21 00:01:52.481+00,,0.0,real
abc0007841,2023-05-02 08:48:43.03+00,,-1125.0,real
abc0007841,2021-09-21 07:08:39.893+00,,24.0,real
abc0007845,2021-10-11 09:44:30.812+00,,70.4,test
abc0007781,2021-09-21 15:40:37.227+00,,2.34,test
abc0007852,2021-09-21 17:29:36.583+00,,589.75,test
abc0007797,2021-09-22 00:01:55.874+00,,0.0,real
abc0007835,2021-09-22 00:01:56.106+00,,0.0,real
abc0007838,2021-09-22 00:01:56.129+00,,0.0,real
abc0007852,2021-09-22 00:01:56.212+00,,0.0,real
abc0007855,2021-09-22 00:01:56.241+00,,0.0,real
abc0007781,2021-09-22 08:55:16.752+00,,0.0,real
abc0007865,2021-09-28 15:05:48.253+00,,79.63000000000001,test
abc0005505,2021-09-23 00:01:38.71+00,,0.0,real
abc0006890,2021-09-23 00:01:46.069+00,,0.0,real
abc0007842,2021-09-23 00:01:51.079+00,,0.0,real
abc0007842,2021-09-23 00:01:51.085+00,,0.0,test
abc0007864,2021-09-23 00:01:51.238+00,,0.0,real
abc0007868,2023-02-02 00:04:29.177+00,,20.643500000000003,real
abc0007868,2022-12-04 21:21:31.307+00,,438.1456,real
abc0007770,2021-09-23 08:55:16.792+00,,0.0,real
abc0006215,2021-09-23 18:41:24.599+00,,17.0,real
abc0007872,2021-09-24 00:01:52.69+00,,0.0,real
abc0007875,2021-09-24 00:01:52.71+00,,0.0,real
abc0007879,2021-09-24 00:01:52.736+00,,0.0,real
abc0007883,2021-10-05 19:22:40.06+00,,8.15,real
abc0007885,2021-09-24 00:01:52.778+00,,0.0,real
abc0007886,2021-09-24 00:01:52.797+00,,0.0,test
abc0007280,2021-09-24 13:55:19.977+00,,15.0,test
abc0007741,2021-09-25 00:01:49.622+00,,0.0,real
abc0007902,2021-09-25 00:01:50.487+00,,0.0,test
abc0007903,2021-09-25 00:01:50.498+00,,0.0,real
abc0007741,2021-09-26 00:01:56.075+00,,0.0,test
abc0007910,2021-09-26 00:01:57.008+00,,0.0,real
abc0007911,2021-09-26 00:01:57.02+00,,0.0,test
abc0007913,2021-09-26 00:01:57.036+00,,0.0,real
abc0007915,2021-09-26 00:01:57.052+00,,0.0,real
abc0007916,2021-09-26 00:01:57.063+00,,0.0,test
abc0007917,2021-10-07 08:26:41.708+00,,-334.78,real
abc0005900,2021-09-28 00:01:41.615+00,,0.0,real
abc0006316,2021-09-28 00:01:43.909+00,,0.0,test
abc0007933,2021-09-28 00:01:52.944+00,,0.0,real
abc0007934,2021-09-28 00:01:52.956+00,,0.0,real
abc0007935,2021-09-28 00:01:52.968+00,,0.0,real
abc0007943,2021-09-28 00:01:53.008+00,,0.0,real
abc0007944,2021-09-28 00:01:53.019+00,,0.0,real
abc0007934,2021-09-28 10:25:11.754+00,,59.95,real
abc0007339,2024-03-21 16:56:48.927+00,,-9586410.729800003,real
abc0007893,2021-09-29 00:01:54.686+00,,0.0,real
abc0007949,2021-09-29 00:01:54.993+00,,0.0,real
abc0007962,2021-11-11 16:48:16.74+00,,25.05,real
abc0007975,2021-09-29 12:52:32.733+00,,1.16,test
abc0007974,2021-09-29 18:55:12.92+00,,0.0,real
abc0007259,2021-09-30 00:01:48.135+00,,0.0,real
abc0007893,2021-09-30 00:01:51.657+00,,0.0,test
abc0007970,2021-09-30 00:01:52.039+00,,0.0,test
abc0007971,2021-09-30 00:01:52.051+00,,0.0,real
abc0007972,2021-10-01 10:40:03.659+00,,8.0,test
abc0007973,2021-11-12 02:17:23.51+00,,16.91,real
abc0007974,2021-09-30 00:01:52.091+00,,0.0,test
abc0007976,2021-09-30 00:01:52.114+00,,0.0,real
abc0007977,2021-09-30 00:01:52.125+00,,0.0,test
abc0007981,2021-09-30 00:01:52.146+00,,0.0,real
abc0007984,2021-09-30 00:01:52.166+00,,0.0,real
abc0007985,2022-02-16 00:55:11.895+00,,60.0,real
abc0007991,2021-09-30 04:05:18.004+00,,1.0,real
abc0007999,2021-09-30 16:55:10.684+00,,0.0,real
abc0007880,2021-10-01 00:01:52.946+00,,0.0,real
abc0007994,2021-10-01 00:01:53.597+00,,0.0,real
abc0007995,2021-10-01 00:01:53.608+00,,0.0,real
abc0007998,2021-10-02 11:37:38.004+00,,2.3,real
abc0008005,2021-10-02 04:33:55.573+00,,7.0,real
abc0001025,2021-10-01 04:37:09.869+00,,0.0,real
abc0001054,2021-10-01 04:37:10.425+00,,0.0,real
abc0001068,2021-10-01 04:37:10.67+00,,0.0,test
abc0001082,2021-10-01 04:37:10.866+00,,0.0,real
abc0001084,2021-10-01 04:37:10.893+00,,0.0,real
abc0001100,2021-10-01 04:37:11.12+00,,0.0,real
abc0001110,2021-10-01 04:37:11.267+00,,0.0,real
abc0001112,2021-10-01 04:37:11.293+00,,0.0,real
abc0001227,2021-10-01 04:37:12.877+00,,0.0,real
abc0001235,2021-10-01 04:37:12.986+00,,0.0,test
abc0001353,2021-10-01 04:37:14.535+00,,0.0,test
abc0001354,2021-10-01 04:37:14.542+00,,0.0,real
abc0001354,2021-10-01 04:37:14.548+00,,0.0,test
abc0001354,2021-10-01 04:37:14.553+00,,0.0,test
abc0001354,2021-10-01 04:37:14.557+00,,0.0,real
abc0001355,2021-10-01 04:37:14.565+00,,0.0,real
abc0001355,2021-10-01 04:37:14.57+00,,0.0,test
abc0001356,2021-10-01 04:37:14.577+00,,0.0,real
abc0001356,2021-10-01 04:37:14.583+00,,0.0,test
abc0001358,2021-10-01 04:37:14.602+00,,0.0,real
abc0001358,2021-10-01 04:37:14.608+00,,0.0,test
abc0001359,2021-10-01 04:37:14.615+00,,0.0,real
abc0001359,2021-10-01 04:37:14.621+00,,0.0,test
abc0001360,2021-10-01 04:37:14.634+00,,0.0,test
abc0001361,2021-10-01 04:37:14.64+00,,0.0,real
abc0001361,2021-10-01 04:37:14.646+00,,0.0,test
abc0001362,2021-10-01 04:37:14.653+00,,0.0,real
abc0001362,2021-10-01 04:37:14.658+00,,0.0,test
abc0001363,2021-10-01 04:37:14.668+00,,0.0,real
abc0001363,2021-10-01 04:37:14.674+00,,0.0,test
abc0001364,2021-10-01 04:37:14.68+00,,0.0,real
abc0001364,2021-10-01 04:37:14.686+00,,0.0,test
abc0001365,2021-10-01 04:37:14.694+00,,0.0,real
abc0001365,2021-10-01 04:37:14.699+00,,0.0,test
abc0001366,2021-10-01 04:37:14.706+00,,0.0,real
abc0001366,2021-10-01 04:37:14.719+00,,0.0,test
abc0001367,2021-10-01 04:37:14.725+00,,0.0,real
abc0001367,2021-10-01 04:37:14.73+00,,0.0,test
abc0001368,2021-10-01 04:37:14.737+00,,0.0,real
abc0001368,2021-10-01 04:37:14.743+00,,0.0,test
abc0001369,2021-10-01 04:37:14.756+00,,0.0,test
abc0001370,2021-10-01 04:37:14.768+00,,0.0,test
abc0001371,2021-10-01 04:37:14.78+00,,0.0,test
abc0001372,2021-10-01 04:37:14.788+00,,0.0,real
abc0001372,2021-10-01 04:37:14.793+00,,0.0,test
abc0001373,2021-10-01 04:37:14.806+00,,0.0,test
abc0001374,2021-10-01 04:37:14.818+00,,0.0,test
abc0001375,2021-10-01 04:37:14.825+00,,0.0,real
abc0001375,2021-10-01 04:37:14.83+00,,0.0,test
abc0001376,2021-10-01 04:37:14.842+00,,0.0,test
abc0001377,2021-10-01 04:37:14.848+00,,0.0,real
abc0001377,2021-10-01 04:37:14.856+00,,0.0,test
abc0001378,2021-10-01 04:37:14.863+00,,0.0,real
abc0001378,2021-10-01 04:37:14.869+00,,0.0,test
abc0001379,2021-10-01 04:37:14.876+00,,0.0,real
abc0001379,2021-10-01 04:37:14.887+00,,0.0,test
abc0001380,2021-10-01 04:37:14.893+00,,0.0,real
abc0001380,2021-10-01 04:37:14.899+00,,0.0,test
abc0001381,2021-10-01 04:37:14.905+00,,0.0,real
abc0001381,2021-10-01 04:37:14.911+00,,0.0,test
abc0001382,2021-10-01 04:37:14.924+00,,0.0,test
abc0001383,2021-10-01 04:37:14.931+00,,0.0,real
abc0001383,2021-10-01 04:37:14.937+00,,0.0,test
abc0001385,2021-10-01 04:37:14.954+00,,0.0,real
abc0001385,2021-10-01 04:37:14.959+00,,0.0,test
abc0001386,2021-10-01 04:37:14.966+00,,0.0,real
abc0001387,2021-10-01 04:37:14.976+00,,0.0,real
abc0001387,2021-10-01 04:37:14.981+00,,0.0,test
abc0001388,2021-10-01 04:37:14.988+00,,0.0,real
abc0001388,2021-10-01 04:37:14.995+00,,0.0,test
abc0001389,2021-10-01 04:37:15.001+00,,0.0,real
abc0001389,2021-10-01 04:37:15.007+00,,0.0,test
abc0001390,2021-10-01 04:37:15.013+00,,0.0,real
abc0001390,2021-10-01 04:37:15.019+00,,0.0,test
abc0001391,2021-10-01 04:37:15.025+00,,0.0,real
abc0001391,2021-10-01 04:37:15.031+00,,0.0,test
abc0001392,2021-10-01 04:37:15.044+00,,0.0,test
abc0001393,2021-10-01 04:37:15.052+00,,0.0,real
abc0001393,2021-10-01 04:37:15.058+00,,0.0,test
abc0001394,2021-10-01 04:37:15.065+00,,0.0,real
abc0001394,2021-10-01 04:37:15.07+00,,0.0,test
abc0001395,2021-10-01 04:37:15.076+00,,0.0,real
abc0001395,2021-10-01 04:37:15.083+00,,0.0,test
abc0001396,2021-10-01 04:37:15.088+00,,0.0,real
abc0001396,2021-10-01 04:37:15.094+00,,0.0,test
abc0001397,2021-10-01 04:37:15.101+00,,0.0,real
abc0001397,2021-10-01 04:37:15.107+00,,0.0,test
abc0001399,2021-10-01 04:37:15.124+00,,0.0,real
abc0001399,2021-10-01 04:37:15.131+00,,0.0,test
abc0001400,2021-10-01 04:37:15.136+00,,0.0,real
abc0001401,2021-10-01 04:37:15.147+00,,0.0,real
abc0001401,2021-10-01 04:37:15.156+00,,0.0,test
abc0001402,2021-10-01 04:37:15.163+00,,0.0,real
abc0001402,2021-10-01 04:37:15.168+00,,0.0,test
abc0001403,2021-10-01 04:37:15.183+00,,0.0,test
abc0001404,2021-10-01 04:37:15.19+00,,0.0,real
abc0001404,2021-10-01 04:37:15.199+00,,0.0,test
abc0001405,2021-10-01 04:37:15.211+00,,0.0,test
abc0001406,2021-10-01 04:37:15.217+00,,0.0,real
abc0001406,2021-10-01 04:37:15.222+00,,0.0,test
abc0001407,2021-10-01 04:37:15.234+00,,0.0,test
abc0001408,2021-10-01 04:37:15.247+00,,0.0,test
abc0001409,2021-10-01 04:37:15.253+00,,0.0,real
abc0001409,2021-10-01 04:37:15.258+00,,0.0,test
abc0001410,2021-10-01 04:37:15.271+00,,0.0,test
abc0001411,2021-10-01 04:37:15.278+00,,0.0,real
abc0001411,2021-10-01 04:37:15.283+00,,0.0,test
abc0001412,2021-10-01 04:37:15.295+00,,0.0,test
abc0001413,2021-10-01 04:37:15.301+00,,0.0,real
abc0001413,2021-10-01 04:37:15.306+00,,0.0,test
abc0001414,2021-10-01 04:37:15.313+00,,0.0,real
abc0001414,2021-10-01 04:37:15.319+00,,0.0,test
abc0001415,2021-10-01 04:37:15.325+00,,0.0,real
abc0001415,2021-10-01 04:37:15.33+00,,0.0,test
abc0001416,2021-10-01 04:37:15.336+00,,0.0,real
abc0001417,2021-10-01 04:37:15.346+00,,0.0,real
abc0001417,2021-10-01 04:37:15.352+00,,0.0,test
abc0001418,2021-10-01 04:37:15.364+00,,0.0,test
abc0001420,2021-10-01 04:37:15.383+00,,0.0,real
abc0001420,2021-10-01 04:37:15.388+00,,0.0,test
abc0001421,2021-10-01 04:37:15.394+00,,0.0,real
abc0001421,2021-10-01 04:37:15.4+00,,0.0,test
abc0001422,2021-10-01 04:37:15.406+00,,0.0,real
abc0001422,2021-10-01 04:37:15.42+00,,0.0,test
abc0001424,2021-10-01 04:37:15.437+00,,0.0,real
abc0001424,2021-10-01 04:37:15.447+00,,0.0,test
abc0001425,2021-10-01 04:37:15.453+00,,0.0,real
abc0001425,2021-10-01 04:37:15.46+00,,0.0,test
abc0001426,2021-10-01 04:37:15.467+00,,0.0,real
abc0001426,2021-10-01 04:37:15.473+00,,0.0,test
abc0001427,2021-10-01 04:37:15.487+00,,0.0,real
abc0001427,2021-10-01 04:37:15.493+00,,0.0,test
abc0001428,2021-10-01 04:37:15.499+00,,0.0,real
abc0001428,2021-10-01 04:37:15.504+00,,0.0,test
abc0001429,2021-10-01 04:37:15.511+00,,0.0,real
abc0001431,2021-10-01 04:37:15.533+00,,0.0,real
abc0001431,2021-10-01 04:37:15.539+00,,0.0,test
abc0001432,2021-10-01 04:37:15.545+00,,0.0,real
abc0001432,2021-10-01 04:37:15.55+00,,0.0,test
abc0001433,2021-10-01 04:37:15.558+00,,0.0,real
abc0001433,2021-10-01 04:37:15.566+00,,0.0,test
abc0001434,2021-10-01 04:37:15.573+00,,0.0,real
abc0001434,2021-10-01 04:37:15.578+00,,0.0,test
abc0001435,2021-10-01 04:37:15.611+00,,0.0,test
abc0001436,2021-10-01 04:37:15.617+00,,0.0,real
abc0001436,2021-10-01 04:37:15.623+00,,0.0,test
abc0001437,2021-10-01 04:37:15.638+00,,0.0,test
abc0001438,2021-10-01 04:37:15.649+00,,0.0,test
abc0001439,2021-10-01 04:37:15.656+00,,0.0,real
abc0001439,2021-10-01 04:37:15.662+00,,0.0,test
abc0001441,2021-10-01 04:37:15.678+00,,0.0,real
abc0001441,2021-10-01 04:37:15.684+00,,0.0,test
abc0001442,2021-10-01 04:37:15.695+00,,0.0,test
abc0001443,2021-10-01 04:37:15.712+00,,0.0,test
abc0001444,2021-10-01 04:37:15.722+00,,0.0,test
abc0001445,2021-10-01 04:37:15.734+00,,0.0,test
abc0001446,2021-10-01 04:37:15.741+00,,0.0,real
abc0001446,2021-10-01 04:37:15.746+00,,0.0,test
abc0001447,2021-10-01 04:37:15.753+00,,0.0,real
abc0001447,2021-10-01 04:37:15.758+00,,0.0,test
abc0001448,2021-10-01 04:37:15.766+00,,0.0,real
abc0001448,2021-10-01 04:37:15.772+00,,0.0,test
abc0001449,2021-10-01 04:37:15.779+00,,0.0,real
abc0001449,2021-10-01 04:37:15.784+00,,0.0,test
abc0001450,2021-10-01 04:37:15.791+00,,0.0,real
abc0001450,2021-10-01 04:37:15.796+00,,0.0,test
abc0001451,2021-10-01 04:37:15.803+00,,0.0,real
abc0001451,2021-10-01 04:37:15.808+00,,0.0,test
abc0001452,2021-10-01 04:37:15.821+00,,0.0,test
abc0001509,2021-10-01 04:37:15.827+00,,0.0,real
abc0001509,2021-10-01 04:37:15.833+00,,0.0,test
abc0001510,2021-10-01 04:37:15.848+00,,0.0,test
abc0001512,2021-10-01 04:37:15.867+00,,0.0,real
abc0001512,2021-10-01 04:37:15.875+00,,0.0,test
abc0001513,2021-10-01 04:37:15.882+00,,0.0,real
abc0001513,2021-10-01 04:37:15.888+00,,0.0,test
abc0001514,2021-10-01 04:37:15.896+00,,0.0,real
abc0001514,2021-10-01 04:37:15.901+00,,0.0,test
abc0001515,2021-10-01 04:37:15.918+00,,0.0,test
abc0001517,2021-10-01 04:37:15.937+00,,0.0,real
abc0001517,2021-10-01 04:37:15.943+00,,0.0,test
abc0001518,2021-10-01 04:37:15.95+00,,0.0,real
abc0001518,2021-10-01 04:37:15.955+00,,0.0,test
abc0001520,2021-10-01 04:37:15.974+00,,0.0,real
abc0001520,2021-10-01 04:37:15.979+00,,0.0,test
abc0001521,2021-10-01 04:37:15.986+00,,0.0,real
abc0001521,2021-10-01 04:37:15.992+00,,0.0,test
abc0001522,2021-10-01 04:37:15.998+00,,0.0,real
abc0001522,2021-10-01 04:37:16.003+00,,0.0,test
abc0001523,2021-10-01 04:37:16.01+00,,0.0,real
abc0001523,2021-10-01 04:37:16.015+00,,0.0,test
abc0001524,2021-10-01 04:37:16.028+00,,0.0,real
abc0001524,2021-10-01 04:37:16.037+00,,0.0,test
abc0001525,2021-10-01 04:37:16.046+00,,0.0,real
abc0001525,2021-10-01 04:37:16.053+00,,0.0,test
abc0001526,2021-10-01 04:37:16.07+00,,0.0,test
abc0001527,2021-10-01 04:37:16.08+00,,0.0,real
abc0001527,2021-10-01 04:37:16.087+00,,0.0,test
abc0001528,2021-10-01 04:37:16.097+00,,0.0,real
abc0001528,2021-10-01 04:37:16.104+00,,0.0,test
abc0001529,2021-10-01 04:37:16.119+00,,0.0,test
abc0001530,2021-10-01 04:37:16.128+00,,0.0,real
abc0001530,2021-10-01 04:37:16.137+00,,0.0,test
abc0001532,2021-10-01 04:37:16.146+00,,0.0,real
abc0001532,2021-10-01 04:37:16.153+00,,0.0,test
abc0001533,2021-10-01 04:37:16.162+00,,0.0,real
abc0001533,2021-10-01 04:37:16.17+00,,0.0,test
abc0001534,2021-10-01 04:37:16.181+00,,0.0,real
abc0001534,2021-10-01 04:37:16.188+00,,0.0,test
abc0001535,2021-10-01 04:37:16.203+00,,0.0,test
abc0001540,2021-10-01 04:37:16.215+00,,0.0,real
abc0001541,2021-10-01 04:37:16.229+00,,0.0,real
abc0001541,2021-10-01 04:37:16.238+00,,0.0,test
abc0001542,2021-10-01 04:37:16.253+00,,0.0,test
abc0001544,2021-10-01 04:37:16.278+00,,0.0,test
abc0001545,2021-10-01 04:37:16.287+00,,0.0,real
abc0001545,2021-10-01 04:37:16.295+00,,0.0,test
abc0001546,2021-10-01 04:37:16.312+00,,0.0,test
abc0001548,2021-10-01 04:37:16.333+00,,0.0,real
abc0001548,2021-10-01 04:37:16.343+00,,0.0,test
abc0001549,2021-10-01 04:37:16.351+00,,0.0,real
abc0001550,2021-10-01 04:37:16.364+00,,0.0,real
abc0001550,2021-10-01 04:37:16.373+00,,0.0,real
abc0001552,2021-10-01 04:37:16.381+00,,0.0,real
abc0001552,2021-10-01 04:37:16.389+00,,0.0,test
abc0001553,2021-10-01 04:37:16.397+00,,0.0,real
abc0001553,2021-10-01 04:37:16.405+00,,0.0,test
abc0001554,2021-10-01 04:37:16.414+00,,0.0,real
abc0001554,2021-10-01 04:37:16.421+00,,0.0,test
abc0001557,2021-10-01 04:37:16.448+00,,0.0,real
abc0001557,2021-10-01 04:37:16.456+00,,0.0,test
abc0001558,2021-10-01 04:37:16.465+00,,0.0,real
abc0001558,2021-10-01 04:37:16.474+00,,0.0,test
abc0001559,2021-10-01 04:37:16.483+00,,0.0,real
abc0001559,2021-10-01 04:37:16.491+00,,0.0,test
abc0001561,2021-10-01 04:37:16.51+00,,0.0,real
abc0001561,2021-10-01 04:37:16.517+00,,0.0,test
abc0001562,2021-10-01 04:37:16.526+00,,0.0,real
abc0001562,2021-10-01 04:37:16.534+00,,0.0,test
abc0001563,2021-10-01 04:37:16.545+00,,0.0,real
abc0001563,2021-10-01 04:37:16.553+00,,0.0,test
abc0001564,2021-10-01 04:37:16.562+00,,0.0,real
abc0001564,2021-10-01 04:37:16.571+00,,0.0,test
abc0001565,2021-10-01 04:37:16.58+00,,0.0,real
abc0001565,2021-10-01 04:37:16.592+00,,0.0,test
abc0001566,2021-10-01 04:37:16.6+00,,0.0,real
abc0001566,2021-10-01 04:37:16.608+00,,0.0,test
abc0001567,2021-10-01 04:37:16.622+00,,0.0,test
abc0001568,2021-10-01 04:37:16.631+00,,0.0,real
abc0001568,2021-10-01 04:37:16.639+00,,0.0,test
abc0001569,2021-10-01 04:37:16.649+00,,0.0,real
abc0001569,2021-10-01 04:37:16.657+00,,0.0,test
abc0001570,2021-10-01 04:37:16.665+00,,0.0,real
abc0001570,2021-10-01 04:37:16.673+00,,0.0,test
abc0001571,2021-10-01 04:37:16.681+00,,0.0,real
abc0001571,2021-10-01 04:37:16.689+00,,0.0,test
abc0001572,2021-10-01 04:37:16.699+00,,0.0,real
abc0001572,2021-10-01 04:37:16.707+00,,0.0,test
abc0001573,2021-10-01 04:37:16.716+00,,0.0,real
abc0001573,2021-10-01 04:37:16.726+00,,0.0,test
abc0001575,2021-10-01 04:37:16.744+00,,0.0,real
abc0001575,2021-10-01 04:37:16.752+00,,0.0,test
abc0001576,2021-10-01 04:37:16.761+00,,0.0,real
abc0001576,2021-10-01 04:37:16.77+00,,0.0,test
abc0001577,2021-10-01 04:37:16.781+00,,0.0,real
abc0001577,2021-10-01 04:37:16.788+00,,0.0,test
abc0001578,2021-10-01 04:37:16.797+00,,0.0,real
abc0001578,2021-10-01 04:37:16.804+00,,0.0,test
abc0001579,2021-10-01 04:37:16.813+00,,0.0,real
abc0001579,2021-10-01 04:37:16.82+00,,0.0,test
abc0001580,2021-10-01 04:37:16.829+00,,0.0,real
abc0001580,2021-10-01 04:37:16.837+00,,0.0,test
abc0001581,2021-10-01 04:37:16.845+00,,0.0,real
abc0001581,2021-10-01 04:37:16.853+00,,0.0,test
abc0001583,2021-10-01 04:37:16.896+00,,0.0,real
abc0001583,2021-10-01 04:37:16.904+00,,0.0,test
abc0001585,2021-10-01 04:37:16.926+00,,0.0,real
abc0001586,2021-10-01 04:37:16.939+00,,0.0,real
abc0001586,2021-10-01 04:37:16.949+00,,0.0,test
abc0001588,2021-10-01 04:37:16.968+00,,0.0,real
abc0001588,2021-10-01 04:37:16.977+00,,0.0,test
abc0001589,2021-10-01 04:37:16.993+00,,0.0,real
abc0001589,2021-10-01 04:37:17.001+00,,0.0,test
abc0001590,2021-10-01 04:37:17.01+00,,0.0,real
abc0001590,2021-10-01 04:37:17.018+00,,0.0,test
abc0001591,2021-10-01 04:37:17.027+00,,0.0,real
abc0001591,2021-10-01 04:37:17.037+00,,0.0,test
abc0001593,2021-10-01 04:37:17.062+00,,0.0,test
abc0001594,2021-10-01 04:37:17.076+00,,0.0,test
abc0001595,2021-10-01 04:37:17.085+00,,0.0,real
abc0001595,2021-10-01 04:37:17.094+00,,0.0,test
abc0001596,2021-10-01 04:37:17.102+00,,0.0,real
abc0001596,2021-10-01 04:37:17.11+00,,0.0,test
abc0001597,2021-10-01 04:37:17.124+00,,0.0,real
abc0001597,2021-10-01 04:37:17.132+00,,0.0,test
abc0001598,2021-10-01 04:37:17.147+00,,0.0,test
abc0001599,2021-10-01 04:37:17.157+00,,0.0,real
abc0001600,2021-10-01 04:37:17.181+00,,0.0,test
abc0001601,2021-10-01 04:37:17.189+00,,0.0,real
abc0001601,2021-10-01 04:37:17.197+00,,0.0,test
abc0001602,2021-10-01 04:37:17.206+00,,0.0,real
abc0001602,2021-10-01 04:37:17.215+00,,0.0,test
abc0001603,2022-03-01 01:55:09.165+00,,-94.69,real
abc0001603,2021-10-01 04:37:17.231+00,,0.0,test
abc0001604,2021-10-01 04:37:17.24+00,,0.0,real
abc0001604,2021-10-01 04:37:17.247+00,,0.0,test
abc0001605,2021-10-01 04:37:17.257+00,,0.0,real
abc0001605,2021-10-01 04:37:17.265+00,,0.0,test
abc0001606,2021-10-01 04:37:17.279+00,,0.0,test
abc0001607,2021-10-01 04:37:17.294+00,,0.0,test
abc0001608,2021-10-01 04:37:17.303+00,,0.0,real
abc0001608,2021-10-01 04:37:17.312+00,,0.0,test
abc0001609,2021-10-01 04:37:17.321+00,,0.0,real
abc0001609,2021-10-01 04:37:17.333+00,,0.0,test
abc0001610,2021-10-01 04:37:17.348+00,,0.0,test
abc0001611,2021-10-01 04:37:17.362+00,,0.0,test
abc0001612,2021-10-01 04:37:17.372+00,,0.0,real
abc0001612,2021-10-01 04:37:17.379+00,,0.0,test
abc0001613,2021-10-01 04:37:17.389+00,,0.0,real
abc0001614,2021-10-01 04:37:17.404+00,,0.0,real
abc0001614,2021-10-01 04:37:17.411+00,,0.0,test
abc0001615,2021-10-01 04:37:17.419+00,,0.0,real
abc0001615,2021-10-01 04:37:17.427+00,,0.0,test
abc0001616,2021-10-01 04:37:17.438+00,,0.0,real
abc0001617,2021-10-01 04:37:17.45+00,,0.0,real
abc0001617,2021-10-01 04:37:17.459+00,,0.0,test
abc0001618,2021-10-01 04:37:17.472+00,,0.0,test
abc0001619,2021-10-01 04:37:17.481+00,,0.0,real
abc0001619,2021-10-01 04:37:17.488+00,,0.0,test
abc0001620,2021-10-01 04:37:17.496+00,,0.0,real
abc0001620,2021-10-01 04:37:17.503+00,,0.0,test
abc0001623,2021-10-01 04:37:17.535+00,,0.0,real
abc0001623,2021-10-01 04:37:17.544+00,,0.0,test
abc0001624,2021-10-01 04:37:17.553+00,,0.0,real
abc0001624,2021-10-01 04:37:17.561+00,,0.0,test
abc0001625,2021-10-01 04:37:17.57+00,,0.0,real
abc0001625,2021-10-01 04:37:17.578+00,,0.0,test
abc0001626,2021-10-01 04:37:17.587+00,,0.0,real
abc0001626,2021-10-01 04:37:17.596+00,,0.0,test
abc0001627,2021-10-01 04:37:17.61+00,,0.0,test
abc0001628,2021-10-01 04:37:17.625+00,,0.0,test
abc0001629,2021-10-01 04:37:17.634+00,,0.0,real
abc0001629,2021-10-01 04:37:17.641+00,,0.0,test
abc0001630,2021-10-01 04:37:17.652+00,,0.0,real
abc0001630,2021-10-01 04:37:17.662+00,,0.0,test
abc0001631,2021-10-01 04:37:17.67+00,,0.0,real
abc0001631,2021-10-01 04:37:17.678+00,,0.0,test
abc0001632,2021-10-01 04:37:17.696+00,,0.0,test
abc0001633,2021-10-01 04:37:17.705+00,,0.0,real
abc0001633,2021-10-01 04:37:17.712+00,,0.0,test
abc0001634,2021-10-01 04:37:17.72+00,,0.0,real
abc0001634,2021-10-01 04:37:17.73+00,,0.0,test
abc0001636,2021-10-01 04:37:17.749+00,,0.0,real
abc0001636,2021-10-01 04:37:17.756+00,,0.0,test
abc0001637,2021-10-01 04:37:17.767+00,,0.0,real
abc0001637,2021-10-01 04:37:17.776+00,,0.0,test
abc0001638,2021-10-01 04:37:17.79+00,,0.0,test
abc0001639,2021-10-01 04:37:17.805+00,,0.0,test
abc0001640,2021-10-01 04:37:17.813+00,,0.0,real
abc0001640,2021-10-01 04:37:17.82+00,,0.0,test
abc0001641,2021-10-01 04:37:17.828+00,,0.0,real
abc0001641,2021-10-01 04:37:17.836+00,,0.0,test
abc0001642,2021-10-01 04:37:17.849+00,,0.0,test
abc0001643,2021-10-01 04:37:17.868+00,,0.0,test
abc0001644,2021-10-01 04:37:17.876+00,,0.0,real
abc0001644,2021-10-01 04:37:17.883+00,,0.0,test
abc0001645,2021-10-01 04:37:17.892+00,,0.0,real
abc0001645,2021-10-01 04:37:17.9+00,,0.0,test
abc0001646,2021-10-01 04:37:17.909+00,,0.0,real
abc0001646,2021-10-01 04:37:17.917+00,,0.0,test
abc0001647,2021-10-01 04:37:17.929+00,,0.0,real
abc0001648,2021-10-01 04:37:17.943+00,,0.0,real
abc0001648,2021-10-01 04:37:17.951+00,,0.0,test
abc0001649,2021-10-01 04:37:17.961+00,,0.0,real
abc0001649,2021-10-01 04:37:17.968+00,,0.0,test
abc0001655,2021-10-01 04:37:17.978+00,,0.0,real
abc0001655,2021-10-01 04:37:17.986+00,,0.0,test
abc0001656,2021-10-01 04:37:17.997+00,,0.0,real
abc0001656,2021-10-01 04:37:18.005+00,,0.0,test
abc0001657,2021-10-01 04:37:18.014+00,,0.0,real
abc0001657,2021-10-01 04:37:18.024+00,,0.0,test
abc0001658,2021-10-01 04:37:18.032+00,,0.0,real
abc0001658,2021-10-01 04:37:18.04+00,,0.0,test
abc0001659,2021-10-01 04:37:18.05+00,,0.0,real
abc0001659,2021-10-01 04:37:18.058+00,,0.0,test
abc0001660,2021-10-01 04:37:18.067+00,,0.0,real
abc0001660,2021-10-01 04:37:18.074+00,,0.0,test
abc0001661,2021-10-01 04:37:18.083+00,,0.0,real
abc0001661,2021-10-01 04:37:18.091+00,,0.0,test
abc0001663,2021-10-01 04:37:18.107+00,,0.0,real
abc0001663,2021-10-01 04:37:18.114+00,,0.0,test
abc0001664,2021-10-01 04:37:18.127+00,,0.0,test
abc0001665,2021-10-01 04:37:18.142+00,,0.0,test
abc0001666,2021-10-01 04:37:18.154+00,,0.0,test
abc0001667,2021-10-01 04:37:18.17+00,,0.0,test
abc0001668,2021-10-01 04:37:18.179+00,,0.0,real
abc0001668,2021-10-01 04:37:18.187+00,,0.0,test
abc0001669,2021-10-01 04:37:18.196+00,,0.0,real
abc0001669,2021-10-01 04:37:18.204+00,,0.0,test
abc0001670,2021-10-01 04:37:18.22+00,,0.0,test
abc0001671,2021-10-01 04:37:18.234+00,,0.0,test
abc0001672,2021-10-01 04:37:18.248+00,,0.0,test
abc0001673,2021-10-01 04:37:18.258+00,,0.0,real
abc0001673,2021-10-01 04:37:18.266+00,,0.0,test
abc0001674,2021-10-01 04:37:18.275+00,,0.0,real
abc0001674,2021-10-01 04:37:18.284+00,,0.0,test
abc0001675,2021-10-01 04:37:18.291+00,,0.0,real
abc0001675,2021-10-01 04:37:18.299+00,,0.0,test
abc0001676,2021-10-01 04:37:18.309+00,,0.0,real
abc0001676,2021-10-01 04:37:18.32+00,,0.0,test
abc0001678,2021-10-01 04:37:18.339+00,,0.0,real
abc0001678,2021-10-01 04:37:18.346+00,,0.0,test
abc0001679,2021-10-01 04:37:18.355+00,,0.0,real
abc0001679,2021-10-01 04:37:18.364+00,,0.0,test
abc0001680,2021-10-01 04:37:18.374+00,,0.0,real
abc0001680,2021-10-01 04:37:18.382+00,,0.0,test
abc0001681,2021-10-01 04:37:18.403+00,,0.0,test
abc0001682,2021-10-01 04:37:18.417+00,,0.0,test
abc0001683,2021-10-01 04:37:18.427+00,,0.0,real
abc0001683,2021-10-01 04:37:18.435+00,,0.0,test
abc0001684,2021-10-01 04:37:18.444+00,,0.0,real
abc0001684,2021-10-01 04:37:18.452+00,,0.0,test
abc0001685,2021-10-01 04:37:18.46+00,,0.0,real
abc0001685,2021-10-01 04:37:18.468+00,,0.0,test
abc0001686,2021-10-01 04:37:18.477+00,,0.0,real
abc0001686,2021-10-01 04:37:18.485+00,,0.0,test
abc0001687,2021-10-01 04:37:18.493+00,,0.0,real
abc0001687,2021-10-01 04:37:18.502+00,,0.0,test
abc0001688,2021-10-01 04:37:18.51+00,,0.0,real
abc0001688,2021-10-01 04:37:18.517+00,,0.0,test
abc0001689,2021-10-01 04:37:18.533+00,,0.0,test
abc0001690,2021-10-01 04:37:18.54+00,,0.0,real
abc0001690,2021-10-01 04:37:18.548+00,,0.0,test
abc0001691,2021-10-01 04:37:18.557+00,,0.0,real
abc0001691,2021-10-01 04:37:18.567+00,,0.0,test
abc0001692,2021-10-01 04:37:18.582+00,,0.0,test
abc0001693,2021-10-01 04:37:18.59+00,,0.0,real
abc0001693,2021-10-01 04:37:18.602+00,,0.0,test
abc0001694,2021-10-01 04:37:18.616+00,,0.0,real
abc0001694,2021-10-01 04:37:18.623+00,,0.0,test
abc0001695,2021-10-01 04:37:18.632+00,,0.0,real
abc0001695,2021-10-01 04:37:18.639+00,,0.0,test
abc0001696,2021-10-01 04:37:18.648+00,,0.0,real
abc0001696,2021-10-01 04:37:18.655+00,,0.0,test
abc0001697,2021-10-01 04:37:18.668+00,,0.0,test
abc0001698,2021-10-01 04:37:18.677+00,,0.0,real
abc0001698,2021-10-01 04:37:18.688+00,,0.0,test
abc0001699,2021-10-01 04:37:18.697+00,,0.0,real
abc0001699,2021-10-01 04:37:18.704+00,,0.0,test
abc0001701,2021-10-01 04:37:18.713+00,,0.0,real
abc0001701,2021-10-01 04:37:18.72+00,,0.0,test
abc0001702,2021-10-01 04:37:18.729+00,,0.0,real
abc0001702,2021-10-01 04:37:18.737+00,,0.0,test
abc0001703,2021-10-01 04:37:18.753+00,,0.0,test
abc0001704,2021-10-01 04:37:18.762+00,,0.0,real
abc0001704,2021-10-01 04:37:18.773+00,,0.0,test
abc0001705,2021-10-01 04:37:18.782+00,,0.0,real
abc0001705,2021-10-01 04:37:18.79+00,,0.0,test
abc0001706,2021-10-01 04:37:18.797+00,,0.0,real
abc0001706,2021-10-01 04:37:18.805+00,,0.0,test
abc0001707,2021-10-01 04:37:18.814+00,,0.0,real
abc0001707,2021-10-01 04:37:18.821+00,,0.0,test
abc0001708,2021-10-01 04:37:18.829+00,,0.0,real
abc0001708,2021-10-01 04:37:18.836+00,,0.0,test
abc0001709,2021-10-01 04:37:18.849+00,,0.0,test
abc0001710,2021-10-01 04:37:18.858+00,,0.0,real
abc0001710,2021-10-01 04:37:18.868+00,,0.0,test
abc0001711,2021-10-01 04:37:18.877+00,,0.0,real
abc0001711,2021-10-01 04:37:18.885+00,,0.0,test
abc0001712,2021-10-01 04:37:18.894+00,,0.0,real
abc0001712,2021-10-01 04:37:18.902+00,,0.0,test
abc0001713,2021-10-01 04:37:18.91+00,,0.0,real
abc0001713,2021-10-01 04:37:18.918+00,,0.0,test
abc0001714,2021-10-01 04:37:18.944+00,,0.0,test
abc0001715,2021-10-01 04:37:18.966+00,,0.0,test
abc0001716,2021-10-01 04:37:18.974+00,,0.0,real
abc0001716,2021-10-01 04:37:18.981+00,,0.0,test
abc0001717,2021-10-01 04:37:18.99+00,,0.0,real
abc0001717,2021-10-01 04:37:18.999+00,,0.0,test
abc0001718,2021-10-01 04:37:19.007+00,,0.0,real
abc0001718,2021-10-01 04:37:19.017+00,,0.0,test
abc0001719,2021-10-01 04:37:19.032+00,,0.0,test
abc0001720,2021-10-01 04:37:19.042+00,,0.0,real
abc0001720,2021-10-01 04:37:19.049+00,,0.0,test
abc0001721,2021-10-01 04:37:19.058+00,,0.0,real
abc0001721,2021-10-01 04:37:19.066+00,,0.0,test
abc0001722,2021-10-01 04:37:19.074+00,,0.0,real
abc0001722,2021-10-01 04:37:19.082+00,,0.0,test
abc0001723,2021-10-01 04:37:19.09+00,,0.0,real
abc0001723,2021-10-01 04:37:19.097+00,,0.0,test
abc0001724,2021-10-01 04:37:19.106+00,,0.0,real
abc0001724,2021-10-01 04:37:19.113+00,,0.0,test
abc0001725,2021-10-01 04:37:19.122+00,,0.0,real
abc0001725,2021-10-01 04:37:19.129+00,,0.0,test
abc0001726,2021-10-01 04:37:19.145+00,,0.0,test
abc0001727,2021-10-01 04:37:19.153+00,,0.0,real
abc0001727,2021-10-01 04:37:19.16+00,,0.0,test
abc0001728,2021-10-01 04:37:19.169+00,,0.0,real
abc0001728,2021-10-01 04:37:19.177+00,,0.0,test
abc0001729,2021-10-01 04:37:19.196+00,,0.0,real
abc0001729,2021-10-01 04:37:19.209+00,,0.0,test
abc0001730,2021-10-01 04:37:19.227+00,,0.0,test
abc0001731,2021-10-01 04:37:19.235+00,,0.0,real
abc0001731,2021-10-01 04:37:19.243+00,,0.0,test
abc0001732,2023-12-16 00:01:04.723+00,,-5.2623999999999995,real
abc0001732,2024-02-23 12:38:49.671+00,,295.6728,test
abc0001733,2021-10-01 04:37:19.267+00,,0.0,real
abc0001733,2021-10-01 04:37:19.275+00,,0.0,test
abc0001734,2021-10-01 04:37:19.283+00,,0.0,real
abc0001734,2021-10-01 04:37:19.291+00,,0.0,test
abc0001736,2021-10-01 04:37:19.306+00,,0.0,real
abc0001736,2021-10-01 04:37:19.315+00,,0.0,test
abc0001737,2021-10-01 04:37:19.331+00,,0.0,test
abc0001738,2021-10-01 04:37:19.339+00,,0.0,real
abc0001738,2021-10-01 04:37:19.352+00,,0.0,test
abc0001740,2021-10-01 04:37:19.376+00,,0.0,real
abc0001740,2021-10-01 04:37:19.385+00,,0.0,test
abc0001741,2021-10-01 04:37:19.394+00,,0.0,real
abc0001741,2021-10-01 04:37:19.402+00,,0.0,test
abc0001742,2021-10-01 04:37:19.41+00,,0.0,real
abc0001742,2021-10-01 04:37:19.417+00,,0.0,test
abc0001743,2021-10-01 04:37:19.426+00,,0.0,real
abc0001743,2021-10-01 04:37:19.433+00,,0.0,test
abc0001745,2021-10-01 04:37:19.451+00,,0.0,real
abc0001745,2021-10-01 04:37:19.46+00,,0.0,test
abc0001746,2021-10-01 04:37:19.467+00,,0.0,real
abc0001746,2021-10-01 04:37:19.478+00,,0.0,test
abc0001747,2021-10-01 04:37:19.486+00,,0.0,real
abc0001747,2021-10-01 04:37:19.494+00,,0.0,test
abc0001748,2021-10-01 04:37:19.507+00,,0.0,test
abc0001749,2021-10-01 04:37:19.515+00,,0.0,real
abc0001749,2021-10-01 04:37:19.524+00,,0.0,test
abc0001750,2021-10-01 04:37:19.533+00,,0.0,real
abc0001750,2021-10-01 04:37:19.541+00,,0.0,test
abc0001751,2021-10-01 04:37:19.549+00,,0.0,real
abc0001751,2021-10-01 04:37:19.557+00,,0.0,test
abc0001753,2021-10-01 04:37:19.581+00,,0.0,test
abc0001754,2021-10-01 04:37:19.588+00,,0.0,real
abc0001754,2021-10-01 04:37:19.596+00,,0.0,test
abc0001755,2021-10-01 04:37:19.605+00,,0.0,real
abc0001755,2021-10-01 04:37:19.613+00,,0.0,test
abc0001756,2021-10-01 04:37:19.621+00,,0.0,real
abc0001756,2021-10-01 04:37:19.629+00,,0.0,test
abc0001757,2021-10-01 04:37:19.637+00,,0.0,real
abc0001757,2021-10-01 04:37:19.645+00,,0.0,test
abc0001758,2021-10-01 04:37:19.659+00,,0.0,test
abc0001759,2021-10-01 04:37:19.681+00,,0.0,test
abc0001760,2021-10-01 04:37:19.689+00,,0.0,real
abc0001760,2021-10-01 04:37:19.698+00,,0.0,test
abc0001761,2021-10-01 04:37:19.711+00,,0.0,real
abc0001761,2021-10-01 04:37:19.721+00,,0.0,test
abc0001762,2021-10-01 04:37:19.729+00,,0.0,real
abc0001762,2021-10-01 04:37:19.737+00,,0.0,test
abc0001763,2021-10-01 04:37:19.745+00,,0.0,real
abc0001763,2021-10-01 04:37:19.755+00,,0.0,test
abc0001764,2021-10-01 04:37:19.763+00,,0.0,real
abc0001764,2021-10-01 04:37:19.772+00,,0.0,test
abc0001765,2021-10-01 04:37:19.785+00,,0.0,test
abc0001766,2021-10-01 04:37:19.792+00,,0.0,real
abc0001766,2021-10-01 04:37:19.801+00,,0.0,test
abc0001767,2021-10-01 04:37:19.808+00,,0.0,real
abc0001767,2021-10-01 04:37:19.816+00,,0.0,test
abc0001768,2021-10-01 04:37:19.823+00,,0.0,real
abc0001768,2021-10-01 04:37:19.832+00,,0.0,test
abc0001769,2021-10-01 04:37:19.845+00,,0.0,test
abc0001770,2021-10-01 04:37:19.852+00,,0.0,real
abc0001770,2021-10-01 04:37:19.861+00,,0.0,test
abc0001771,2021-10-01 04:37:19.869+00,,0.0,real
abc0001771,2021-10-01 04:37:19.877+00,,0.0,test
abc0001772,2021-10-01 04:37:19.885+00,,0.0,real
abc0001772,2021-10-01 04:37:19.894+00,,0.0,test
abc0001773,2021-10-01 04:37:19.902+00,,0.0,real
abc0001774,2021-10-01 04:37:19.916+00,,0.0,real
abc0001774,2021-10-01 04:37:19.924+00,,0.0,test
abc0001776,2021-10-01 04:37:19.944+00,,0.0,real
abc0001776,2021-10-01 04:37:19.954+00,,0.0,test
abc0001777,2021-10-01 04:37:19.962+00,,0.0,real
abc0001777,2021-10-01 04:37:19.971+00,,0.0,test
abc0001778,2021-10-01 04:37:19.978+00,,0.0,real
abc0001778,2021-10-01 04:37:19.987+00,,0.0,test
abc0001779,2021-10-01 04:37:19.995+00,,0.0,real
abc0001780,2021-10-01 04:37:20.007+00,,0.0,real
abc0001780,2021-10-01 04:37:20.015+00,,0.0,test
abc0001781,2021-10-01 04:37:20.023+00,,0.0,real
abc0001781,2021-10-01 04:37:20.031+00,,0.0,test
abc0001782,2021-10-01 04:37:20.039+00,,0.0,real
abc0001783,2021-10-01 04:37:20.051+00,,0.0,real
abc0001783,2021-10-01 04:37:20.059+00,,0.0,test
abc0001784,2021-10-01 04:37:20.067+00,,0.0,real
abc0001784,2021-10-01 04:37:20.077+00,,0.0,test
abc0001786,2021-10-01 04:37:20.095+00,,0.0,real
abc0001786,2021-10-01 04:37:20.104+00,,0.0,test
abc0001787,2021-10-01 04:37:20.119+00,,0.0,test
abc0001788,2021-10-01 04:37:20.134+00,,0.0,test
abc0001789,2021-10-01 04:37:20.142+00,,0.0,real
abc0001789,2021-10-01 04:37:20.153+00,,0.0,test
abc0001790,2021-10-01 04:37:20.16+00,,0.0,real
abc0001790,2021-10-01 04:37:20.169+00,,0.0,test
abc0001791,2021-10-01 04:37:20.182+00,,0.0,test
abc0001792,2021-10-01 04:37:20.19+00,,0.0,real
abc0001792,2021-10-01 04:37:20.199+00,,0.0,test
abc0001793,2021-10-01 04:37:20.206+00,,0.0,real
abc0001793,2021-10-01 04:37:20.215+00,,0.0,test
abc0001794,2021-10-01 04:37:20.223+00,,0.0,real
abc0001794,2021-10-01 04:37:20.232+00,,0.0,test
abc0001796,2021-10-01 04:37:20.256+00,,0.0,real
abc0001797,2021-10-01 04:37:20.269+00,,0.0,real
abc0001798,2021-10-01 04:37:20.283+00,,0.0,real
abc0001799,2021-10-01 04:37:20.296+00,,0.0,real
abc0001799,2021-10-01 04:37:20.304+00,,0.0,test
abc0001800,2021-10-01 04:37:20.312+00,,0.0,real
abc0001800,2021-10-01 04:37:20.321+00,,0.0,test
abc0001801,2021-10-01 04:37:20.333+00,,0.0,test
abc0001802,2021-10-01 04:37:20.342+00,,0.0,real
abc0001802,2021-10-01 04:37:20.351+00,,0.0,test
abc0001803,2021-10-01 04:37:20.364+00,,0.0,test
abc0001804,2021-10-01 04:37:20.378+00,,0.0,real
abc0001804,2021-10-01 04:37:20.386+00,,0.0,test
abc0001805,2021-10-01 04:37:20.399+00,,0.0,test
abc0001806,2021-10-01 04:37:20.407+00,,0.0,real
abc0001806,2021-10-01 04:37:20.416+00,,0.0,test
abc0001807,2021-10-01 04:37:20.423+00,,0.0,real
abc0001807,2021-10-01 04:37:20.432+00,,0.0,test
abc0001808,2021-10-01 04:37:20.439+00,,0.0,real
abc0001808,2021-10-01 04:37:20.448+00,,0.0,test
abc0001809,2021-10-01 04:37:20.457+00,,0.0,real
abc0001809,2021-10-01 04:37:20.467+00,,0.0,test
abc0001810,2021-10-01 04:37:20.477+00,,0.0,real
abc0001810,2021-10-01 04:37:20.486+00,,0.0,test
abc0001811,2021-10-01 04:37:20.499+00,,0.0,test
abc0001812,2021-10-01 04:37:20.507+00,,0.0,real
abc0001812,2021-10-01 04:37:20.515+00,,0.0,test
abc0001814,2021-10-01 04:37:20.533+00,,0.0,real
abc0001814,2021-10-01 04:37:20.541+00,,0.0,real
abc0001815,2021-10-01 04:37:20.549+00,,0.0,real
abc0001816,2021-10-01 04:37:20.561+00,,0.0,real
abc0001817,2021-10-01 04:37:20.574+00,,0.0,real
abc0001817,2021-10-01 04:37:20.581+00,,0.0,real
abc0001819,2021-10-01 04:37:20.589+00,,0.0,real
abc0001820,2021-10-01 04:37:20.602+00,,0.0,real
abc0001820,2021-10-01 04:37:20.611+00,,0.0,test
abc0001821,2021-10-01 04:37:20.619+00,,0.0,real
abc0001821,2021-10-01 04:37:20.633+00,,0.0,test
abc0001822,2021-10-01 04:37:20.64+00,,0.0,real
abc0001823,2021-10-01 04:37:20.654+00,,0.0,real
abc0001824,2021-10-01 04:37:20.668+00,,0.0,real
abc0001825,2021-10-01 04:37:20.681+00,,0.0,real
abc0001826,2021-10-01 04:37:20.693+00,,0.0,real
abc0001829,2021-10-01 04:37:20.707+00,,0.0,real
abc0001829,2021-10-01 04:37:20.715+00,,0.0,test
abc0001830,2021-10-01 04:37:20.723+00,,0.0,real
abc0001830,2021-10-01 04:37:20.731+00,,0.0,real
abc0001830,2021-10-01 04:37:20.739+00,,0.0,test
abc0001831,2021-10-01 04:37:20.747+00,,0.0,real
abc0001831,2021-10-01 04:37:20.755+00,,0.0,test
abc0001833,2021-10-01 04:37:20.772+00,,0.0,real
abc0001833,2021-10-01 04:37:20.779+00,,0.0,real
abc0001834,2021-10-01 04:37:20.793+00,,0.0,test
abc0001835,2021-10-01 04:37:20.806+00,,0.0,real
abc0001835,2021-10-01 04:37:20.815+00,,0.0,test
abc0001836,2021-10-01 04:37:20.823+00,,0.0,real
abc0001836,2021-10-01 04:37:20.836+00,,0.0,test
abc0001837,2021-10-01 04:37:20.844+00,,0.0,real
abc0001838,2021-10-01 04:37:20.862+00,,0.0,test
abc0001842,2021-10-01 04:37:20.878+00,,0.0,test
abc0001843,2021-10-01 04:37:20.891+00,,0.0,real
abc0001844,2021-10-01 04:37:20.901+00,,0.0,real
abc0001844,2021-10-01 04:37:20.91+00,,0.0,test
abc0001847,2021-10-01 04:37:20.918+00,,0.0,real
abc0001848,2021-10-01 04:37:20.936+00,,0.0,real
abc0001849,2021-10-01 04:37:20.946+00,,0.0,real
abc0001850,2021-10-01 04:37:20.96+00,,0.0,real
abc0001851,2021-10-01 04:37:20.973+00,,0.0,real
abc0001851,2021-10-01 04:37:20.98+00,,0.0,real
abc0001852,2021-10-01 04:37:20.988+00,,0.0,real
abc0001852,2021-10-01 04:37:20.996+00,,0.0,test
abc0001853,2021-10-01 04:37:21.01+00,,0.0,test
abc0001854,2021-10-01 04:37:21.023+00,,0.0,real
abc0001855,2021-10-01 04:37:21.042+00,,0.0,test
abc0001856,2021-10-01 04:37:21.05+00,,0.0,real
abc0001857,2021-10-01 04:37:21.065+00,,0.0,real
abc0001857,2021-10-01 04:37:21.073+00,,0.0,real
abc0001858,2021-10-01 04:37:21.087+00,,0.0,test
abc0001859,2021-10-01 04:37:21.095+00,,0.0,real
abc0001859,2021-10-01 04:37:21.104+00,,0.0,test
abc0001860,2021-10-01 04:37:21.112+00,,0.0,real
abc0001861,2021-10-01 04:37:21.128+00,,0.0,real
abc0001862,2021-10-01 04:37:21.142+00,,0.0,real
abc0001862,2021-10-01 04:37:21.151+00,,0.0,test
abc0001863,2021-10-01 04:37:21.158+00,,0.0,real
abc0001863,2021-10-01 04:37:21.165+00,,0.0,real
abc0001864,2021-10-01 04:37:21.179+00,,0.0,test
abc0001865,2021-10-01 04:37:21.187+00,,0.0,real
abc0001867,2021-10-01 04:37:21.207+00,,0.0,test
abc0001868,2021-10-01 04:37:21.216+00,,0.0,real
abc0001868,2021-10-01 04:37:21.224+00,,0.0,test
abc0001869,2021-10-01 04:37:21.232+00,,0.0,real
abc0001869,2021-10-01 04:37:21.24+00,,0.0,test
abc0001871,2021-10-01 04:37:21.247+00,,0.0,real
abc0001872,2021-10-01 04:37:21.262+00,,0.0,real
abc0001872,2021-10-01 04:37:21.27+00,,0.0,test
abc0001873,2021-10-01 04:37:21.284+00,,0.0,test
abc0001874,2021-10-01 04:37:21.3+00,,0.0,test
abc0001875,2021-10-01 04:37:21.309+00,,0.0,real
abc0001875,2021-10-01 04:37:21.318+00,,0.0,test
abc0001877,2021-10-01 04:37:21.327+00,,0.0,real
abc0001878,2021-10-01 04:37:21.339+00,,0.0,real
abc0001878,2021-10-01 04:37:21.347+00,,0.0,test
abc0001879,2021-10-01 04:37:21.354+00,,0.0,real
abc0001880,2021-10-01 04:37:21.367+00,,0.0,real
abc0001881,2021-10-01 04:37:21.385+00,,0.0,real
abc0001884,2021-10-01 04:37:21.396+00,,0.0,real
abc0001884,2021-10-01 04:37:21.409+00,,0.0,test
abc0001885,2021-10-01 04:37:21.416+00,,0.0,real
abc0001887,2021-10-01 04:37:21.428+00,,0.0,real
abc0001887,2021-10-01 04:37:21.436+00,,0.0,test
abc0001888,2021-10-01 04:37:21.444+00,,0.0,real
abc0001889,2021-10-01 04:37:21.459+00,,0.0,real
abc0001889,2021-10-01 04:37:21.47+00,,0.0,test
abc0001890,2021-10-01 04:37:21.478+00,,0.0,real
abc0001891,2021-10-01 04:37:21.501+00,,0.0,test
abc0001892,2021-10-01 04:37:21.509+00,,0.0,real
abc0001893,2021-10-01 04:37:21.523+00,,0.0,real
abc0001894,2021-10-01 04:37:21.536+00,,0.0,real
abc0001895,2021-10-01 04:37:21.55+00,,0.0,real
abc0001895,2021-10-01 04:37:21.558+00,,0.0,test
abc0001896,2021-10-01 04:37:21.566+00,,0.0,real
abc0001896,2021-10-01 04:37:21.575+00,,0.0,test
abc0001897,2021-10-01 04:37:21.583+00,,0.0,real
abc0001898,2021-10-01 04:37:21.6+00,,0.0,real
abc0001900,2021-10-01 04:37:21.612+00,,0.0,real
abc0001900,2021-10-01 04:37:21.62+00,,0.0,test
abc0001901,2021-10-01 04:37:21.641+00,,0.0,test
abc0001902,2021-10-01 04:37:21.648+00,,0.0,real
abc0001903,2021-10-01 04:37:21.662+00,,0.0,real
abc0001903,2021-10-01 04:37:21.671+00,,0.0,test
abc0001904,2021-10-01 04:37:21.683+00,,0.0,real
abc0001905,2021-10-01 04:37:21.696+00,,0.0,real
abc0001905,2021-10-01 04:37:21.704+00,,0.0,test
abc0001906,2021-10-01 04:37:21.717+00,,0.0,real
abc0001906,2021-10-01 04:37:21.73+00,,0.0,test
abc0001907,2021-10-01 04:37:21.738+00,,0.0,real
abc0001907,2021-10-01 04:37:21.751+00,,0.0,test
abc0001908,2021-10-01 04:37:21.764+00,,0.0,test
abc0001909,2021-10-01 04:37:21.773+00,,0.0,real
abc0001910,2021-10-01 04:37:21.798+00,,0.0,real
abc0001910,2021-10-01 04:37:21.81+00,,0.0,test
abc0001911,2021-10-01 04:37:21.82+00,,0.0,real
abc0001911,2021-10-01 04:37:21.828+00,,0.0,test
abc0001912,2021-10-01 04:37:21.837+00,,0.0,real
abc0001913,2021-10-01 04:37:21.858+00,,0.0,test
abc0001914,2021-10-01 04:37:21.872+00,,0.0,test
abc0001915,2021-10-01 04:37:21.88+00,,0.0,real
abc0001916,2021-10-01 04:37:21.901+00,,0.0,test
abc0001917,2021-10-01 04:37:21.91+00,,0.0,real
abc0001917,2021-10-01 04:37:21.918+00,,0.0,test
abc0001918,2021-10-01 04:37:21.926+00,,0.0,real
abc0001918,2021-10-01 04:37:21.935+00,,0.0,test
abc0001919,2021-10-01 04:37:21.942+00,,0.0,real
abc0001920,2021-10-01 04:37:21.955+00,,0.0,real
abc0001920,2021-10-01 04:37:21.964+00,,0.0,test
abc0001921,2021-10-01 04:37:21.972+00,,0.0,real
abc0001922,2021-10-01 04:37:21.984+00,,0.0,real
abc0001922,2021-10-01 04:37:21.992+00,,0.0,test
abc0001924,2021-10-01 04:37:22.009+00,,0.0,real
abc0001924,2021-10-01 04:37:22.018+00,,0.0,test
abc0001925,2021-10-01 04:37:22.028+00,,0.0,real
abc0001925,2021-10-01 04:37:22.037+00,,0.0,test
abc0001926,2021-10-01 04:37:22.044+00,,0.0,real
abc0001926,2021-10-01 04:37:22.053+00,,0.0,test
abc0001927,2021-10-01 04:37:22.061+00,,0.0,real
abc0001927,2021-10-01 04:37:22.07+00,,0.0,test
abc0001930,2021-10-01 04:37:22.099+00,,0.0,real
abc0001930,2021-10-01 04:37:22.108+00,,0.0,test
abc0001931,2021-10-01 04:37:22.122+00,,0.0,test
abc0001932,2021-10-01 04:37:22.13+00,,0.0,real
abc0001933,2021-10-01 04:37:22.142+00,,0.0,real
abc0001933,2021-10-01 04:37:22.151+00,,0.0,test
abc0001935,2021-10-01 04:37:22.181+00,,0.0,test
abc0001936,2021-10-01 04:37:22.195+00,,0.0,real
abc0001938,2021-10-01 04:37:22.209+00,,0.0,real
abc0001939,2021-10-01 04:37:22.223+00,,0.0,real
abc0001940,2021-10-01 04:37:22.239+00,,0.0,real
abc0001941,2021-10-01 04:37:22.253+00,,0.0,real
abc0001942,2021-10-01 04:37:22.265+00,,0.0,real
abc0001943,2021-10-01 04:37:22.277+00,,0.0,real
abc0001944,2021-10-01 04:37:22.291+00,,0.0,real
abc0001944,2021-10-01 04:37:22.3+00,,0.0,test
abc0001945,2021-10-01 04:37:22.315+00,,0.0,test
abc0001948,2021-10-01 04:37:22.322+00,,0.0,real
abc0001949,2021-10-01 04:37:22.335+00,,0.0,real
abc0001949,2021-10-01 04:37:22.343+00,,0.0,real
abc0001949,2021-10-01 04:37:22.35+00,,0.0,test
abc0001950,2021-10-01 04:37:22.358+00,,0.0,real
abc0001951,2021-10-01 04:37:22.37+00,,0.0,real
abc0001951,2021-10-01 04:37:22.378+00,,0.0,test
abc0001952,2021-10-01 04:37:22.386+00,,0.0,real
abc0001953,2021-10-01 04:37:22.399+00,,0.0,real
abc0001954,2021-10-01 04:37:22.413+00,,0.0,real
abc0001954,2021-10-01 04:37:22.423+00,,0.0,real
abc0001955,2021-10-01 04:37:22.437+00,,0.0,test
abc0001956,2021-10-01 04:37:22.445+00,,0.0,real
abc0001957,2021-10-01 04:37:22.458+00,,0.0,real
abc0001957,2021-10-01 04:37:22.467+00,,0.0,test
abc0001958,2021-10-01 04:37:22.481+00,,0.0,test
abc0001959,2021-10-01 04:37:22.489+00,,0.0,real
abc0001959,2021-10-01 04:37:22.498+00,,0.0,test
abc0001961,2021-10-01 04:37:22.52+00,,0.0,real
abc0001962,2021-10-01 04:37:22.534+00,,0.0,real
abc0001962,2021-10-01 04:37:22.542+00,,0.0,test
abc0001963,2021-10-01 04:37:22.55+00,,0.0,real
abc0001963,2021-10-01 04:37:22.563+00,,0.0,test
abc0001964,2021-10-01 04:37:22.571+00,,0.0,real
abc0001964,2021-10-01 04:37:22.58+00,,0.0,test
abc0001965,2021-10-01 04:37:22.588+00,,0.0,real
abc0001966,2021-10-01 04:37:22.61+00,,0.0,test
abc0001967,2021-10-01 04:37:22.626+00,,0.0,real
abc0001967,2021-10-01 04:37:22.633+00,,0.0,test
abc0001968,2021-10-01 04:37:22.647+00,,0.0,test
abc0001969,2021-10-01 04:37:22.654+00,,0.0,real
abc0001969,2021-10-01 04:37:22.663+00,,0.0,test
abc0001970,2021-10-01 04:37:22.67+00,,0.0,real
abc0001970,2021-10-01 04:37:22.678+00,,0.0,real
abc0001971,2021-10-01 04:37:22.685+00,,0.0,real
abc0001972,2021-10-01 04:37:22.698+00,,0.0,real
abc0001972,2021-10-01 04:37:22.708+00,,0.0,test
abc0001973,2021-10-01 04:37:22.722+00,,0.0,test
abc0001974,2021-10-01 04:37:22.73+00,,0.0,real
abc0001974,2021-10-01 04:37:22.739+00,,0.0,test
abc0001975,2021-12-14 03:59:05.034+00,,55.07,real
abc0001975,2021-10-01 04:37:22.76+00,,0.0,test
abc0001976,2021-10-01 04:37:22.768+00,,0.0,real
abc0001976,2021-10-01 04:37:22.776+00,,0.0,test
abc0001977,2021-10-01 04:37:22.784+00,,0.0,real
abc0001977,2021-10-01 04:37:22.792+00,,0.0,test
abc0001978,2021-10-01 04:37:22.8+00,,0.0,real
abc0001980,2021-10-01 04:37:22.823+00,,0.0,real
abc0001981,2021-10-01 04:37:22.835+00,,0.0,real
abc0001981,2021-10-01 04:37:22.848+00,,0.0,test
abc0001983,2021-10-01 04:37:22.855+00,,0.0,real
abc0001983,2021-10-01 04:37:22.862+00,,0.0,real
abc0001985,2021-10-01 04:37:22.877+00,,0.0,test
abc0001986,2021-10-01 04:37:22.886+00,,0.0,real
abc0001987,2021-10-01 04:37:22.899+00,,0.0,real
abc0001988,2021-10-01 04:37:22.917+00,,0.0,test
abc0001989,2021-10-01 04:37:22.927+00,,0.0,real
abc0001989,2021-10-01 04:37:22.939+00,,0.0,test
abc0001990,2021-10-01 04:37:22.946+00,,0.0,real
abc0001990,2021-10-01 04:37:22.954+00,,0.0,test
abc0001991,2021-10-01 04:37:22.963+00,,0.0,real
abc0001991,2021-10-01 04:37:22.972+00,,0.0,real
abc0001992,2021-10-01 04:37:22.981+00,,0.0,real
abc0001992,2021-10-01 04:37:22.989+00,,0.0,real
abc0001993,2021-10-01 04:37:22.996+00,,0.0,real
abc0001993,2021-10-01 04:37:23.005+00,,0.0,test
abc0001994,2021-10-01 04:37:23.012+00,,0.0,real
abc0001995,2021-10-01 04:37:23.026+00,,0.0,real
abc0001995,2021-10-01 04:37:23.035+00,,0.0,test
abc0001996,2021-10-01 04:37:23.048+00,,0.0,test
abc0001997,2021-10-01 04:37:23.058+00,,0.0,real
abc0001997,2021-10-01 04:37:23.066+00,,0.0,test
abc0001998,2021-10-01 04:37:23.073+00,,0.0,real
abc0001999,2021-10-01 04:37:23.089+00,,0.0,test
abc0002000,2021-10-01 04:37:23.098+00,,0.0,real
abc0002001,2021-10-01 04:37:23.116+00,,0.0,test
abc0002002,2021-10-01 04:37:23.124+00,,0.0,real
abc0002002,2021-10-01 04:37:23.133+00,,0.0,test
abc0002003,2021-10-01 04:37:23.147+00,,0.0,test
abc0002004,2021-10-01 04:37:23.155+00,,0.0,real
abc0002004,2021-10-01 04:37:23.17+00,,0.0,test
abc0002005,2021-10-01 04:37:23.178+00,,0.0,real
abc0002005,2021-10-01 04:37:23.186+00,,0.0,test
abc0002006,2021-10-01 04:37:23.194+00,,0.0,real
abc0002008,2021-10-01 04:37:23.207+00,,0.0,real
abc0002008,2021-10-01 04:37:23.217+00,,0.0,test
abc0002010,2021-10-01 04:37:23.225+00,,0.0,real
abc0002011,2021-10-01 04:37:23.242+00,,0.0,real
abc0002011,2021-10-01 04:37:23.25+00,,0.0,test
abc0002014,2021-10-01 04:37:23.268+00,,0.0,real
abc0007972,2022-10-29 00:03:35.011+00,,-5299856.81,real
abc0008012,2021-10-01 14:55:18.837+00,,0.0,real
abc0008008,2021-10-02 00:01:57.999+00,,0.0,test
abc0008008,2021-10-02 00:01:58.006+00,,0.0,real
abc0008011,2021-11-29 01:33:30.637+00,,185.38,real
abc0008013,2021-10-02 00:01:58.044+00,,0.0,real
abc0004080,2022-06-27 02:19:16.342+00,,-50.07,real
abc0007355,2021-10-03 00:01:48.849+00,,0.0,real
abc0008022,2021-10-04 00:01:51.969+00,,0.0,test
abc0008042,2021-10-13 07:20:37.456+00,,-20.93,real
abc0008051,2022-10-08 07:33:32.159+00,,34734.22,real
abc0008044,2021-10-05 00:01:51.936+00,,0.0,real
abc0008052,2021-12-09 21:39:42.059+00,,1452.25,real
abc0008053,2021-10-05 00:01:51.991+00,,0.0,real
abc0008054,2021-10-05 00:01:52.003+00,,0.0,real
abc0008056,2021-10-05 00:01:52.019+00,,0.0,test
abc0008059,2021-10-05 00:01:52.041+00,,0.0,real
abc0008060,2021-10-05 00:01:52.053+00,,0.0,real
abc0008061,2021-10-05 00:01:52.065+00,,0.0,test
abc0008070,2021-10-06 00:01:52.839+00,,144.87,real
abc0007922,2021-11-30 17:44:43.35+00,,100.0,real
abc0008056,2022-07-17 01:29:23.848+00,,-31170.760000000002,real
abc0008064,2021-10-06 00:01:52.791+00,,0.0,test
abc0008064,2021-10-06 00:01:52.797+00,,0.0,real
abc0008067,2024-01-26 00:06:00.698+00,,-23933.498499999998,real
abc0008075,2021-10-06 00:01:52.865+00,,0.0,real
abc0008087,2021-10-06 07:55:10.786+00,,0.0,real
abc0008092,2021-10-07 17:31:59.32+00,,2.1,test
abc0005648,2021-10-07 00:01:39.576+00,,0.0,real
abc0008085,2021-10-07 00:01:52.52+00,,0.0,real
abc0008100,2021-10-07 00:01:52.624+00,,0.0,real
abc0008103,2021-10-07 10:33:05.268+00,,27.06,real
abc0008106,2021-10-08 00:01:54.575+00,,0.0,real
abc0008113,2021-10-08 00:01:54.617+00,,0.0,test
abc0007986,2021-10-09 00:01:53.904+00,,35.0,real
abc0007886,2021-10-09 00:01:53.364+00,,0.0,real
abc0008098,2021-10-09 00:01:54.456+00,,0.0,real
abc0008117,2021-10-09 00:01:54.584+00,,0.0,real
abc0008117,2021-10-09 00:01:54.59+00,,0.0,real
abc0008119,2021-10-09 00:01:54.606+00,,0.0,real
abc0008120,2021-10-09 00:01:54.617+00,,0.0,real
abc0008123,2021-10-09 00:01:54.64+00,,0.0,real
abc0008124,2021-10-09 00:01:54.651+00,,0.0,real
abc0007339,2023-06-06 09:16:18.843+00,,507.7222999999999,test
abc0004094,2021-10-09 03:55:11.496+00,,0.0,real
abc0003501,2021-10-10 00:01:27.002+00,,0.0,test
abc0007304,2021-10-10 00:01:48.401+00,,0.0,test
abc0007773,2021-10-10 00:01:50.847+00,,0.0,real
abc0008132,2021-10-10 00:01:52.673+00,,0.0,real
abc0008133,2021-10-10 00:01:52.685+00,,0.0,real
abc0008142,2021-10-10 11:04:13.245+00,,4.75,test
abc0008142,2021-11-26 13:58:41.141+00,,129.2,real
abc0008155,2021-10-10 23:55:10.949+00,,0.0,real
abc0007022,2021-10-11 00:01:51.605+00,,0.0,real
abc0008140,2021-10-11 00:01:57.546+00,,0.0,real
abc0008150,2021-10-11 00:01:57.602+00,,0.0,real
abc0008152,2021-10-11 00:01:57.619+00,,0.0,real
abc0008153,2021-10-11 00:01:57.631+00,,0.0,real
abc0008155,2021-10-11 00:01:57.647+00,,0.0,test
abc0008164,2021-10-11 14:55:14.374+00,,0.0,real
abc0008159,2021-10-12 00:01:52.006+00,,0.0,real
abc0008066,2024-03-22 00:06:42.243+00,,-2948039.67,real
abc0008168,2021-10-12 23:55:11.763+00,,0.0,real
abc0008180,2021-10-13 00:01:53.153+00,,0.0,real
abc0008187,2021-10-13 00:01:53.194+00,,0.0,real
abc0008210,2021-10-13 23:55:14.099+00,,0.0,real
abc0003493,2021-10-14 00:01:26.483+00,,0.0,real
abc0006979,2021-10-14 00:01:46.106+00,,0.0,real
abc0008188,2021-10-14 00:01:52.327+00,,0.0,real
abc0008200,2021-10-14 00:01:52.385+00,,0.0,test
abc0008202,2021-10-14 00:01:52.4+00,,0.0,real
abc0008203,2021-10-14 00:01:52.411+00,,0.0,real
abc0008185,2021-10-14 08:55:14.46+00,,0.0,real
abc0006641,2021-10-15 00:01:42.685+00,,0.0,real
abc0008212,2021-10-15 00:01:50.967+00,,0.0,real
abc0008212,2021-10-15 00:01:50.973+00,,0.0,test
abc0008214,2021-10-15 00:01:50.988+00,,0.0,test
abc0008216,2023-03-30 02:10:48.355+00,,-1250.49,real
abc0008217,2021-10-15 00:01:51.015+00,,0.0,real
abc0008221,2021-10-15 00:01:51.034+00,,0.0,real
abc0008225,2022-02-17 20:14:01.041+00,,27833.41,real
abc0008112,2021-10-15 22:55:12.736+00,,0.0,real
abc0008227,2021-10-16 00:01:50.648+00,,0.0,real
abc0008227,2021-10-17 04:53:03.827+00,,11.13,real
abc0008229,2021-10-16 00:01:50.672+00,,0.0,test
abc0008229,2021-10-16 00:01:50.678+00,,0.0,real
abc0008231,2021-10-16 00:01:50.694+00,,0.0,test
abc0002076,2021-12-06 09:59:13.622+00,,1194.22,real
abc0006633,2021-10-17 00:01:42.785+00,,0.0,real
abc0008245,2021-10-17 00:01:51.379+00,,0.0,test
abc0008245,2021-10-17 00:01:51.385+00,,0.0,real
abc0008248,2021-10-17 00:01:51.405+00,,0.0,real
abc0008250,2021-10-17 00:01:51.42+00,,0.0,real
abc0007960,2021-10-28 00:01:49.431+00,,18.3,real
abc0008256,2021-10-18 00:01:52.894+00,,0.0,test
abc0008258,2021-10-18 00:01:52.913+00,,0.0,real
abc0008266,2021-10-18 00:01:52.956+00,,0.0,real
abc0008280,2021-10-18 11:39:19.697+00,,5.01,real
abc0008283,2022-05-31 14:25:18.014+00,,5811.32,real
abc0006021,2021-10-19 00:01:39.23+00,,0.0,real
abc0008275,2021-10-19 00:01:51.077+00,,0.0,test
abc0008276,2021-10-19 00:01:51.091+00,,0.0,test
abc0008277,2021-10-19 00:01:51.102+00,,0.0,real
abc0008285,2021-10-19 00:01:51.159+00,,0.0,real
abc0008287,2021-10-19 00:01:51.178+00,,0.0,test
abc0006287,2021-10-20 00:01:40.912+00,,0.0,test
abc0008240,2021-10-20 00:01:51.487+00,,0.0,real
abc0008264,2022-02-01 23:34:08.921+00,,1277.08,real
abc0008271,2021-10-20 00:01:51.656+00,,0.0,real
abc0008297,2021-10-20 00:01:51.782+00,,0.0,real
abc0008297,2021-10-20 00:01:51.791+00,,0.0,test
abc0008299,2021-10-20 00:01:51.807+00,,0.0,test
abc0008303,2021-10-20 00:01:51.831+00,,0.0,test
abc0008303,2021-10-20 00:01:51.836+00,,0.0,real
abc0008298,2021-10-20 03:55:13.394+00,,0.0,real
abc0008316,2021-10-20 14:49:26.659+00,,100.0,test
abc0008316,2021-10-20 15:55:12.343+00,,0.0,real
abc0008154,2022-12-07 15:22:48.031+00,,41025.4277,real
abc0008318,2021-10-21 00:01:51.765+00,,0.0,real
abc0008275,2021-11-23 02:45:34.712+00,,-55000.0,real
abc0001430,2021-10-22 00:01:13.433+00,,0.0,real
abc0005753,2021-11-11 12:20:01.681+00,,-1867.1000000000001,test
abc0008273,2021-10-22 00:01:52.195+00,,0.0,real
abc0008308,2021-11-09 09:47:47.921+00,,20.0,real
abc0008330,2021-10-22 00:01:52.492+00,,0.0,real
abc0008333,2023-04-04 13:51:58.948+00,,-189.7671,real
abc0006065,2022-01-18 20:27:16.133+00,,26.78,real
abc0008145,2021-10-23 00:01:50.639+00,,0.0,real
abc0008311,2021-10-23 00:01:51.482+00,,0.0,real
abc0008353,2021-10-23 00:01:51.684+00,,0.0,test
abc0008354,2021-10-23 00:01:51.696+00,,0.0,real
abc0008356,2022-03-22 00:01:49.139+00,,2.23,real
abc0008356,2022-01-24 09:29:31.419+00,,0.74,test
abc0008361,2021-10-23 00:01:51.74+00,,0.0,real
abc0008365,2021-10-23 00:01:51.765+00,,0.0,real
abc0008365,2021-10-23 00:01:51.771+00,,0.0,test
abc0008370,2021-10-26 08:41:33.919+00,,978.06,test
abc0008184,2021-10-23 14:55:13.997+00,,0.0,real
abc0002505,2021-10-24 00:01:19.096+00,,0.0,real
abc0008370,2024-03-19 00:07:10.328+00,,-13531.333100000002,real
abc0008376,2021-10-24 00:01:51.555+00,,0.0,real
abc0008357,2021-10-25 00:01:51.67+00,,0.0,test
abc0008389,2021-10-25 00:01:51.809+00,,0.0,real
abc0008394,2021-10-25 00:01:51.84+00,,0.0,test
abc0008396,2021-10-25 00:01:51.856+00,,0.0,real
abc0008397,2021-10-25 00:01:51.869+00,,0.0,real
abc0008403,2021-10-25 00:01:51.903+00,,0.0,real
abc0008405,2021-10-25 00:01:51.92+00,,0.0,real
abc0008406,2021-10-25 00:01:51.931+00,,0.0,real
abc0007257,2021-10-26 00:01:45.733+00,,0.0,real
abc0008417,2021-10-26 00:01:51.761+00,,0.0,real
abc0008331,2021-10-26 18:11:46.613+00,,90.19,real
abc0006065,2021-11-10 22:03:36.46+00,,40.3245,test
abc0008423,2021-10-27 00:01:52.558+00,,0.0,real
abc0008425,2021-10-27 00:01:52.574+00,,0.0,real
abc0008428,2021-10-27 00:01:52.593+00,,0.0,real
abc0006917,2021-12-19 16:51:20.725+00,,521.4,real
abc0008440,2021-10-27 19:48:55.63+00,,11.6,real
abc0008420,2021-10-27 20:55:10.849+00,,0.0,real
abc0008092,2021-10-28 00:01:50.098+00,,0.0,real
abc0008432,2021-10-28 00:01:51.852+00,,0.0,real
abc0008435,2021-10-28 00:01:51.876+00,,0.0,real
abc0008438,2021-10-28 00:01:51.9+00,,0.0,real
abc0008443,2021-10-28 00:01:51.934+00,,0.0,real
abc0008445,2021-10-28 00:01:51.95+00,,0.0,real
abc0008461,2021-10-28 22:33:11.776+00,,250.0,real
abc0008194,2021-10-28 22:55:11.121+00,,0.0,real
abc0008402,2021-10-29 00:01:51.995+00,,0.0,real
abc0008449,2021-10-29 00:01:52.672+00,,0.0,real
abc0008450,2022-01-14 15:49:01.559+00,,9.05,real
abc0008353,2024-01-31 00:06:07.094+00,,-423921.56169999996,real
abc0006093,2021-10-30 00:01:40.455+00,,0.0,real
abc0007264,2021-10-30 00:01:46.938+00,,0.0,real
abc0008464,2021-10-30 00:01:53.723+00,,0.0,real
abc0008467,2021-10-30 00:01:53.743+00,,0.0,real
abc0008472,2021-10-30 00:01:53.771+00,,0.0,real
abc0008434,2023-03-18 16:10:39.701+00,,702.2737,real
abc0008480,2021-10-30 13:22:27.909+00,,4.0,real
abc0005378,2022-06-19 17:37:59.028+00,,950.3299999999999,real
abc0008475,2021-10-31 00:01:52.627+00,,0.0,test
abc0008479,2021-11-10 08:23:17.894+00,,390.0,real
abc0008488,2021-10-31 00:01:52.704+00,,0.0,real
abc0008386,2021-11-03 14:58:14.363+00,,3.47,real
abc0008494,2021-11-01 11:41:16.141+00,,50.0,real
abc0006030,2021-11-01 00:01:39.354+00,,0.0,real
abc0008455,2021-11-01 00:01:52.306+00,,0.0,real
abc0008495,2021-11-01 00:01:52.502+00,,0.0,real
abc0008497,2021-11-01 00:01:52.518+00,,0.0,real
abc0008500,2021-11-01 00:01:52.534+00,,0.0,real
abc0008502,2021-11-01 00:01:52.55+00,,0.0,real
abc0008504,2021-11-01 00:01:52.566+00,,0.0,real
abc0008456,2021-11-01 18:55:15.869+00,,0.0,real
abc0008034,2022-02-06 17:11:37.194+00,,29.58,real
abc0008483,2021-11-02 00:01:51.535+00,,0.0,real
abc0008485,2021-11-02 00:01:51.551+00,,0.0,real
abc0008485,2021-11-02 00:01:51.556+00,,0.0,test
abc0008501,2021-11-02 00:01:51.638+00,,0.0,real
abc0008507,2021-11-02 00:01:51.676+00,,0.0,test
abc0008549,2021-11-14 00:12:28.891+00,,324.09,real
abc0008524,2021-11-03 00:01:53.241+00,,0.0,real
abc0008536,2021-11-03 00:01:53.306+00,,0.0,real
abc0008538,2021-11-05 11:56:01.658+00,,1.0,real
abc0008541,2021-11-03 00:01:53.343+00,,0.0,real
abc0008541,2021-11-03 00:01:53.349+00,,0.0,test
abc0008074,2022-01-19 19:10:59.454+00,,4.44,real
abc0008516,2021-11-04 00:01:52.493+00,,0.0,real
abc0008555,2021-11-04 00:01:52.664+00,,0.0,real
abc0008561,2022-01-22 09:50:48.383+00,,124.77,real
abc0008563,2021-11-04 00:01:52.703+00,,0.0,real
abc0003105,2021-11-05 00:01:23.111+00,,0.0,real
abc0007757,2021-11-05 00:01:49.313+00,,0.0,real
abc0008447,2022-04-14 17:33:06.247+00,,2575.18,real
abc0008565,2021-11-05 00:01:54.402+00,,0.0,test
abc0008565,2021-11-05 00:01:54.408+00,,0.0,real
abc0008573,2021-11-05 00:01:54.437+00,,0.0,real
abc0008589,2022-03-30 04:47:27.635+00,,11221.65,real
abc0008560,2023-03-24 00:04:13.314+00,,293.38200000000006,real
abc0008099,2021-11-06 00:01:50.874+00,,0.0,real
abc0008554,2022-06-16 11:50:48.606+00,,143.22,test
abc0008586,2021-11-06 00:01:53.787+00,,0.0,test
abc0008590,2021-11-06 00:01:53.818+00,,0.0,real
abc0008598,2021-11-07 00:01:52.802+00,,0.0,real
abc0002517,2021-11-08 00:01:19.244+00,,1764.38,real
abc0008581,2021-11-15 11:36:40.973+00,,330.0,real
abc0008183,2023-06-22 00:04:38.758+00,,-111575.4917,real
abc0007124,2022-01-22 07:02:29.817+00,,527.64,test
abc0008512,2022-03-24 17:46:38.081+00,,6888.71,real
abc0008620,2021-11-09 00:01:53.325+00,,0.0,real
abc0008623,2021-11-09 00:01:53.346+00,,0.0,real
abc0008625,2021-11-09 00:01:53.361+00,,0.0,test
abc0008626,2021-11-09 00:01:53.373+00,,0.0,real
abc0008633,2021-11-09 00:01:53.413+00,,0.0,real
abc0008651,2021-11-10 00:04:41.119+00,,9.74,real
abc0008255,2021-11-10 00:01:51.896+00,,0.0,real
abc0008466,2021-11-10 00:01:53.403+00,,0.0,test
abc0008584,2022-08-03 10:01:21.396+00,,58.02000000000001,test
abc0008638,2021-11-10 00:01:54.25+00,,0.0,real
abc0008648,2021-11-10 00:01:54.292+00,,0.0,real
abc0008653,2021-11-10 00:01:54.325+00,,0.0,test
abc0008529,2021-12-03 06:17:02.292+00,,1101.69,real
abc0008186,2021-12-16 00:54:29.745+00,,72.0,test
abc0008473,2021-11-11 00:01:53.167+00,,0.0,real
abc0008662,2021-11-11 00:01:54.096+00,,0.0,real
abc0008668,2021-11-11 00:01:54.132+00,,0.0,real
abc0008668,2021-11-11 00:01:54.137+00,,0.0,test
abc0008670,2021-11-11 00:01:54.153+00,,0.0,real
abc0008661,2021-11-15 02:54:13.494+00,,-15000.0,real
abc0008671,2021-11-15 20:15:42.681+00,,101.41,test
abc0005752,2021-11-15 15:46:18.29+00,,-921.46,test
abc0008671,2021-11-12 00:01:53.934+00,,0.0,real
abc0008672,2021-11-12 00:01:53.946+00,,0.0,test
abc0008672,2021-11-12 00:01:53.952+00,,0.0,real
abc0008679,2021-11-12 00:01:53.985+00,,0.0,real
abc0008616,2021-11-12 09:08:26.414+00,,0.0,real
abc0008479,2021-11-13 00:01:47.997+00,,0.0,real
abc0008517,2021-11-13 00:01:48.219+00,,0.0,real
abc0008530,2021-11-13 00:01:48.277+00,,0.0,real
abc0008574,2021-12-13 13:51:29.44+00,,1788.11,test
abc0008687,2021-11-13 00:01:49.076+00,,0.0,real
abc0008692,2021-11-13 00:01:49.105+00,,0.0,real
abc0008693,2021-11-13 00:01:49.116+00,,0.0,real
abc0008694,2021-11-13 00:01:49.127+00,,0.0,real
abc0006840,2021-12-14 17:14:04.656+00,,243.72,real
abc0007076,2021-11-14 00:01:40.625+00,,0.0,real
abc0008543,2021-11-14 00:01:48.708+00,,0.0,real
abc0008712,2021-11-14 00:01:49.496+00,,0.0,real
abc0008727,2022-12-01 09:29:53.895+00,,-6100.8,real
abc0008509,2021-11-15 00:01:48.88+00,,0.0,real
abc0008624,2021-11-15 00:01:49.427+00,,0.0,real
abc0008722,2021-11-15 00:01:49.909+00,,0.0,real
abc0008729,2021-11-15 00:01:49.953+00,,0.0,real
abc0008744,2021-11-17 23:45:22.76+00,,-6.59,real
abc0007460,2021-11-15 19:55:11.76+00,,0.0,real
abc0007460,2021-11-16 00:01:42.353+00,,0.0,test
abc0008639,2021-11-19 12:49:22.202+00,,0.89,real
abc0008736,2021-11-16 00:01:49.361+00,,0.0,real
abc0008749,2021-11-16 00:01:49.425+00,,0.0,test
abc0008749,2021-11-16 00:01:49.431+00,,0.0,real
abc0008750,2021-11-16 00:01:49.443+00,,0.0,test
abc0008754,2021-11-16 00:01:49.468+00,,0.0,real
abc0008617,2021-12-04 00:02:08.886+00,,47.0,real
abc0008466,2023-04-04 13:40:55.61+00,,-900.0,real
abc0007405,2024-03-23 08:55:07.746+00,,-52426366.7457,real
abc0008615,2021-11-17 00:01:53.3+00,,0.0,real
abc0008765,2021-11-17 00:01:54.05+00,,0.0,test
abc0008774,2021-11-17 00:01:54.097+00,,0.0,real
abc0008786,2021-11-17 00:01:54.158+00,,0.0,real
abc0008796,2021-11-17 15:04:41.813+00,,1.31,real
abc0008797,2021-11-18 10:49:19.302+00,,61.87,test
abc0008800,2021-11-18 00:01:57.091+00,,-49.940000000000005,test
abc0008730,2021-11-18 00:01:56.726+00,,0.0,real
abc0008787,2021-11-18 00:01:57.001+00,,0.0,real
abc0008795,2021-11-18 00:01:57.038+00,,0.0,real
abc0008797,2021-11-18 00:01:57.06+00,,0.0,real
abc0008799,2021-11-18 00:01:57.08+00,,0.0,real
abc0008699,2021-11-18 10:55:14.589+00,,0.0,real
abc0008805,2021-11-18 12:55:14.375+00,,0.0,real
abc0008762,2021-11-18 18:55:11.076+00,,0.0,real
abc0008680,2021-11-19 00:01:59.426+00,,0.0,real
abc0008782,2021-11-19 00:02:00.113+00,,0.0,real
abc0008806,2021-11-24 13:56:44.92+00,,1.12,real
abc0008810,2021-11-19 00:02:00.313+00,,0.0,real
abc0008811,2021-11-19 00:02:00.326+00,,0.0,real
abc0008838,2021-11-19 22:55:13.602+00,,0.0,real
abc0008564,2021-11-20 00:01:53.96+00,,0.0,real
abc0008825,2021-11-20 00:01:55.247+00,,0.0,real
abc0008826,2021-11-20 00:01:55.259+00,,0.0,test
abc0008831,2021-11-20 00:01:55.288+00,,0.0,real
abc0008831,2021-11-20 00:01:55.293+00,,0.0,test
abc0008832,2021-11-20 00:01:55.305+00,,0.0,real
abc0008834,2021-11-20 00:01:55.32+00,,0.0,test
abc0008226,2022-12-11 07:26:05.138+00,,18292.3324,real
abc0008830,2021-11-21 00:01:54.789+00,,0.0,real
abc0008840,2021-11-21 00:01:54.855+00,,0.0,real
abc0008841,2021-11-21 00:01:54.867+00,,0.0,real
abc0008842,2021-11-21 00:01:54.879+00,,0.0,real
abc0008850,2021-11-21 00:01:54.923+00,,0.0,real
abc0008857,2021-11-21 00:01:54.963+00,,0.0,real
abc0004308,2021-11-22 00:01:34.543+00,,0.0,real
abc0008726,2022-02-19 20:58:44.332+00,,0.4,real
abc0008848,2021-11-22 00:02:01.429+00,,0.0,real
abc0008858,2021-11-22 00:02:01.49+00,,0.0,real
abc0008862,2021-11-22 00:02:01.515+00,,0.0,real
abc0008865,2021-11-22 00:02:01.537+00,,0.0,test
abc0008865,2021-11-22 00:02:01.542+00,,0.0,real
abc0008867,2021-11-22 00:02:01.558+00,,0.0,real
abc0008872,2021-11-22 00:02:01.586+00,,0.0,real
abc0008882,2021-12-05 11:40:32.855+00,,2947.97,real
abc0008891,2021-11-22 23:23:24.734+00,,5.99,real
abc0008474,2021-11-23 00:01:56.525+00,,0.0,real
abc0008799,2021-12-03 14:58:40.665+00,,39.31,real
abc0008827,2021-11-23 00:01:58.324+00,,0.0,real
abc0008884,2021-11-23 00:01:58.638+00,,0.0,test
abc0008884,2021-11-23 00:01:58.644+00,,0.0,real
abc0008885,2021-11-23 00:01:58.656+00,,0.0,test
abc0008887,2021-11-23 00:01:58.671+00,,0.0,real
abc0008890,2021-11-23 00:01:58.691+00,,0.0,real
abc0008889,2021-11-23 13:55:12.61+00,,0.0,real
abc0003670,2021-11-24 00:01:45.477+00,,0.0,real
abc0008122,2021-11-26 07:11:30.457+00,,28.85,real
abc0008903,2021-11-24 00:02:14.26+00,,0.0,test
abc0008908,2022-01-20 19:15:05.69+00,,91.02,real
abc0008915,2021-11-24 03:55:13.332+00,,0.0,real
abc0008643,2021-11-25 00:01:55.141+00,,0.0,real
abc0008879,2022-07-07 09:07:39.408+00,,-38549.69,real
abc0008928,2021-11-25 00:01:56.646+00,,0.0,test
abc0008928,2021-11-25 00:01:56.652+00,,0.0,real
abc0008933,2021-11-25 00:01:56.683+00,,0.0,real
abc0008937,2021-11-25 00:01:56.709+00,,0.0,real
abc0008940,2021-11-25 02:15:58.235+00,,11.06,test
abc0008922,2021-11-25 02:55:20.29+00,,0.0,real
abc0008922,2022-04-04 02:39:34.622+00,,-493.49,test
abc0008943,2021-11-25 07:02:48.676+00,,0.47,test
abc0008900,2021-11-26 01:59:13.898+00,,-29990.88,real
abc0008582,2022-09-04 00:27:45.438+00,,-65035.0,real
abc0008886,2021-11-26 10:07:29.612+00,,29.28,real
abc0008946,2021-11-26 00:01:56.172+00,,0.0,real
abc0008947,2022-10-25 13:14:27.634+00,,39.02,real
abc0008956,2021-11-26 09:16:33.822+00,,34.68,real
abc0008911,2021-11-27 00:01:55.95+00,,0.0,real
abc0008960,2021-11-30 23:30:15.492+00,,11.37,real
abc0008961,2021-11-27 00:01:56.22+00,,0.0,real
abc0008962,2021-11-27 00:01:56.231+00,,0.0,real
abc0008964,2021-11-27 00:01:56.247+00,,0.0,test
abc0008967,2021-11-28 00:01:57.506+00,,0.0,real
abc0008972,2021-11-28 00:01:57.538+00,,0.0,real
abc0008978,2021-11-28 00:01:57.573+00,,0.0,real
abc0008981,2021-11-29 00:01:58.052+00,,0.0,real
abc0008982,2021-11-29 00:01:58.072+00,,0.0,real
abc0008985,2021-11-29 00:01:58.121+00,,0.0,real
abc0008989,2021-11-29 00:01:58.144+00,,0.0,real
abc0008991,2021-11-30 00:01:56.028+00,,612.41,real
abc0008876,2024-03-23 08:56:34.877+00,,-6955581.611199998,real
abc0008876,2021-12-23 01:18:53.768+00,,226.02999999999975,test
abc0008987,2021-11-30 00:01:55.995+00,,0.0,real
abc0008991,2021-11-30 00:01:56.022+00,,0.0,real
abc0009000,2021-11-30 00:01:56.067+00,,0.0,test
abc0009002,2021-11-30 00:01:56.082+00,,0.0,real
abc0008226,2021-12-01 00:01:53.313+00,,0.0,test
abc0008819,2022-07-08 15:30:54.104+00,,300.2,real
abc0008995,2021-12-01 00:01:57.425+00,,0.0,real
abc0009017,2021-12-19 21:27:47.137+00,,97.07,test
abc0009029,2021-12-01 00:01:57.594+00,,0.0,test
abc0005665,2022-01-20 07:45:33.238+00,,6.45,real
abc0005665,2022-01-20 09:15:25.061+00,,1129.5,test
abc0006919,2021-12-02 00:01:52.664+00,,0.0,real
abc0008034,2021-12-02 00:01:58.562+00,,0.0,real
abc0008235,2021-12-02 00:01:59.993+00,,0.0,real
abc0008701,2021-12-02 00:02:02.338+00,,0.0,real
abc0008968,2021-12-02 00:02:03.706+00,,0.0,test
abc0009069,2021-12-02 00:02:04.163+00,,0.0,test
abc0009081,2021-12-02 00:02:04.222+00,,0.0,real
abc0009086,2021-12-02 00:02:04.254+00,,0.0,real
abc0008274,2022-11-15 06:41:04.834+00,,-15401.82,real
abc0009103,2021-12-03 00:01:58.383+00,,0.0,real
abc0009108,2021-12-03 00:01:58.418+00,,0.0,real
abc0009119,2021-12-07 09:53:39.815+00,,0.0,test
abc0008894,2021-12-03 13:54:18.7+00,,0.0,real
abc0009053,2021-12-04 00:02:11.164+00,,0.0,test
abc0009119,2021-12-04 00:02:11.496+00,,0.0,real
abc0009128,2021-12-04 00:02:11.548+00,,0.0,real
abc0009146,2021-12-04 13:01:56.586+00,,7.0,real
abc0009132,2021-12-05 00:01:58.884+00,,0.0,real
abc0009137,2021-12-05 00:01:58.912+00,,0.0,real
abc0009146,2021-12-05 00:01:58.964+00,,0.0,test
abc0009158,2021-12-05 07:58:00.438+00,,0.32,real
abc0008731,2021-12-06 00:01:54.387+00,,0.0,real
abc0009128,2021-12-06 00:01:56.415+00,,0.0,test
abc0009161,2021-12-06 00:01:56.578+00,,0.0,real
abc0009166,2022-01-02 22:40:46.017+00,,414.68,real
abc0009171,2021-12-06 00:01:56.63+00,,0.0,real
abc0009174,2021-12-06 00:01:56.651+00,,0.0,real
abc0008584,2022-03-11 04:36:50.052+00,,-88.47999999999999,real
abc0008233,2021-12-07 00:01:53.143+00,,0.0,real
abc0008552,2021-12-07 00:01:54.841+00,,0.0,real
abc0009184,2021-12-07 00:01:58.02+00,,0.0,real
abc0009189,2021-12-07 00:01:58.049+00,,0.0,test
abc0009206,2021-12-07 00:01:58.131+00,,0.0,real
abc0009220,2021-12-07 00:01:58.181+00,,0.0,test
abc0009224,2021-12-07 00:01:58.206+00,,0.0,real
abc0009227,2021-12-07 01:54:18.456+00,,0.0,real
abc0009238,2022-02-26 20:01:32.589+00,,72.34,real
abc0009241,2021-12-08 07:15:52.232+00,,2178.73,real
abc0009249,2021-12-07 19:55:52.946+00,,0.39,real
abc0009030,2021-12-08 00:01:55.58+00,,0.0,test
abc0009126,2021-12-08 00:01:56.036+00,,0.0,real
abc0009181,2021-12-08 00:01:56.348+00,,0.0,real
abc0009183,2021-12-08 00:01:56.367+00,,0.0,real
abc0009186,2022-01-26 00:01:58.382+00,,-126.0,real
abc0009227,2021-12-08 00:01:56.57+00,,0.0,test
abc0009228,2021-12-08 00:01:56.599+00,,0.0,test
abc0009230,2021-12-08 00:01:56.616+00,,0.0,real
abc0009234,2021-12-08 00:01:56.648+00,,0.0,real
abc0009234,2021-12-08 00:01:56.658+00,,0.0,test
abc0009253,2021-12-08 00:01:56.759+00,,0.0,real
abc0009142,2022-01-28 06:13:17.323+00,,2122.27,test
abc0007174,2021-12-08 07:15:50.514+00,,5.06,real
abc0009269,2021-12-08 20:07:57.245+00,,4.0,real
abc0009272,2021-12-08 23:54:13.483+00,,0.0,real
abc0009030,2021-12-11 00:01:57.147+00,,-163.95999999999998,real
abc0009232,2021-12-09 00:02:00.766+00,,0.0,real
abc0009232,2021-12-09 00:02:00.772+00,,0.0,test
abc0009237,2021-12-09 00:02:00.807+00,,0.0,test
abc0009254,2022-05-04 05:05:13.107+00,,4984.92,real
abc0009256,2022-03-12 17:05:38.784+00,,55421.07,real
abc0009257,2021-12-09 00:02:00.925+00,,0.0,real
abc0009260,2021-12-09 00:02:00.944+00,,0.0,real
abc0009264,2021-12-09 00:02:00.98+00,,0.0,real
abc0009271,2021-12-09 00:02:01.021+00,,0.0,real
abc0009053,2023-08-22 08:29:32.645+00,,3.484,real
abc0008938,2021-12-09 07:54:13.106+00,,0.0,real
abc0008766,2024-03-12 00:06:58.935+00,,-486743.22969999997,real
abc0009268,2021-12-10 00:01:56.923+00,,0.0,real
abc0009279,2023-11-28 00:06:34.489+00,,-11722.186000000002,real
abc0009279,2021-12-10 00:01:56.997+00,,0.0,test
abc0009282,2021-12-10 00:01:57.022+00,,0.0,real
abc0009284,2022-01-29 01:01:54.608+00,,-440.0,real
abc0009286,2021-12-10 00:01:57.057+00,,0.0,test
abc0009287,2021-12-10 00:01:57.069+00,,0.0,real
abc0009290,2021-12-10 00:01:57.09+00,,0.0,test
abc0009305,2021-12-10 00:01:57.158+00,,0.0,real
abc0009291,2021-12-10 21:54:11.38+00,,0.0,real
abc0009164,2021-12-11 00:01:57.761+00,,0.0,real
abc0009180,2021-12-11 00:01:57.85+00,,0.0,real
abc0009211,2021-12-17 20:32:35.692+00,,237.43,test
abc0009306,2021-12-12 18:24:21.868+00,,1.13,real
abc0009313,2021-12-11 00:01:58.526+00,,0.0,test
abc0009316,2021-12-11 00:01:58.545+00,,0.0,real
abc0009317,2021-12-11 00:01:58.557+00,,0.0,real
abc0009165,2021-12-12 00:01:56.992+00,,0.0,real
abc0009330,2021-12-12 05:54:14.64+00,,0.0,real
abc0009336,2021-12-13 00:01:57.859+00,,0.0,real
abc0009343,2021-12-13 00:01:57.9+00,,0.0,test
abc0009344,2021-12-13 00:01:57.912+00,,0.0,real
abc0009345,2023-10-24 04:19:11.894+00,,-41.660999999999994,real
abc0009349,2021-12-13 09:39:18.633+00,,0.0,real
abc0009352,2021-12-14 13:12:36.751+00,,14.59,real
abc0009353,2021-12-14 00:01:58.361+00,,0.0,real
abc0009353,2021-12-14 00:01:58.367+00,,0.0,test
abc0009354,2021-12-14 00:01:58.379+00,,0.0,real
abc0009354,2021-12-14 00:01:58.384+00,,0.0,test
abc0009355,2021-12-14 00:01:58.396+00,,0.0,real
abc0009358,2021-12-14 00:01:58.418+00,,0.0,real
abc0009200,2022-01-11 10:41:21.338+00,,2.94,real
abc0009211,2023-12-26 14:24:51.372+00,,887.94,real
abc0009338,2021-12-15 00:01:57.417+00,,0.0,test
abc0009359,2021-12-15 00:01:57.562+00,,0.0,test
abc0009375,2021-12-15 00:01:57.641+00,,0.0,real
abc0009334,2021-12-16 00:01:57.858+00,,5.01,test
abc0009386,2021-12-15 14:54:18.803+00,,0.0,real
abc0009112,2021-12-16 00:01:56.692+00,,0.0,real
abc0009200,2021-12-16 00:01:57.156+00,,0.0,test
abc0009288,2023-05-17 02:03:23.38+00,,-442.05,real
abc0009338,2021-12-16 00:01:57.883+00,,0.0,real
abc0009376,2023-01-27 08:29:47.027+00,,377.952,real
abc0004439,2021-12-16 02:54:12.93+00,,0.0,real
abc0009237,2021-12-16 06:30:05.765+00,,8.0,real
abc0009001,2021-12-17 00:01:56.467+00,,0.0,real
abc0009397,2021-12-17 00:01:58.534+00,,0.0,real
abc0009400,2021-12-17 00:01:58.556+00,,0.0,real
abc0009404,2021-12-17 00:01:58.58+00,,0.0,real
abc0009409,2021-12-17 00:01:58.607+00,,0.0,real
abc0009417,2021-12-17 00:01:58.641+00,,0.0,test
abc0009418,2021-12-17 00:01:58.652+00,,0.0,real
abc0009421,2021-12-18 00:01:57.963+00,,-12.51,test
abc0009421,2022-07-08 01:44:03.916+00,,-8.14,real
abc0009422,2022-07-08 01:44:05.944+00,,-67.84000000000002,test
abc0009422,2022-07-08 01:44:05.789+00,,-8.99,real
abc0007865,2022-03-07 16:41:37.941+00,,12.71,real
abc0008955,2021-12-18 00:01:55.66+00,,0.0,test
abc0009424,2021-12-18 00:01:58+00,,0.0,real
abc0009433,2021-12-18 00:01:58.042+00,,0.0,real
abc0009396,2021-12-19 00:01:58.079+00,,0.0,real
abc0009435,2021-12-19 00:01:58.291+00,,0.0,real
abc0009441,2021-12-19 00:01:58.327+00,,0.0,test
abc0009445,2021-12-19 01:49:35.496+00,,495.53,test
abc0009214,2021-12-19 01:56:46.719+00,,11.24,real
abc0008486,2021-12-19 17:54:14.962+00,,0.0,real
abc0009445,2021-12-20 00:02:08.328+00,,0.0,real
abc0009132,2021-12-21 00:01:57.029+00,,0.0,test
abc0009280,2021-12-21 00:01:57.834+00,,0.0,test
abc0009280,2021-12-21 00:01:57.84+00,,0.0,real
abc0009434,2022-01-01 00:49:00.68+00,,-6.48,real
abc0009458,2021-12-21 03:52:25.008+00,,11.29,real
abc0009459,2024-03-22 00:07:52.55+00,,-606555.4705,real
abc0009461,2021-12-21 00:01:58.781+00,,0.0,test
abc0009469,2021-12-21 00:01:58.822+00,,0.0,test
abc0009474,2021-12-21 00:01:58.853+00,,0.0,real
abc0009475,2021-12-21 00:33:22.996+00,,0.0,real
abc0009273,2022-01-19 13:04:49.933+00,,-126.76,real
abc0008958,2021-12-21 09:59:21.329+00,,0.0,real
abc0009487,2021-12-21 19:54:16.187+00,,0.0,real
abc0008354,2021-12-22 00:01:52.726+00,,0.0,real
abc0009270,2022-03-28 22:50:36.773+00,,5703.61,real
abc0009455,2021-12-22 00:01:58.6+00,,0.0,real
abc0009477,2021-12-22 00:01:58.706+00,,0.0,real
abc0009480,2021-12-22 00:01:58.725+00,,0.0,test
abc0008737,2022-07-29 00:03:38.552+00,,-3922.4700000000003,test
abc0009497,2022-03-21 00:24:28.899+00,,-248.0,real
abc0009500,2021-12-23 00:01:58.469+00,,0.0,real
abc0009511,2022-04-06 00:01:56.638+00,,-1097.2,real
abc0009518,2021-12-23 16:54:15.106+00,,0.0,real
abc0009273,2021-12-23 21:53:12.743+00,,19.75,real
abc0009486,2021-12-24 00:01:59.266+00,,0.0,real
abc0009518,2021-12-24 00:01:59.433+00,,0.0,test
abc0009520,2021-12-24 00:01:59.45+00,,0.0,real
abc0009527,2021-12-25 00:02:00.471+00,,0.0,test
abc0009545,2021-12-25 00:02:00.63+00,,0.0,real
abc0009545,2021-12-25 00:02:00.642+00,,0.0,test
abc0009546,2021-12-25 00:02:00.658+00,,0.0,real
abc0009550,2021-12-25 00:02:00.68+00,,0.0,test
abc0009568,2021-12-25 23:47:04.846+00,,1.76,real
abc0009540,2022-01-02 23:53:03.293+00,,60.98,real
abc0009565,2021-12-26 00:01:58.825+00,,0.0,real
abc0009566,2022-01-16 05:12:34.602+00,,41.59,real
abc0009566,2021-12-26 00:01:58.843+00,,0.0,real
abc0009567,2021-12-26 00:01:58.856+00,,0.0,real
abc0009573,2021-12-27 00:01:59.365+00,,0.0,test
abc0009579,2021-12-27 00:01:59.403+00,,0.0,real
abc0009595,2021-12-27 13:54:14.111+00,,0.0,real
abc0007768,2021-12-27 23:54:14.543+00,,0.0,real
abc0009580,2021-12-28 00:02:00.334+00,,0.0,real
abc0009580,2021-12-28 00:02:00.341+00,,0.0,test
abc0009583,2021-12-28 00:02:00.358+00,,0.0,real
abc0009588,2021-12-28 00:02:00.389+00,,0.0,real
abc0009593,2021-12-28 00:02:00.418+00,,0.0,real
abc0009595,2021-12-28 00:02:00.439+00,,0.0,test
abc0009609,2021-12-28 00:02:00.486+00,,0.0,real
abc0009610,2021-12-28 00:02:00.498+00,,0.0,real
abc0009434,2021-12-29 00:01:58.49+00,,0.0,test
abc0009622,2021-12-29 00:01:59.402+00,,0.0,real
abc0009622,2021-12-29 00:01:59.408+00,,0.0,test
abc0009625,2021-12-29 00:01:59.428+00,,0.0,real
abc0009629,2021-12-29 00:01:59.452+00,,0.0,real
abc0009569,2021-12-30 00:01:58.349+00,,0.0,real
abc0009646,2021-12-30 00:01:58.698+00,,0.0,real
abc0009646,2021-12-30 00:01:58.704+00,,0.0,test
abc0009648,2021-12-30 00:01:58.72+00,,0.0,real
abc0009649,2022-04-22 21:08:07.731+00,,7496.89,real
abc0009656,2021-12-30 00:01:58.767+00,,0.0,real
abc0009664,2024-02-06 00:07:04.722+00,,-40684.6206,real
abc0009666,2021-12-30 11:54:13.192+00,,0.0,real
abc0009667,2021-12-30 11:54:13.211+00,,0.0,real
abc0009671,2021-12-30 16:54:22.151+00,,0.0,real
abc0009662,2021-12-30 17:54:11.588+00,,0.0,real
abc0009679,2022-01-20 00:02:03.616+00,,-1107.64,real
abc0009657,2021-12-31 00:02:00.029+00,,0.0,real
abc0009658,2021-12-31 00:02:00.046+00,,0.0,real
abc0009661,2021-12-31 00:02:00.067+00,,0.0,real
abc0009662,2021-12-31 00:02:00.083+00,,0.0,test
abc0009675,2021-12-31 00:02:00.164+00,,0.0,test
abc0009678,2022-04-17 03:48:53.192+00,,1389.46,real
abc0009670,2022-01-01 00:01:59.865+00,,0.0,test
abc0009670,2022-01-01 00:01:59.873+00,,0.0,real
abc0009685,2022-01-01 00:01:59.959+00,,0.0,real
abc0009686,2022-01-01 00:01:59.971+00,,0.0,real
abc0009689,2022-01-01 00:01:59.991+00,,0.0,real
abc0009693,2022-01-01 00:02:00.016+00,,0.0,real
abc0009698,2022-01-01 00:02:00.039+00,,0.0,test
abc0009704,2022-06-14 17:45:16.729+00,,40854.69,real
abc0003720,2022-01-02 00:01:27.012+00,,0.0,test
abc0009706,2022-01-02 00:02:00.229+00,,0.0,real
abc0009709,2022-01-02 00:02:00.251+00,,0.0,real
abc0009663,2022-01-02 06:54:12.67+00,,0.0,real
abc0006893,2022-01-03 00:01:45.233+00,,0.0,real
abc0009535,2022-01-03 00:01:59.658+00,,0.0,real
abc0009724,2022-01-03 00:02:00.548+00,,0.0,real
abc0009727,2022-01-03 00:02:00.568+00,,0.0,real
abc0009754,2022-01-03 22:54:17.066+00,,0.0,real
abc0009714,2022-01-03 23:54:18.608+00,,0.0,real
abc0009505,2022-01-04 00:01:59.818+00,,0.0,test
abc0009505,2022-01-04 00:01:59.825+00,,0.0,real
abc0009712,2022-01-04 00:02:00.849+00,,0.0,real
abc0009740,2022-08-17 09:37:35.055+00,,61.99,real
abc0009749,2022-01-04 00:02:01.023+00,,0.0,real
abc0009752,2022-01-05 22:30:54.871+00,,17.01,real
abc0009757,2022-01-04 00:02:01.079+00,,0.0,real
abc0009758,2022-01-04 00:02:01.091+00,,0.0,test
abc0009762,2022-01-04 03:54:25.615+00,,0.0,real
abc0009729,2022-01-21 00:02:01.324+00,,-752.67,real
abc0009759,2022-01-05 00:02:01.988+00,,0.0,real
abc0009781,2022-01-31 19:29:49.475+00,,1405.48,real
abc0009785,2022-01-05 00:02:02.121+00,,0.0,real
abc0009789,2022-01-05 00:02:02.147+00,,0.0,test
abc0009771,2023-07-11 00:05:47.435+00,,-4088.356,test
abc0009726,2022-05-05 10:39:19.025+00,,124.9,real
abc0009692,2022-02-01 13:42:15.403+00,,464.94,real
abc0004338,2022-01-06 00:01:31.151+00,,0.0,test
abc0007043,2022-01-06 00:01:46.245+00,,0.0,real
abc0008610,2022-01-06 00:01:54.528+00,,0.0,real
abc0009752,2022-06-08 07:37:46.013+00,,289.93,real
abc0009791,2022-01-06 00:02:01.079+00,,0.0,real
abc0009798,2022-01-06 00:02:01.118+00,,0.0,test
abc0009798,2022-01-06 00:02:01.123+00,,0.0,real
abc0009801,2022-01-06 00:02:01.144+00,,0.0,real
abc0009802,2022-01-06 00:02:01.156+00,,0.0,test
abc0009805,2022-01-06 00:02:01.176+00,,0.0,real
abc0009823,2022-01-06 03:54:12.977+00,,0.0,real
abc0009737,2024-03-12 11:09:15.888+00,,-604990.6198,real
abc0009830,2022-01-06 10:29:40.647+00,,14.97,real
abc0009832,2022-02-18 15:23:47.693+00,,1954.9,real
abc0009519,2022-01-07 00:01:59.264+00,,0.0,real
abc0009737,2022-01-07 00:02:00.36+00,,0.0,test
abc0009821,2022-01-07 00:02:00.797+00,,0.0,real
abc0009826,2022-01-16 21:57:34.892+00,,128.79,real
abc0009838,2022-01-07 00:02:00.9+00,,0.0,real
abc0009841,2022-01-07 00:02:00.924+00,,0.0,real
abc0009796,2022-05-19 05:00:13.144+00,,618.1599999999997,test
abc0009796,2022-07-14 01:47:33.425+00,,-4100.889999999999,real
abc0009834,2022-01-08 00:02:02.892+00,,0.0,real
abc0009845,2022-01-08 00:02:02.954+00,,0.0,real
abc0009846,2022-01-08 00:02:02.965+00,,0.0,real
abc0009857,2022-01-08 00:02:03.021+00,,0.0,real
abc0009867,2022-01-08 00:02:03.072+00,,0.0,real
abc0009873,2022-01-08 00:02:03.1+00,,0.0,real
abc0009849,2022-01-08 10:21:21.594+00,,12.11,real
abc0009643,2022-01-08 11:49:46.608+00,,0.0,real
abc0006687,2022-01-30 00:01:45.27+00,,376.96,test
abc0009291,2022-01-09 00:02:00.21+00,,0.0,test
abc0009877,2022-01-09 00:02:03.204+00,,0.0,test
abc0009887,2022-01-09 00:02:03.253+00,,0.0,real
abc0009904,2023-03-30 02:11:40.643+00,,-8525.169999999998,real
abc0009879,2022-01-10 00:02:01.696+00,,0.0,test
abc0009887,2022-01-10 00:02:01.748+00,,0.0,real
abc0009893,2022-01-10 00:02:01.782+00,,0.0,real
abc0009903,2022-01-10 00:02:01.838+00,,0.0,real
abc0009906,2022-01-10 00:02:01.862+00,,0.0,real
abc0009806,2023-12-14 02:58:03.385+00,,196.24,test
abc0008793,2022-01-10 05:54:15.343+00,,0.0,real
abc0009910,2022-01-10 06:37:05.737+00,,34.65,test
abc0006687,2022-01-11 00:01:47.934+00,,0.0,real
abc0009834,2022-04-11 07:26:45.187+00,,7118.99,test
abc0008655,2022-01-12 00:01:54.045+00,,0.0,real
abc0009886,2022-01-12 00:02:00.988+00,,0.0,real
abc0009932,2022-01-12 00:02:01.221+00,,0.0,test
abc0009939,2022-01-12 00:02:01.261+00,,0.0,real
abc0009941,2022-03-09 15:11:40.056+00,,65.05,real
abc0009963,2022-01-12 14:54:14.98+00,,0.0,real
abc0009945,2022-01-13 00:02:19.644+00,,0.0,real
abc0009949,2022-01-13 00:02:19.677+00,,0.0,real
abc0009956,2022-01-13 00:02:19.715+00,,0.0,real
abc0009963,2022-01-13 00:02:19.746+00,,0.0,test
abc0009965,2022-01-13 00:02:19.768+00,,0.0,test
abc0009965,2022-01-14 06:36:18.646+00,,21.24,real
abc0009972,2022-01-13 00:02:19.813+00,,0.0,real
abc0009975,2022-01-13 00:02:19.824+00,,0.0,real
abc0009977,2022-01-13 00:02:19.843+00,,0.0,test
abc0009985,2022-01-13 10:54:13.749+00,,0.0,real
abc0008579,2022-01-14 00:01:54.554+00,,0.0,real
abc0009610,2022-01-14 00:02:00.465+00,,0.0,real
abc0009988,2022-01-14 00:02:02.449+00,,0.0,test
abc0009990,2022-03-22 00:01:57.294+00,,1.0,real
abc0009990,2022-01-18 11:21:55.862+00,,4.0,test
abc0009993,2022-01-14 00:02:02.491+00,,0.0,real
abc0009994,2022-01-14 00:02:02.503+00,,0.0,test
abc0009998,2022-01-14 00:02:02.53+00,,0.0,test
abc0010002,2022-01-14 00:02:02.554+00,,0.0,test
abc0005556,2022-01-14 03:54:13.143+00,,0.0,real
abc0009860,2024-03-12 07:17:01.632+00,,-1383542.6191999998,real
abc0010017,2022-01-14 17:54:18.687+00,,0.0,real
abc0005556,2022-05-30 20:33:57.618+00,,1114.1499999999999,test
abc0008568,2022-01-15 00:01:54.033+00,,0.0,real
abc0009951,2022-08-16 17:47:09.572+00,,1331.44,test
abc0009951,2022-01-15 00:02:01.644+00,,0.0,real
abc0010009,2022-01-15 00:02:01.934+00,,0.0,test
abc0010012,2022-01-15 00:02:01.953+00,,0.0,real
abc0010013,2022-01-15 00:02:01.968+00,,0.0,real
abc0010019,2022-01-15 00:02:02.006+00,,0.0,test
abc0007921,2022-01-16 00:01:52.317+00,,0.0,real
abc0008067,2022-01-16 00:01:53.079+00,,0.0,test
abc0010028,2022-01-16 00:02:03.494+00,,0.0,real
abc0010030,2022-01-16 00:02:03.51+00,,0.0,real
abc0010039,2022-01-16 00:02:03.542+00,,0.0,real
abc0010052,2022-01-16 10:19:48.184+00,,0.4,real
abc0010055,2022-01-16 13:54:26.675+00,,0.0,real
abc0009699,2022-05-16 10:15:03.43+00,,1421.04,real
abc0009308,2022-01-17 00:01:58.22+00,,0.0,real
abc0010044,2022-01-17 00:02:02.255+00,,0.0,test
abc0010049,2022-01-17 00:02:02.289+00,,0.0,test
abc0010050,2022-01-17 00:02:02.301+00,,0.0,test
abc0010057,2022-01-17 00:02:02.344+00,,0.0,real
abc0004788,2022-01-17 03:54:24.417+00,,0.0,real
abc0009985,2022-01-21 04:30:08.619+00,,-145.63,test
abc0010081,2022-01-17 21:56:49.051+00,,1.0,real
abc0009990,2022-01-18 00:02:02.56+00,,0.0,real
abc0010063,2022-01-18 00:02:02.932+00,,0.0,test
abc0010080,2022-01-18 00:02:03.006+00,,0.0,real
abc0009914,2022-01-25 13:28:57.4+00,,2.0,test
abc0009806,2024-03-22 00:08:11.813+00,,-1436.9518999999998,real
abc0006199,2022-01-19 00:01:42.23+00,,0.0,real
abc0009111,2022-01-19 00:01:58.28+00,,0.0,real
abc0009854,2022-01-19 00:02:02.245+00,,0.0,real
abc0009970,2022-01-19 00:02:02.82+00,,0.0,test
abc0010076,2022-01-19 00:02:03.396+00,,0.0,test
abc0010076,2022-01-19 00:02:03.402+00,,0.0,real
abc0010086,2022-01-19 00:02:03.462+00,,0.0,real
abc0010087,2022-01-19 00:02:03.474+00,,0.0,test
abc0010089,2022-02-08 10:09:04.098+00,,26.259999999999998,test
abc0010089,2022-02-17 03:12:24.097+00,,11.0,real
abc0010111,2022-01-21 04:27:15.872+00,,-37.57,test
abc0010124,2022-01-19 14:54:16.104+00,,0.0,real
abc0010098,2022-01-19 23:26:57.766+00,,50.33,real
abc0009531,2023-10-26 17:18:20.09+00,,2430.5696000000003,test
abc0010108,2022-01-20 00:02:07.006+00,,0.0,test
abc0010115,2022-11-18 12:55:22.257+00,,1087.0775,real
abc0010116,2022-01-20 00:02:07.065+00,,0.0,real
abc0010128,2022-01-20 00:02:07.144+00,,0.0,test
abc0010138,2022-03-29 01:22:44.239+00,,-244933.15,real
abc0010110,2023-07-25 00:22:09.892+00,,-11885548.263700001,real
abc0010142,2022-03-17 06:40:07.689+00,,12049.079999999987,test
abc0010142,2022-01-22 17:13:20.865+00,,23.88,real
abc0010111,2022-01-20 10:54:24.262+00,,0.0,real
abc0010136,2022-10-17 23:06:46.078+00,,148.38,real
abc0009531,2024-03-21 14:58:04.888+00,,-4823.8092,real
abc0010136,2022-10-18 11:03:52.043+00,,3260.67,test
abc0010138,2022-01-21 00:02:03.639+00,,0.0,test
abc0010147,2022-01-21 00:02:03.699+00,,0.0,real
abc0010153,2022-01-21 00:02:03.732+00,,0.0,test
abc0010126,2022-01-21 02:54:23.962+00,,0.0,real
abc0010164,2022-01-21 06:54:14.533+00,,0.0,real
abc0010149,2022-01-21 07:54:16.252+00,,0.0,real
abc0010169,2022-01-21 09:54:35.774+00,,0.0,real
abc0009142,2022-01-21 11:10:35.88+00,,0.0,real
abc0010177,2022-01-21 21:38:30.976+00,,9.99,real
abc0010181,2022-01-21 21:54:14.003+00,,0.0,real
abc0006286,2022-01-22 00:01:42.215+00,,0.0,test
abc0010124,2022-01-22 00:02:03.065+00,,0.0,test
abc0010175,2022-01-22 00:02:03.353+00,,0.0,real
abc0010176,2022-01-22 00:02:03.364+00,,0.0,test
abc0010180,2022-01-22 00:02:03.391+00,,0.0,real
abc0010182,2022-01-22 00:02:03.413+00,,0.0,real
abc0009504,2022-01-29 00:02:06.454+00,,-220.39,real
abc0010184,2022-01-23 00:02:04.967+00,,0.0,real
abc0010193,2022-01-23 00:02:05.021+00,,0.0,test
abc0010195,2022-01-23 00:02:05.041+00,,0.0,real
abc0010211,2022-01-25 01:22:36.647+00,,2.37,real
abc0010198,2022-01-24 00:02:03.531+00,,0.0,real
abc0010203,2022-01-24 00:02:03.563+00,,0.0,real
abc0010212,2022-01-24 00:02:03.611+00,,0.0,real
abc0010218,2022-01-24 00:02:03.64+00,,0.0,real
abc0007280,2022-01-24 09:15:55.797+00,,0.74,test
abc0009919,2022-01-24 10:59:48.286+00,,6.26,real
abc0010227,2022-03-04 06:15:04.941+00,,3.96,test
abc0008755,2022-01-25 00:01:55.27+00,,0.0,test
abc0008755,2022-01-25 00:01:55.278+00,,0.0,real
abc0009284,2022-01-25 00:01:58.652+00,,0.0,test
abc0010001,2022-01-25 00:02:02.766+00,,0.0,real
abc0010185,2022-01-25 00:02:03.809+00,,0.0,test
abc0010206,2022-01-25 00:02:03.906+00,,0.0,real
abc0010221,2022-08-16 20:45:54.956+00,,2130.37,real
abc0010239,2022-01-25 00:02:04.069+00,,0.0,real
abc0010244,2022-05-13 14:20:38.037+00,,80.88,test
abc0010244,2022-01-25 06:54:15.827+00,,0.0,real
abc0010167,2022-02-16 09:33:18.374+00,,0.66,real
abc0002134,2022-01-25 20:54:15.667+00,,0.0,real
abc0010271,2022-01-25 21:54:17.244+00,,0.0,real
abc0009408,2024-03-09 11:05:25.401+00,,-48087.274600000004,real
abc0010231,2022-01-26 00:02:04.088+00,,0.0,test
abc0010245,2022-01-26 00:02:04.169+00,,0.0,test
abc0010257,2022-01-26 00:02:04.226+00,,0.0,real
abc0010266,2022-01-26 00:02:04.254+00,,0.0,real
abc0010272,2022-01-26 05:54:20.181+00,,0.0,real
abc0005753,2022-01-27 00:01:40.333+00,,0.0,real
abc0010270,2022-01-27 00:02:05.237+00,,0.0,real
abc0010272,2022-01-27 00:02:05.256+00,,0.0,real
abc0010272,2022-01-27 00:02:05.269+00,,0.0,test
abc0010276,2022-01-27 00:02:05.302+00,,0.0,real
abc0010290,2022-01-27 00:02:05.348+00,,0.0,test
abc0010298,2022-01-27 02:54:15.722+00,,0.0,real
abc0010245,2023-12-06 00:26:49.45+00,,-14869153.1145,real
abc0008655,2022-02-01 12:06:14.257+00,,121.72,test
abc0008222,2022-01-27 10:53:57.199+00,,60.0,real
abc0010317,2022-01-27 18:07:01.824+00,,104.94,real
abc0009771,2023-11-30 02:14:32.494+00,,-155.2703,real
abc0010298,2022-01-28 00:02:06.231+00,,0.0,test
abc0010299,2022-01-28 00:02:06.243+00,,0.0,real
abc0010307,2022-01-28 00:02:06.284+00,,0.0,real
abc0003743,2022-01-28 07:54:21.16+00,,0.0,real
abc0008583,2023-10-05 00:05:22.232+00,,3444.3166000000006,test
abc0010332,2022-01-28 16:54:19.414+00,,0.0,real
abc0009786,2022-01-29 00:02:08.383+00,,0.0,test
abc0010336,2022-01-29 00:02:11.535+00,,0.0,test
abc0010337,2022-01-29 00:02:11.552+00,,0.0,real
abc0009923,2022-05-20 08:47:38.186+00,,-150000.0,real
abc0010240,2022-05-09 01:53:09.151+00,,1299.32,real
abc0010099,2022-01-29 21:54:16.456+00,,0.0,real
abc0010344,2022-01-30 00:02:05.475+00,,0.0,test
abc0010344,2022-01-30 00:02:05.482+00,,0.0,real
abc0010367,2022-01-30 00:02:05.562+00,,0.0,test
abc0010367,2022-01-30 00:02:05.568+00,,0.0,real
abc0010369,2022-01-30 00:02:05.584+00,,0.0,real
abc0010348,2022-01-30 05:54:24.921+00,,0.0,real
abc0010385,2022-01-30 22:54:14.484+00,,0.0,real
abc0006642,2022-01-31 00:01:45.288+00,,0.0,real
abc0010311,2022-03-30 10:47:13.79+00,,869.0,real
abc0010391,2022-01-31 07:42:11.948+00,,10.49,test
abc0010278,2022-02-01 00:02:04.562+00,,0.0,test
abc0010387,2022-02-01 00:02:05.058+00,,0.0,test
abc0010392,2022-02-01 00:02:05.09+00,,0.0,real
abc0010405,2022-02-01 00:02:05.145+00,,0.0,test
abc0010411,2022-02-01 00:02:05.179+00,,0.0,test
abc0008363,2022-02-01 01:54:22.727+00,,0.0,real
abc0010420,2022-02-01 13:05:55.81+00,,-1.0,real
abc0009406,2022-02-01 13:38:04.92+00,,688.11,test
abc0005989,2022-02-01 16:54:17.126+00,,0.0,real
abc0010436,2022-02-01 21:54:16.216+00,,0.0,real
abc0010400,2022-02-02 00:02:06.964+00,,0.0,real
abc0010414,2022-02-02 00:02:07.053+00,,0.0,real
abc0010416,2022-04-06 00:02:01.263+00,,-1346.0,real
abc0010424,2022-02-02 00:02:07.126+00,,0.0,test
abc0010435,2022-02-02 00:02:07.174+00,,0.0,real
abc0009911,2022-02-02 17:54:21.705+00,,0.0,real
abc0009815,2022-02-03 00:02:00.277+00,,0.0,test
abc0010156,2022-02-03 00:02:02.17+00,,0.0,real
abc0010443,2022-02-03 00:02:03.568+00,,0.0,real
abc0010447,2022-02-03 00:02:03.593+00,,0.0,real
abc0010451,2022-02-03 00:02:03.617+00,,0.0,real
abc0010452,2022-02-03 00:02:03.629+00,,0.0,test
abc0010464,2022-02-03 00:02:03.686+00,,0.0,test
abc0010472,2022-02-03 00:02:03.73+00,,0.0,real
abc0010474,2023-05-29 08:12:08.67+00,,-66.76,test
abc0010225,2022-06-13 11:27:08.032+00,,1203.16,test
abc0010474,2022-02-03 07:54:16.959+00,,0.0,real
abc0010492,2022-02-03 21:54:21.631+00,,0.0,real
abc0010494,2022-02-03 23:54:23.253+00,,0.0,real
abc0010416,2022-02-04 00:02:10.751+00,,0.0,test
abc0010477,2022-02-04 00:02:11.076+00,,0.0,test
abc0010483,2022-05-11 17:26:52.092+00,,30.14,real
abc0010366,2022-02-19 20:43:49.061+00,,168.99,real
abc0010434,2022-02-05 00:02:06.771+00,,0.0,real
abc0010462,2022-02-05 00:02:06.924+00,,0.0,real
abc0010501,2022-02-05 00:02:07.107+00,,0.0,test
abc0010285,2023-09-03 17:48:29.788+00,,30.473100000000013,test
abc0004808,2022-02-05 03:54:16.19+00,,0.0,real
abc0010521,2022-02-05 10:54:17.161+00,,0.0,real
abc0010522,2022-02-07 00:02:08.021+00,,3.3200000000000003,real
abc0010518,2022-02-06 00:02:07.01+00,,0.0,real
abc0010524,2022-02-06 00:02:07.058+00,,0.0,real
abc0010528,2022-02-06 00:02:07.083+00,,0.0,real
abc0010529,2022-02-06 00:02:07.096+00,,0.0,real
abc0010532,2022-02-06 03:54:21.078+00,,0.0,real
abc0010522,2022-02-07 00:02:08.022+00,,2.6099999999999994,test
abc0010538,2022-02-06 13:54:14.163+00,,0.0,real
abc0010440,2022-02-06 18:54:23.53+00,,0.0,real
abc0010542,2022-02-06 22:54:17.94+00,,0.0,real
abc0010241,2022-04-20 05:28:33.05+00,,535.16,real
abc0010535,2022-02-07 00:02:08.088+00,,0.0,real
abc0010537,2022-02-07 00:02:08.104+00,,0.0,real
abc0010539,2022-02-07 00:02:08.128+00,,0.0,real
abc0009408,2022-08-11 07:18:36.922+00,,754.01,test
abc0009773,2022-11-02 08:44:52.988+00,,-116978.36,real
abc0010505,2022-02-10 16:32:07.558+00,,278.49,test
abc0010550,2022-02-08 00:02:06.82+00,,19.99,test
abc0010557,2024-03-23 05:20:14.098+00,,-5465888.419399999,real
abc0010505,2022-02-08 00:02:06.537+00,,0.0,real
abc0010545,2022-04-25 05:10:16.906+00,,31.99,real
abc0010546,2022-02-08 00:02:06.785+00,,0.0,real
abc0010552,2022-02-08 00:02:06.834+00,,0.0,real
abc0010560,2022-02-08 00:02:06.881+00,,0.0,real
abc0010560,2022-02-08 00:02:06.887+00,,0.0,test
abc0010565,2022-02-08 01:54:29.478+00,,0.0,real
abc0010578,2022-02-11 08:43:45.82+00,,-15.0,test
abc0010579,2022-02-11 08:43:45.924+00,,-10.5,test
abc0010559,2023-01-20 00:05:57.943+00,,-476.54999999999995,test
abc0010582,2023-01-05 08:25:31.511+00,,554.856,test
abc0010587,2022-02-08 19:13:07.57+00,,2.35,real
abc0010598,2022-02-08 20:54:22.438+00,,0.0,real
abc0010525,2022-02-09 00:02:09.463+00,,0.0,real
abc0010575,2022-02-09 00:02:09.732+00,,0.0,test
abc0010581,2022-02-09 00:02:09.772+00,,0.0,test
abc0010592,2022-02-09 00:02:09.842+00,,0.0,real
abc0010595,2022-02-09 00:02:09.862+00,,0.0,test
abc0010607,2022-02-09 01:54:26.964+00,,0.0,real
abc0010609,2022-02-09 07:54:15.697+00,,0.0,real
abc0010620,2022-02-09 17:54:20.603+00,,0.0,real
abc0010621,2022-10-19 08:53:12.777+00,,858.8198,test
abc0010555,2022-02-09 21:54:16.98+00,,0.0,real
abc0005486,2022-02-10 00:01:38.7+00,,0.0,real
abc0010611,2022-02-10 00:02:06.871+00,,0.0,real
abc0010612,2022-02-10 00:02:06.883+00,,0.0,real
abc0010612,2022-02-10 00:02:06.891+00,,0.0,test
abc0010617,2022-02-10 00:02:06.911+00,,0.0,real
abc0010639,2022-02-11 00:02:08.57+00,,-23.159999999999993,test
abc0009454,2023-07-05 00:05:32.21+00,,-7360969.218499999,real
abc0010641,2022-02-10 16:13:31.356+00,,758.34,test
abc0009920,2022-02-10 17:46:17.622+00,,276.35,test
abc0010581,2022-02-15 01:45:08.75+00,,-25000.0,real
abc0010621,2022-02-10 16:54:16.486+00,,0.0,real
abc0008955,2022-07-28 04:25:24.549+00,,-10078.0,real
abc0010582,2022-02-17 09:21:47.111+00,,-2.0,real
abc0010659,2022-02-10 18:54:13.826+00,,0.0,real
abc0008737,2022-02-11 00:01:57.486+00,,0.0,real
abc0008883,2022-02-11 00:01:58.396+00,,0.0,real
abc0010619,2022-02-11 00:02:08.431+00,,0.0,test
abc0010631,2022-02-11 00:02:08.505+00,,0.0,real
abc0010633,2022-02-11 00:02:08.521+00,,0.0,real
abc0010634,2022-02-11 00:02:08.532+00,,0.0,real
abc0010637,2022-02-11 00:02:08.552+00,,0.0,real
abc0010643,2022-02-16 11:22:12.625+00,,119.99,real
abc0010176,2022-02-11 11:54:19.246+00,,0.0,real
abc0010678,2022-02-11 18:54:28.702+00,,0.0,real
abc0010665,2022-02-11 23:54:23.223+00,,0.0,real
abc0003078,2022-02-12 00:01:25.284+00,,0.0,real
abc0005406,2022-02-12 00:01:39.696+00,,0.0,test
abc0010167,2022-02-12 00:02:08.006+00,,0.0,test
abc0010665,2022-02-12 00:02:10.995+00,,0.0,test
abc0010672,2022-02-12 00:02:11.034+00,,0.0,test
abc0010683,2022-02-12 00:02:11.116+00,,0.0,real
abc0010691,2022-03-12 06:34:42.131+00,,16.97,real
abc0010698,2022-02-12 15:54:16.896+00,,0.0,real
abc0010704,2022-02-12 18:54:19.72+00,,0.0,real
abc0010690,2022-02-13 00:02:07.636+00,,0.0,real
abc0010690,2022-02-13 00:02:07.643+00,,0.0,test
abc0010695,2022-02-13 00:02:07.685+00,,0.0,real
abc0010711,2022-02-13 11:54:18.077+00,,0.0,real
abc0010714,2022-02-13 14:54:22.191+00,,0.0,real
abc0010564,2022-02-13 17:54:23.987+00,,0.0,real
abc0010691,2022-02-14 00:02:08.3+00,,0.0,test
abc0010706,2022-02-14 00:02:08.383+00,,0.0,real
abc0010711,2022-02-14 00:02:08.418+00,,0.0,test
abc0010713,2022-02-14 00:02:08.434+00,,0.0,real
abc0010715,2022-02-14 00:02:08.453+00,,0.0,test
abc0010717,2022-02-14 00:02:08.469+00,,0.0,test
abc0010718,2022-02-14 00:02:08.48+00,,0.0,test
abc0010730,2022-02-14 09:54:28.026+00,,0.0,real
abc0010717,2022-02-14 12:54:23.68+00,,0.0,real
abc0010732,2022-02-14 12:54:23.737+00,,0.0,real
abc0010703,2022-02-14 13:54:22.039+00,,0.0,real
abc0010742,2022-02-14 20:54:21.254+00,,0.0,real
abc0010027,2022-02-15 00:02:07.204+00,,0.0,real
abc0010027,2022-02-15 00:02:07.215+00,,0.0,test
abc0010274,2023-03-16 08:37:39.666+00,,-141.8542,test
abc0010576,2022-02-15 00:02:10.275+00,,0.0,test
abc0010716,2022-02-15 00:02:11.128+00,,0.0,test
abc0010721,2022-02-15 00:02:11.166+00,,0.0,real
abc0010731,2022-02-15 00:02:11.223+00,,0.0,real
abc0010745,2022-02-15 00:02:11.297+00,,0.0,test
abc0010749,2022-02-22 02:42:23.04+00,,8.120000000000001,real
abc0010758,2022-02-15 06:54:15.421+00,,0.0,real
abc0010762,2022-09-23 13:44:45.913+00,,1731.5900000000001,real
abc0010746,2022-02-15 13:54:25.897+00,,0.0,real
abc0010768,2022-02-15 14:54:15.401+00,,0.0,real
abc0010735,2022-02-15 20:06:54.445+00,,9.95,real
abc0007015,2022-02-16 00:01:49.591+00,,0.0,real
abc0009796,2022-04-08 06:05:24.2+00,,-718.1400000000001,real
abc0010249,2022-02-16 00:02:08.316+00,,0.0,real
abc0010286,2023-12-20 08:50:14.884+00,,-31254627.6434,real
abc0010627,2022-02-16 00:02:10.215+00,,0.0,test
abc0010747,2022-02-16 00:02:10.875+00,,0.0,real
abc0010756,2022-02-16 00:02:10.924+00,,0.0,real
abc0010759,2022-02-16 00:02:10.946+00,,0.0,real
abc0010759,2022-02-16 00:02:10.952+00,,0.0,test
abc0010770,2022-02-16 00:02:11.024+00,,0.0,real
abc0010777,2022-02-16 00:02:11.068+00,,0.0,real
abc0010777,2022-02-16 00:02:11.073+00,,0.0,test
abc0010789,2022-02-16 10:03:47.722+00,,30.72,test
abc0010784,2022-02-28 09:03:46.331+00,,-24.299999999999997,test
abc0010805,2022-02-16 18:54:22.199+00,,0.0,real
abc0010806,2022-02-16 19:54:27.927+00,,0.0,real
abc0008575,2022-02-17 00:01:58.667+00,,0.0,real
abc0010732,2022-02-17 00:02:10.787+00,,0.0,test
abc0010772,2022-02-17 00:02:11.031+00,,0.0,real
abc0010772,2022-02-17 00:02:11.037+00,,0.0,test
abc0010785,2022-07-05 07:12:34.614+00,,48.0,test
abc0010797,2022-02-17 00:02:11.18+00,,0.0,test
abc0010806,2022-02-17 00:02:11.23+00,,0.0,test
abc0010811,2022-02-17 00:02:11.264+00,,0.0,real
abc0010816,2022-02-17 02:54:27.935+00,,0.0,real
abc0006599,2022-02-20 19:23:22.737+00,,-1600.0,real
abc0010823,2022-02-17 08:54:23.955+00,,0.0,real
abc0010835,2022-02-17 18:54:20.229+00,,0.0,real
abc0010767,2022-02-17 18:54:29.5+00,,0.0,real
abc0010154,2022-02-18 00:02:05.089+00,,0.0,real
abc0010680,2022-02-18 00:02:07.827+00,,0.0,real
abc0010733,2023-03-30 02:12:06.022+00,,-10226.21,real
abc0010733,2022-02-25 00:02:09.929+00,,0.0,test
abc0010767,2022-02-18 00:02:08.348+00,,0.0,test
abc0010821,2022-02-18 00:02:08.649+00,,0.0,real
abc0010821,2022-02-25 07:15:08.519+00,,2116.16,test
abc0010824,2022-02-18 00:02:08.685+00,,0.0,real
abc0010832,2022-02-18 00:02:08.727+00,,0.0,real
abc0010837,2022-02-18 00:02:08.765+00,,0.0,test
abc0010843,2022-03-07 20:55:02.693+00,,-3.5999999999999996,real
abc0010757,2024-03-19 05:16:16.713+00,,-180277.1165,real
abc0010847,2022-02-18 04:54:15.757+00,,0.0,real
abc0010851,2022-02-18 09:54:26.425+00,,0.0,real
abc0010866,2022-02-18 20:54:21.564+00,,0.0,real
abc0010867,2022-02-19 18:02:27.329+00,,105.01,real
abc0009920,2023-03-30 02:11:41.153+00,,-9316.9125,real
abc0010841,2022-02-19 00:02:10.292+00,,0.0,real
abc0010841,2022-02-19 00:02:10.298+00,,0.0,test
abc0010848,2022-02-19 00:02:10.348+00,,0.0,test
abc0010848,2022-02-19 00:02:10.353+00,,0.0,real
abc0010850,2022-02-19 00:02:10.37+00,,0.0,real
abc0010852,2022-02-19 00:02:10.389+00,,0.0,real
abc0010853,2022-02-19 00:02:10.4+00,,0.0,real
abc0010856,2022-02-19 00:02:10.42+00,,0.0,real
abc0010861,2022-02-19 00:02:10.449+00,,0.0,real
abc0010863,2022-02-19 00:02:10.469+00,,0.0,real
abc0010877,2022-02-19 12:54:24.111+00,,0.0,real
abc0010866,2022-02-20 00:02:12.511+00,,0.0,test
abc0010876,2022-02-20 00:02:12.575+00,,0.0,real
abc0010877,2022-02-20 00:02:12.588+00,,0.0,test
abc0010895,2022-02-20 15:54:17.902+00,,0.0,real
abc0004463,2022-02-21 00:01:33.759+00,,0.0,test
abc0010889,2022-02-21 00:02:11.131+00,,0.0,real
abc0010892,2022-02-21 00:02:11.153+00,,0.0,real
abc0010892,2022-02-21 00:02:11.159+00,,0.0,test
abc0010904,2022-02-21 00:02:11.233+00,,0.0,test
abc0009717,2022-02-21 00:54:20.946+00,,0.0,real
abc0010907,2022-02-21 05:54:18.485+00,,0.0,real
abc0010916,2022-02-21 07:54:19.217+00,,0.0,real
abc0010918,2022-02-21 08:54:24.491+00,,0.0,real
abc0010946,2022-02-21 21:51:45.22+00,,0.78,test
abc0007063,2023-11-05 00:04:47.38+00,,-40894.736699999994,real
abc0010577,2022-02-22 00:02:12.354+00,,0.0,test
abc0010882,2022-02-22 00:02:14.165+00,,0.0,real
abc0010920,2022-02-22 00:02:14.381+00,,0.0,real
abc0010921,2022-02-22 00:02:14.396+00,,0.0,test
abc0010923,2022-02-22 00:02:14.411+00,,0.0,real
abc0010927,2022-02-22 00:02:14.437+00,,0.0,real
abc0010928,2022-02-22 00:02:14.45+00,,0.0,real
abc0010931,2022-02-22 00:02:14.471+00,,0.0,real
abc0010943,2022-02-22 00:02:14.531+00,,0.0,test
abc0010943,2022-02-22 00:02:14.536+00,,0.0,real
abc0010951,2022-02-22 02:18:15.721+00,,8.0,test
abc0010952,2022-02-22 02:18:15.722+00,,8.0,test
abc0009414,2022-02-22 02:54:19.609+00,,0.0,real
abc0008583,2024-03-23 00:07:44.623+00,,-27226.808699999998,real
abc0010917,2022-10-20 04:23:15.998+00,,88.43,test
abc0008783,2022-03-14 10:39:26.885+00,,2.81,real
abc0010249,2022-02-23 00:02:08.456+00,,0.0,test
abc0010254,2022-02-23 00:02:08.488+00,,0.0,test
abc0010327,2022-02-23 00:02:08.837+00,,0.0,test
abc0010917,2022-02-23 00:02:12.023+00,,0.0,real
abc0010949,2022-02-23 00:02:12.211+00,,0.0,test
abc0010953,2022-02-23 00:02:12.242+00,,0.0,test
abc0010953,2022-02-23 00:02:12.247+00,,0.0,real
abc0010957,2022-02-23 00:02:12.273+00,,0.0,real
abc0010967,2022-02-23 00:02:12.324+00,,0.0,real
abc0010971,2022-02-23 00:02:12.352+00,,0.0,test
abc0010574,2023-03-19 15:28:02.283+00,,285.0016,real
abc0003835,2022-02-23 17:27:45.869+00,,0.39,real
abc0011091,2023-04-26 00:05:39.228+00,,-441.7861000000001,real
abc0007031,2024-03-21 01:41:40.158+00,,-16295.784,real
abc0010977,2022-09-19 15:24:57.472+00,,-10.02,test
abc0011092,2022-02-23 23:54:13.661+00,,0.0,real
abc0010945,2022-02-24 00:02:14.421+00,,0.0,real
abc0010983,2022-03-19 17:14:50.715+00,,1114.49,real
abc0011078,2022-02-24 00:02:15.111+00,,0.0,real
abc0011078,2022-02-24 00:02:15.117+00,,0.0,test
abc0011082,2022-03-07 20:41:20.247+00,,26.21,test
abc0011083,2022-02-24 00:02:15.155+00,,0.0,real
abc0010574,2022-02-24 02:54:12.502+00,,0.0,test
abc0009796,2022-02-24 02:54:14.279+00,,0.0,test
abc0006820,2022-02-24 02:54:14.523+00,,0.0,test
abc0002926,2022-02-24 02:54:14.563+00,,0.0,test
abc0010462,2022-02-24 02:54:14.634+00,,0.0,test
abc0007405,2022-02-24 02:54:14.79+00,,0.0,test
abc0011092,2022-02-24 02:54:14.906+00,,0.0,test
abc0010916,2022-02-24 02:54:14.952+00,,0.0,test
abc0010846,2022-02-24 02:54:14.966+00,,0.0,test
abc0010274,2022-02-24 07:54:18.368+00,,0.0,real
abc0009345,2023-08-08 02:51:55.817+00,,5.99,test
abc0010846,2022-05-12 00:02:06.774+00,,6.1,real
abc0010784,2022-02-24 09:54:17.31+00,,0.0,real
abc0011103,2022-02-27 08:52:57.688+00,,28.0,test
abc0009240,2022-02-25 00:02:01.064+00,,0.0,test
abc0011121,2022-02-25 12:54:24.585+00,,0.0,real
abc0011122,2022-02-25 13:54:14.883+00,,0.0,real
abc0011132,2022-02-25 21:54:13.473+00,,0.0,real
abc0007399,2022-02-26 00:01:50.542+00,,0.0,test
abc0008271,2022-02-26 00:01:55.428+00,,0.0,test
abc0011124,2022-02-26 00:02:11.796+00,,0.0,real
abc0011126,2022-02-26 00:02:11.812+00,,0.0,test
abc0011130,2022-02-26 00:02:11.841+00,,0.0,test
abc0011133,2022-02-26 00:02:11.865+00,,0.0,real
abc0011144,2022-02-26 15:54:31.754+00,,0.0,real
abc0005082,2022-02-27 00:01:37.806+00,,0.0,real
abc0008608,2022-02-27 00:01:59.373+00,,0.0,real
abc0010719,2022-02-27 00:02:12.022+00,,0.0,real
abc0011135,2022-02-27 00:02:14.257+00,,0.0,real
abc0011141,2022-02-27 00:02:14.287+00,,0.0,real
abc0011090,2022-02-27 03:54:29.281+00,,0.0,real
abc0011148,2022-02-28 00:02:11.39+00,,0.0,test
abc0011254,2022-02-28 00:02:11.831+00,,0.0,real
abc0011261,2022-02-28 00:02:11.87+00,,0.0,real
abc0011095,2022-03-28 12:00:50.717+00,,-35000.0,real
abc0011289,2022-02-28 17:54:39.718+00,,0.0,real
abc0011136,2022-03-01 00:02:13.286+00,,0.0,real
abc0011278,2024-03-18 00:31:48.711+00,,-247334.7275,real
abc0011289,2022-03-01 00:02:13.953+00,,0.0,test
abc0011290,2022-03-01 00:02:13.974+00,,0.0,real
abc0011293,2022-03-01 00:02:13.994+00,,0.0,real
abc0011294,2022-03-01 00:02:14.006+00,,0.0,test
abc0011297,2022-03-01 00:02:14.03+00,,0.0,real
abc0010575,2022-03-23 03:27:45.916+00,,-1000.0,real
abc0010373,2022-03-02 04:06:49.59+00,,1278.61,test
abc0008940,2022-03-01 23:54:22.76+00,,0.0,real
abc0010373,2022-03-02 00:02:07.131+00,,0.0,real
abc0011124,2022-03-02 00:02:11.223+00,,0.0,test
abc0011304,2022-03-02 00:02:12.021+00,,0.0,real
abc0011307,2022-03-02 00:02:12.04+00,,0.0,real
abc0011310,2022-03-02 00:02:12.06+00,,0.0,real
abc0011317,2022-03-02 00:02:12.097+00,,0.0,real
abc0011317,2022-03-02 00:02:12.103+00,,0.0,test
abc0011325,2022-03-02 00:02:12.143+00,,0.0,real
abc0011332,2022-03-02 00:02:12.181+00,,0.0,real
abc0011342,2022-03-02 00:02:12.235+00,,0.0,real
abc0011343,2022-03-02 00:02:12.246+00,,0.0,real
abc0011357,2022-03-02 07:54:31.27+00,,0.0,real
abc0011373,2022-03-02 18:54:17.794+00,,0.0,real
abc0011377,2022-03-02 20:54:22.011+00,,0.0,real
abc0010808,2022-03-03 00:02:12.979+00,,0.0,real
abc0011359,2022-03-03 00:02:15.757+00,,0.0,real
abc0011396,2022-03-03 14:54:20.727+00,,0.0,real
abc0011400,2022-03-03 16:54:19.073+00,,0.0,real
abc0011402,2022-10-20 16:03:41.492+00,,0.0,real
abc0011398,2024-03-08 00:09:00.166+00,,-277018.0168000001,real
abc0011410,2022-10-15 06:03:49.018+00,,0.0,real
abc0011296,2022-05-20 00:02:11.508+00,,-172.96000000000004,real
abc0010254,2023-11-15 00:06:52.38+00,,-157212.5079,real
abc0010846,2022-05-12 09:05:33.472+00,,83.83000000000001,test
abc0011382,2022-03-04 00:02:16.405+00,,0.0,test
abc0011387,2022-03-04 00:02:16.438+00,,0.0,test
abc0011387,2022-03-04 00:02:16.444+00,,0.0,real
abc0011398,2022-03-04 00:02:16.52+00,,0.0,test
abc0011383,2024-03-22 11:56:20.057+00,,-4873042.089999999,real
abc0011384,2024-03-22 12:04:27.044+00,,-73337935.54,real
abc0004093,2022-03-04 11:30:12.167+00,,4.4,real
abc0011383,2022-03-23 00:02:00.602+00,,-481.9699999999999,test
abc0011437,2022-03-04 21:54:17.253+00,,0.0,real
abc0004093,2022-03-05 00:01:33.187+00,,0.0,test
abc0011413,2022-03-05 00:02:19.193+00,,0.0,test
abc0011417,2023-03-03 03:06:13.431+00,,-10033.542300000001,real
abc0011428,2022-05-09 20:35:00.793+00,,20.73,real
abc0011434,2022-03-05 00:02:19.311+00,,0.0,real
abc0011431,2022-03-05 03:54:15.486+00,,0.0,real
abc0011444,2022-03-05 07:54:17.76+00,,0.0,real
abc0011446,2022-03-05 08:54:19.415+00,,0.0,real
abc0011447,2022-03-05 08:54:19.462+00,,0.0,real
abc0011458,2022-03-05 22:54:28.662+00,,0.0,real
abc0009659,2022-06-20 13:56:34.151+00,,1.05,real
abc0011382,2022-03-06 00:02:16.92+00,,0.0,real
abc0011446,2022-03-06 00:02:17.303+00,,0.0,test
abc0011448,2022-03-06 00:02:17.324+00,,0.0,test
abc0011451,2022-03-06 00:02:17.346+00,,0.0,real
abc0011458,2022-03-06 00:02:17.39+00,,0.0,test
abc0011487,2022-03-07 00:00:11.282+00,,3.0,test
abc0011461,2022-03-07 00:02:24.559+00,,0.0,real
abc0011465,2022-03-07 00:02:24.589+00,,0.0,test
abc0011465,2022-03-07 00:02:24.595+00,,0.0,real
abc0011468,2022-03-07 00:02:24.621+00,,0.0,real
abc0011470,2022-03-07 00:02:24.633+00,,0.0,real
abc0011479,2022-03-07 00:02:24.693+00,,0.0,real
abc0011491,2022-03-07 05:54:21.423+00,,0.0,real
abc0011417,2022-03-07 11:14:22.928+00,,25.24,test
abc0010765,2022-03-10 02:33:57.863+00,,133.8,test
abc0011492,2022-03-07 11:54:24.3+00,,0.0,real
abc0006165,2023-06-15 15:33:00.707+00,,-50327.200000000004,real
abc0010765,2022-03-11 07:29:17.197+00,,18.989999999999995,real
abc0011085,2022-03-08 00:02:21.369+00,,0.0,test
abc0011278,2022-03-08 00:02:22.304+00,,0.0,test
abc0011332,2022-03-08 00:02:22.623+00,,0.0,test
abc0011488,2022-03-08 00:02:23.531+00,,0.0,real
abc0011492,2022-03-08 00:02:23.564+00,,0.0,test
abc0011509,2022-03-08 00:02:23.668+00,,0.0,real
abc0011510,2022-03-08 00:02:23.681+00,,0.0,real
abc0011512,2022-03-08 00:02:23.698+00,,0.0,test
abc0011516,2022-03-08 00:02:23.726+00,,0.0,test
abc0011522,2022-03-08 00:02:23.764+00,,0.0,real
abc0011524,2022-03-08 00:02:23.783+00,,0.0,test
abc0011413,2022-03-08 00:09:07.431+00,,0.73,real
abc0011530,2022-03-08 06:34:13.227+00,,2.0,real
abc0010846,2022-03-08 02:54:21.822+00,,0.0,real
abc0011360,2023-09-29 01:52:08.427+00,,-229565.76060000004,real
abc0011537,2022-03-08 09:54:28.469+00,,0.0,real
abc0011344,2022-03-09 00:02:20.204+00,,0.0,test
abc0011484,2022-03-09 00:02:21.045+00,,0.0,real
abc0011528,2022-03-09 00:02:21.305+00,,0.0,test
abc0011530,2022-03-09 00:02:21.324+00,,0.0,test
abc0011540,2022-06-04 23:11:24.605+00,,24.0,real
abc0011540,2022-03-09 00:02:21.389+00,,0.0,test
abc0011546,2022-03-09 00:02:21.425+00,,0.0,real
abc0011550,2022-03-09 00:02:21.455+00,,0.0,real
abc0011557,2022-03-09 00:02:21.497+00,,0.0,test
abc0011563,2022-03-09 00:02:21.534+00,,0.0,test
abc0011563,2022-03-09 00:02:21.54+00,,0.0,real
abc0011565,2022-11-10 13:24:41.223+00,,-10.0,real
abc0011596,2023-10-03 09:20:14.029+00,,1146005.368,real
abc0011611,2022-03-09 22:13:14.25+00,,3.9000000000000004,test
abc0008702,2022-03-10 00:02:04.724+00,,0.0,real
abc0011565,2022-03-10 00:02:22.9+00,,0.0,test
abc0011570,2022-03-10 00:02:22.934+00,,0.0,test
abc0011595,2022-03-10 00:02:23.067+00,,0.0,test
abc0011379,2022-03-10 02:47:22.782+00,,28.96,real
abc0010515,2022-03-10 02:54:20.07+00,,0.0,real
abc0002424,2022-03-10 08:54:21.319+00,,0.0,real
abc0011659,2022-03-10 13:54:27.848+00,,0.0,real
abc0011660,2022-03-10 15:54:32.43+00,,0.0,real
abc0008233,2022-03-11 00:02:00.817+00,,0.0,real
abc0011366,2022-03-11 00:02:21.895+00,,0.0,real
abc0011425,2022-03-11 00:02:22.293+00,,0.0,real
abc0011681,2022-03-11 00:02:23.894+00,,0.0,real
abc0010755,2022-04-29 05:38:56.677+00,,58.19999999999999,test
abc0011553,2024-02-03 00:08:34.522+00,,-11029.2437,real
abc0011717,2022-03-11 16:54:50.164+00,,0.0,real
abc0010755,2022-03-12 00:02:15.773+00,,0.0,real
abc0011553,2022-03-12 00:02:20.511+00,,0.0,test
abc0011699,2022-03-12 00:02:21.332+00,,0.0,real
abc0011701,2022-03-12 00:02:21.351+00,,0.0,test
abc0011704,2022-03-12 00:02:21.374+00,,0.0,test
abc0011704,2022-03-12 00:02:21.381+00,,0.0,real
abc0011713,2022-03-12 00:02:21.436+00,,0.0,test
abc0011719,2022-03-12 00:02:21.476+00,,0.0,test
abc0011723,2022-03-12 00:02:21.505+00,,0.0,real
abc0011728,2022-03-12 03:17:15.731+00,,10.99,real
abc0011570,2022-03-13 00:02:40.071+00,,0.0,real
abc0011729,2022-03-13 00:02:41.16+00,,0.0,real
abc0011734,2022-03-13 00:02:41.203+00,,0.0,real
abc0011737,2022-03-13 00:02:41.234+00,,0.0,test
abc0011741,2022-03-13 00:02:41.263+00,,0.0,test
abc0011745,2022-03-13 00:02:41.297+00,,0.0,real
abc0011787,2022-03-13 12:54:26.928+00,,0.0,real
abc0011786,2022-03-13 13:54:19.661+00,,0.0,real
abc0011791,2022-03-13 14:54:12.733+00,,0.0,real
abc0011778,2022-03-13 14:54:19.354+00,,0.0,real
abc0011768,2022-03-14 00:01:55.165+00,,0.0,test
abc0011778,2022-03-14 00:01:55.206+00,,0.0,test
abc0011789,2022-03-14 00:01:55.256+00,,0.0,real
abc0011803,2022-03-14 00:01:55.305+00,,0.0,real
abc0011739,2022-03-14 04:54:25.512+00,,0.0,real
abc0011809,2022-03-14 07:54:19.458+00,,0.0,real
abc0011778,2022-03-14 08:13:20.248+00,,1.03,real
abc0011655,2022-09-29 17:13:55.629+00,,296.84,test
abc0011828,2022-03-14 16:54:28.555+00,,0.0,real
abc0008216,2022-03-15 00:01:39.514+00,,0.0,test
abc0011495,2023-07-15 00:06:49.635+00,,-2154.8232,test
abc0011708,2022-03-15 00:01:54.664+00,,0.0,real
abc0011722,2022-11-25 00:06:13.735+00,,-1121.6963,real
abc0011813,2022-03-15 00:01:54.968+00,,0.0,real
abc0011820,2022-03-15 00:01:54.995+00,,0.0,test
abc0011826,2022-03-15 00:01:55.022+00,,0.0,real
abc0011835,2022-03-15 00:01:55.056+00,,0.0,real
abc0011848,2022-03-15 01:54:28.904+00,,0.0,real
abc0011623,2022-03-15 07:48:50.568+00,,14.350000000000016,test
abc0011850,2022-03-15 07:54:22.246+00,,0.0,real
abc0011638,2022-03-15 08:54:15.84+00,,0.0,real
abc0011846,2022-03-15 09:54:24.24+00,,0.0,real
abc0011863,2022-03-15 11:54:23.748+00,,0.0,real
abc0010225,2022-03-16 00:01:47.328+00,,0.0,real
abc0010375,2022-03-16 00:01:47.839+00,,0.0,test
abc0011623,2022-03-16 00:01:52.201+00,,0.0,real
abc0011844,2022-03-16 00:01:52.917+00,,0.0,real
abc0011853,2023-04-05 00:05:49.854+00,,-739.49,real
abc0011861,2022-03-16 00:01:52.982+00,,0.0,real
abc0011863,2022-03-16 00:01:52.995+00,,0.0,test
abc0011876,2022-03-16 00:01:53.037+00,,0.0,real
abc0011881,2022-03-16 00:01:53.057+00,,0.0,real
abc0011893,2024-03-22 14:44:17.139+00,,-1997357.2847,real
abc0011885,2022-03-16 07:54:14.168+00,,0.0,real
abc0011886,2022-03-16 07:54:14.178+00,,0.0,real
abc0011638,2022-08-16 06:25:47.029+00,,122.3,test
abc0011898,2022-04-11 06:45:08.435+00,,13.0,test
abc0011902,2022-03-16 10:54:38.44+00,,0.0,real
abc0011906,2022-03-16 13:54:12.523+00,,0.0,real
abc0011927,2022-03-16 22:21:06.031+00,,35.0,real
abc0009089,2022-03-17 00:01:42.098+00,,0.0,real
abc0009946,2022-03-17 00:01:45.924+00,,0.0,real
abc0010583,2022-03-17 00:01:48.142+00,,0.0,real
abc0011691,2023-03-30 02:12:35.2+00,,-268224.81,real
abc0011904,2022-03-17 00:01:52.611+00,,0.0,test
abc0011912,2022-03-17 00:01:52.643+00,,0.0,real
abc0011916,2022-11-22 15:19:19.897+00,,-248.0,real
abc0011920,2022-03-17 00:01:52.677+00,,0.0,test
abc0011929,2022-03-17 00:01:52.71+00,,0.0,real
abc0011930,2022-03-17 03:54:17.686+00,,0.0,real
abc0011928,2022-03-27 21:18:25.566+00,,10.0,real
abc0011941,2024-02-20 00:09:02.392+00,,-104522.9318,real
abc0008278,2022-03-18 00:01:39.819+00,,1.0,real
abc0011842,2023-03-30 02:12:39.364+00,,-11051.310000000001,real
abc0011956,2024-01-24 15:11:02.448+00,,527.2708,test
abc0010328,2022-03-18 00:01:47.867+00,,0.0,real
abc0011896,2022-03-18 00:01:53.202+00,,0.0,real
abc0011930,2022-03-18 00:01:53.337+00,,0.0,test
abc0011936,2022-03-18 00:01:53.361+00,,0.0,real
abc0011938,2022-03-18 00:01:53.371+00,,0.0,real
abc0011940,2022-03-18 00:01:53.381+00,,0.0,test
abc0011943,2022-03-18 00:01:53.398+00,,0.0,real
abc0011964,2022-03-18 00:01:53.469+00,,0.0,test
abc0011979,2022-03-18 00:01:53.517+00,,0.0,real
abc0011997,2023-03-15 00:07:30.118+00,,-217726.67120000004,real
abc0012005,2022-03-24 00:02:03.987+00,,-1300.0,real
abc0009511,2022-03-19 00:01:42.911+00,,0.0,test
abc0011898,2022-03-19 00:01:51.429+00,,0.0,real
abc0011985,2022-03-22 09:29:26.124+00,,55.01,test
abc0012001,2022-03-19 00:01:51.783+00,,0.0,test
abc0012001,2022-03-19 00:01:51.787+00,,0.0,real
abc0012006,2022-03-19 00:01:51.811+00,,0.0,real
abc0012008,2022-03-19 00:01:51.822+00,,0.0,real
abc0012013,2022-03-19 00:01:51.842+00,,0.0,test
abc0012013,2022-03-25 00:16:45.672+00,,4.15,real
abc0012017,2022-03-19 05:54:27.812+00,,0.0,real
abc0012022,2022-03-19 11:54:14.904+00,,0.0,real
abc0012024,2022-03-19 11:54:14.952+00,,0.0,real
abc0012036,2022-03-19 20:54:24.029+00,,0.0,real
abc0012014,2022-03-20 00:01:52.704+00,,0.0,real
abc0012018,2022-03-20 00:01:52.726+00,,0.0,test
abc0012019,2022-03-20 00:01:52.734+00,,0.0,test
abc0012022,2022-03-20 00:01:52.747+00,,0.0,test
abc0012020,2022-03-20 16:54:30.903+00,,0.0,real
abc0012051,2022-03-20 17:54:25.066+00,,0.0,real
abc0012052,2022-03-20 18:54:17.258+00,,0.0,real
abc0012053,2024-03-22 20:53:16.147+00,,-8405337.702499999,real
abc0012053,2022-03-21 00:01:58.127+00,,0.0,test
abc0012080,2022-08-09 15:43:39.373+00,,-1068.8700000000001,real
abc0012090,2023-02-11 00:07:22.359+00,,-4082.92,real
abc0012100,2022-03-21 23:54:13.135+00,,0.0,real
abc0010909,2022-09-14 00:04:19.1+00,,75.86000000000001,test
abc0010910,2022-05-14 00:02:05.795+00,,446.03,test
abc0010911,2022-06-15 02:57:14.926+00,,2031.44,test
abc0011814,2022-03-22 00:02:05.588+00,,0.0,test
abc0012052,2022-03-22 00:02:06.826+00,,0.0,test
abc0012065,2022-03-22 00:02:06.892+00,,0.0,real
abc0012066,2022-03-22 00:02:06.902+00,,0.0,test
abc0012078,2022-03-22 00:02:06.956+00,,0.0,real
abc0012080,2022-03-22 00:02:06.97+00,,0.0,test
abc0012081,2022-03-22 00:02:06.98+00,,0.0,test
abc0012086,2022-03-22 00:02:07.008+00,,0.0,real
abc0012093,2022-03-22 00:02:07.05+00,,0.0,test
abc0012109,2022-03-22 08:54:26.525+00,,0.0,real
abc0010827,2022-05-08 19:32:31.328+00,,436.08,real
abc0012120,2022-03-22 14:54:22.517+00,,0.0,real
abc0012115,2022-03-22 15:54:28.931+00,,0.0,real
abc0012129,2022-03-22 19:54:30.154+00,,0.0,real
abc0012136,2022-03-22 23:36:59.57+00,,10.0,test
abc0012136,2022-03-22 23:54:22.073+00,,0.0,real
abc0011739,2022-03-23 00:02:02.296+00,,0.0,test
abc0012071,2022-03-23 00:02:03.814+00,,0.0,real
abc0012113,2022-03-23 00:02:04.038+00,,0.0,real
abc0012115,2022-03-23 00:02:04.054+00,,0.0,test
abc0012120,2022-03-23 00:02:04.081+00,,0.0,test
abc0012127,2022-03-23 00:02:04.117+00,,0.0,test
abc0012129,2022-03-23 00:02:04.13+00,,0.0,test
abc0012130,2022-03-23 00:02:04.139+00,,0.0,real
abc0012131,2022-03-23 00:02:04.147+00,,0.0,real
abc0012132,2022-03-23 00:02:04.156+00,,0.0,real
abc0012133,2022-03-23 00:02:04.164+00,,0.0,real
abc0012140,2022-03-23 07:54:13.073+00,,0.0,real
abc0011617,2022-03-23 07:54:23.437+00,,0.0,real
abc0012152,2022-03-23 14:54:28.793+00,,0.0,real
abc0011719,2022-03-23 15:54:26.874+00,,0.0,real
abc0012160,2022-03-23 16:54:29.514+00,,0.0,real
abc0012167,2023-01-08 00:06:42.454+00,,19.84,real
abc0010234,2022-03-24 00:01:55.947+00,,0.0,real
abc0012161,2022-03-24 00:02:04.695+00,,0.0,real
abc0012168,2022-03-24 00:02:04.729+00,,0.0,real
abc0012104,2022-03-24 02:54:15.399+00,,0.0,real
abc0012191,2022-04-13 01:22:54.44+00,,-2008.0,real
abc0012190,2022-03-24 08:54:20.404+00,,0.0,real
abc0012169,2022-03-26 00:02:06.963+00,,10.0,real
abc0012186,2022-03-24 19:54:26.358+00,,0.0,real
abc0012169,2022-03-25 00:02:05.895+00,,0.0,test
abc0012179,2022-03-25 00:02:05.947+00,,0.0,real
abc0012181,2022-03-25 00:02:05.962+00,,0.0,real
abc0012193,2022-03-25 00:02:06.032+00,,0.0,real
abc0012202,2022-03-25 00:02:06.077+00,,0.0,test
abc0012227,2022-03-25 15:54:34.378+00,,0.0,real
abc0008783,2022-03-26 16:57:32.412+00,,789.52,test
abc0012235,2022-03-25 18:54:28.768+00,,0.0,real
abc0008845,2022-10-11 00:03:52.062+00,,-2115.96,real
abc0012237,2022-03-25 21:54:15.014+00,,0.0,real
abc0012217,2022-03-25 22:12:15.216+00,,10.0,real
abc0012207,2022-03-26 00:02:07.155+00,,0.0,real
abc0012210,2023-08-23 11:00:37.358+00,,31.0403,real
abc0012213,2022-03-26 00:02:07.191+00,,0.0,test
abc0012215,2022-05-12 01:47:02.55+00,,-1029.6,real
abc0012217,2022-03-26 00:02:07.223+00,,0.0,test
abc0012219,2022-03-26 00:02:07.239+00,,0.0,real
abc0012219,2022-03-26 00:02:07.246+00,,0.0,test
abc0012223,2022-03-26 00:02:07.268+00,,0.0,test
abc0012229,2022-03-26 00:02:07.301+00,,0.0,real
abc0012234,2022-03-26 00:02:07.327+00,,0.0,real
abc0012235,2022-03-26 00:02:07.338+00,,0.0,test
abc0012253,2022-03-26 15:54:20.19+00,,0.0,real
abc0012251,2022-03-27 00:02:09.951+00,,0.0,test
abc0012259,2022-03-27 00:45:30.216+00,,10.98,test
abc0012259,2022-03-27 00:54:16.321+00,,0.0,real
abc0012270,2022-03-27 16:54:18.043+00,,0.0,real
abc0007680,2022-03-28 00:01:43.97+00,,0.0,test
abc0012262,2022-03-28 00:02:06.286+00,,0.0,real
abc0012264,2022-03-28 00:02:06.301+00,,0.0,test
abc0012273,2022-03-28 00:02:06.35+00,,0.0,real
abc0011984,2022-03-28 06:54:18.903+00,,0.0,real
abc0012317,2022-04-02 06:06:33.105+00,,33.0,real
abc0010375,2022-03-29 00:01:58.187+00,,0.0,real
abc0011984,2022-10-12 08:04:10.923+00,,6436.59,test
abc0012255,2022-03-29 00:02:07.187+00,,0.0,test
abc0012256,2022-03-29 00:02:07.196+00,,0.0,real
abc0012299,2022-03-29 00:02:07.411+00,,0.0,real
abc0012307,2022-03-29 00:02:07.457+00,,0.0,real
abc0012310,2022-03-29 00:02:07.474+00,,0.0,real
abc0012318,2022-03-29 00:02:07.517+00,,0.0,test
abc0012318,2022-03-29 00:02:07.52+00,,0.0,real
abc0012322,2022-03-29 02:54:13.181+00,,0.0,real
abc0008943,2022-03-29 09:18:05.617+00,,-0.9400000000000002,real
abc0012324,2022-03-29 10:54:13.533+00,,0.0,real
abc0012348,2022-03-29 14:54:16.077+00,,0.0,real
abc0012328,2024-03-01 00:09:43.729+00,,-7706322.4364,real
abc0012308,2022-03-29 18:54:15.691+00,,0.0,real
abc0012322,2022-03-30 00:02:09.526+00,,0.0,test
abc0012326,2022-03-30 00:02:09.552+00,,0.0,real
abc0012328,2022-04-26 00:02:14.303+00,,-756.65,test
abc0012336,2022-03-30 00:02:09.606+00,,0.0,test
abc0012357,2022-03-30 00:02:09.701+00,,0.0,real
abc0012360,2022-03-30 00:02:09.718+00,,0.0,real
abc0012360,2022-03-30 00:02:09.723+00,,0.0,test
abc0012330,2022-12-26 16:16:24.115+00,,-236178.72000000003,real
abc0012363,2022-03-30 06:54:16.226+00,,0.0,real
abc0012365,2022-03-30 07:29:49.882+00,,1.09,real
abc0012358,2022-03-30 11:54:13.838+00,,0.0,real
abc0012387,2022-03-30 16:54:18.467+00,,0.0,real
abc0012373,2022-03-31 00:02:07.761+00,,0.0,real
abc0012383,2022-03-31 00:02:07.797+00,,0.0,real
abc0012406,2022-09-20 03:09:20.411+00,,-1265.85,real
abc0012418,2022-04-04 12:06:16.996+00,,107.25,test
abc0012419,2022-03-31 14:30:12.299+00,,1.0,real
abc0012429,2022-03-31 14:54:33.262+00,,0.0,real
abc0010285,2022-04-01 00:02:06.631+00,,0.0,real
abc0010419,2022-04-01 00:02:07.329+00,,0.0,real
abc0012067,2022-04-01 00:02:14.991+00,,0.0,test
abc0012187,2023-08-10 00:07:34.079+00,,1796.1069000000002,test
abc0012264,2022-04-14 18:51:06.616+00,,32.47,real
abc0012381,2022-04-25 00:39:43.575+00,,566.15,real
abc0012425,2022-04-01 00:02:16.666+00,,0.0,real
abc0012436,2022-04-01 00:02:16.718+00,,0.0,real
abc0012447,2022-04-01 08:54:11.733+00,,0.0,real
abc0012445,2023-05-25 06:00:50.168+00,,407.28,test
abc0012424,2022-09-18 17:27:51.163+00,,-1058374.1700000002,real
abc0005830,2022-04-02 00:01:35.858+00,,0.0,real
abc0012445,2022-04-02 00:02:08.183+00,,0.0,real
abc0012475,2022-04-02 16:54:25.695+00,,0.0,real
abc0012077,2023-12-15 04:43:52.954+00,,9.859999999999996,test
abc0012077,2023-12-25 06:08:54.02+00,,-62.0,real
abc0012441,2022-04-03 00:02:12.368+00,,0.0,real
abc0012484,2022-04-03 00:02:12.565+00,,0.0,real
abc0005058,2022-04-04 00:01:33.322+00,,0.0,real
abc0012442,2022-04-04 00:02:14.15+00,,0.0,real
abc0012477,2022-04-04 01:53:20.951+00,,0.01,real
abc0012520,2022-04-04 06:54:22.55+00,,0.0,real
abc0012524,2022-04-04 08:54:14.03+00,,0.0,real
abc0012536,2022-04-04 15:54:16.489+00,,0.0,real
abc0012537,2022-04-04 15:54:20.467+00,,0.0,real
abc0012542,2022-04-04 19:54:26.554+00,,0.0,real
abc0012541,2022-04-04 21:46:28.22+00,,1.0,real
abc0010140,2022-06-01 03:18:11.755+00,,-201937.5,real
abc0012210,2022-08-02 17:23:46.031+00,,386.26,test
abc0012477,2022-04-05 00:02:09.609+00,,0.0,test
abc0012523,2022-04-05 00:02:09.803+00,,0.0,test
abc0012526,2022-04-08 00:02:10.52+00,,50.58,real
abc0012530,2022-04-05 00:02:09.853+00,,0.0,real
abc0012535,2022-10-25 18:57:58.028+00,,64.12,real
abc0012540,2022-04-05 00:02:09.912+00,,0.0,real
abc0012547,2022-04-05 00:02:09.955+00,,0.0,real
abc0011481,2022-04-05 00:54:14.831+00,,0.0,real
abc0010278,2024-03-23 00:09:12.411+00,,-573019.7507000001,real
abc0012577,2022-04-05 20:54:11.385+00,,0.0,real
abc0006299,2022-04-27 19:10:07.609+00,,50.0,test
abc0012580,2022-04-05 23:54:26.592+00,,0.0,real
abc0012515,2022-04-06 00:02:11.81+00,,0.0,real
abc0012553,2022-04-06 00:02:12.11+00,,0.0,test
abc0012567,2022-04-06 00:02:12.189+00,,0.0,test
abc0012576,2022-04-06 00:02:12.242+00,,0.0,real
abc0012402,2024-03-20 23:38:03.6+00,,-68235.135,real
abc0012608,2022-04-06 22:54:24.278+00,,0.0,real
abc0007108,2022-04-07 00:01:43.844+00,,0.0,test
abc0011655,2024-03-23 03:46:45.621+00,,-944632.3699999999,real
abc0012402,2022-04-07 00:02:11.072+00,,0.0,test
abc0011903,2023-09-06 03:17:09.206+00,,3117.2196000000004,test
abc0012623,2022-04-07 15:54:30.977+00,,0.0,real
abc0006145,2022-04-08 00:01:39.037+00,,0.0,real
abc0011495,2024-03-12 15:47:19.731+00,,1087.3373,real
abc0011903,2024-02-19 03:36:30.552+00,,-14657.384,real
abc0012467,2022-04-08 00:02:10.254+00,,0.0,test
abc0012526,2022-04-08 00:02:10.516+00,,0.0,test
abc0012615,2022-04-08 00:02:10.92+00,,0.0,test
abc0012626,2022-04-08 00:02:10.972+00,,0.0,test
abc0012630,2022-04-08 00:02:10.995+00,,0.0,test
abc0012644,2022-04-08 05:54:24.59+00,,0.0,real
abc0012631,2022-05-01 00:02:26.529+00,,300.0,real
abc0012653,2022-04-08 14:54:28.255+00,,0.0,real
abc0012655,2022-04-08 15:54:34.576+00,,0.0,real
abc0012506,2022-04-09 00:02:11.631+00,,0.0,test
abc0012514,2022-04-09 00:02:11.677+00,,0.0,real
abc0012644,2022-04-09 00:02:12.307+00,,0.0,test
abc0012645,2022-04-09 00:02:12.318+00,,0.0,real
abc0012659,2022-04-09 00:02:12.384+00,,0.0,real
abc0012660,2022-04-09 00:02:12.396+00,,0.0,real
abc0012660,2022-04-09 00:02:12.4+00,,0.0,test
abc0012668,2022-04-09 02:00:03.576+00,,88.96,real
abc0012685,2022-04-09 23:54:19.044+00,,0.0,real
abc0012562,2022-05-07 12:14:17.941+00,,144.08,test
abc0012638,2022-04-10 00:02:13.747+00,,0.0,test
abc0011498,2022-04-10 10:00:27.161+00,,-325.0,real
abc0012395,2022-04-10 07:54:20.009+00,,0.0,real
abc0012698,2022-04-17 22:50:39.399+00,,485.84,test
abc0012708,2022-04-10 21:54:21.329+00,,0.0,real
abc0012698,2022-04-11 00:02:11.63+00,,0.0,real
abc0012704,2022-04-11 00:02:11.663+00,,0.0,real
abc0012726,2022-04-11 10:54:23.822+00,,0.0,real
abc0010141,2023-02-01 00:05:54.823+00,,-870172.5516,real
abc0011519,2022-07-14 21:19:01.833+00,,520.1899999999999,real
abc0012743,2022-04-11 22:54:16.539+00,,0.0,real
abc0011112,2023-08-21 10:13:47.347+00,,84.44029999999998,test
abc0011112,2023-03-30 02:12:17.845+00,,-4562.31,real
abc0012690,2022-04-12 00:02:20.428+00,,0.0,test
abc0012744,2022-04-12 00:02:20.669+00,,0.0,test
abc0012769,2022-04-12 16:54:37.025+00,,0.0,real
abc0012764,2022-04-12 18:54:12.272+00,,0.0,real
abc0010771,2022-04-13 00:02:07.582+00,,0.0,real
abc0012253,2022-04-13 00:02:15.575+00,,0.0,test
abc0012757,2022-04-13 00:02:17.99+00,,0.0,test
abc0012763,2022-04-13 00:02:18.029+00,,0.0,test
abc0012776,2022-04-13 00:02:18.133+00,,0.0,real
abc0012792,2022-04-14 08:04:52.765+00,,32.0,test
abc0012790,2022-04-13 14:54:21.815+00,,0.0,real
abc0009970,2022-04-13 16:54:16.361+00,,0.0,real
abc0012805,2022-04-13 19:05:11.776+00,,2.34,real
abc0012702,2022-04-13 20:54:38.345+00,,0.0,real
abc0012762,2022-07-07 21:39:07.384+00,,80.36000000000001,test
abc0012790,2022-04-14 17:08:39.726+00,,3.0,test
abc0012793,2022-05-31 01:40:37.421+00,,-26.45,real
abc0012798,2022-04-14 00:02:15.861+00,,0.0,real
abc0012802,2022-04-14 00:02:15.884+00,,0.0,real
abc0012802,2022-04-14 00:02:15.89+00,,0.0,test
abc0012753,2022-11-22 12:45:52.919+00,,1112.37,test
abc0012343,2022-04-14 08:56:19.103+00,,0.0,real
abc0012571,2022-04-14 17:54:26.792+00,,0.0,real
abc0012863,2022-04-14 18:54:19.581+00,,0.0,real
abc0012606,2022-04-15 00:02:10.955+00,,0.0,real
abc0012753,2022-04-15 00:02:11.628+00,,0.0,real
abc0012829,2022-04-15 00:02:11.974+00,,0.0,test
abc0012857,2022-04-15 00:02:12.107+00,,0.0,test
abc0012857,2022-04-15 00:02:12.11+00,,0.0,real
abc0012862,2022-04-15 00:02:12.139+00,,0.0,test
abc0012870,2022-04-22 12:00:40.205+00,,3.0,test
abc0012862,2022-04-15 05:43:37.191+00,,0.0,real
abc0012884,2022-04-15 10:54:36.427+00,,0.0,real
abc0012885,2022-04-15 11:24:50.166+00,,0.0,real
abc0012878,2022-04-15 11:54:13.018+00,,0.0,real
abc0012588,2022-04-18 08:52:49.44+00,,2.0,real
abc0012890,2022-04-15 17:06:56.856+00,,5.0,real
abc0012885,2022-04-16 00:02:19.539+00,,0.0,test
abc0012886,2022-04-16 00:02:19.553+00,,0.0,real
abc0012889,2022-04-16 00:02:19.573+00,,0.0,test
abc0012890,2022-04-16 00:02:19.583+00,,0.0,test
abc0012900,2022-04-16 00:02:19.645+00,,0.0,real
abc0012874,2022-04-16 09:54:13.768+00,,0.0,real
abc0012911,2022-04-21 18:12:13.755+00,,10.05,real
abc0009494,2022-08-22 02:21:16.364+00,,-742.3700000000001,test
abc0012707,2024-01-30 00:09:23.253+00,,-132.3949,real
abc0012707,2022-04-17 00:02:10.863+00,,0.0,test
abc0012789,2022-04-17 00:02:11.219+00,,0.0,real
abc0012878,2022-04-17 00:02:11.632+00,,0.0,test
abc0012911,2022-04-17 00:02:11.823+00,,0.0,test
abc0012915,2022-04-17 00:02:11.857+00,,0.0,real
abc0012917,2022-04-17 00:02:11.878+00,,0.0,real
abc0012917,2022-04-17 00:02:11.882+00,,0.0,test
abc0012918,2022-04-17 00:02:11.893+00,,0.0,test
abc0012921,2022-04-17 00:02:11.912+00,,0.0,test
abc0012774,2022-04-17 01:54:11+00,,0.0,real
abc0012776,2022-06-20 14:32:22.916+00,,619.1800000000001,test
abc0009494,2022-06-23 11:38:15.839+00,,0.0,real
abc0012936,2022-04-18 00:02:13.538+00,,0.0,test
abc0012937,2022-04-18 00:02:13.547+00,,0.0,real
abc0012939,2022-04-18 00:02:13.562+00,,0.0,test
abc0012947,2022-04-18 00:02:13.596+00,,0.0,real
abc0012947,2022-04-18 00:02:13.599+00,,0.0,test
abc0012961,2022-04-18 07:54:19.55+00,,0.0,real
abc0012968,2022-07-03 18:35:45.211+00,,985.65,real
abc0012606,2022-04-19 03:44:53.726+00,,3670.27,test
abc0012993,2022-04-19 03:37:56.004+00,,15.17,real
abc0010762,2022-04-19 00:02:07.929+00,,0.0,test
abc0011956,2022-04-19 00:02:15.12+00,,0.0,real
abc0012909,2024-01-26 00:09:44.71+00,,-7290.3251,test
abc0012942,2022-04-19 00:02:21.534+00,,0.0,real
abc0012978,2022-04-19 00:02:21.721+00,,0.0,test
abc0012984,2022-04-19 00:02:21.753+00,,0.0,test
abc0012833,2024-03-22 16:12:43.01+00,,-1033164.98,real
abc0013011,2022-04-19 07:54:26.832+00,,0.0,real
abc0010113,2022-11-12 00:05:44.519+00,,-43897.9946,real
abc0013035,2022-05-02 17:06:17.275+00,,65.11999999999999,test
abc0013010,2022-04-20 00:02:16.821+00,,0.0,test
abc0013021,2022-04-20 00:02:16.914+00,,0.0,test
abc0013034,2022-04-20 00:02:17.011+00,,0.0,real
abc0013035,2022-04-20 00:02:17.027+00,,0.0,real
abc0012427,2022-04-27 08:29:59.101+00,,2976.0,real
abc0013060,2022-04-20 08:54:28.477+00,,0.0,real
abc0013039,2022-04-20 12:22:45.782+00,,-247.24,real
abc0012990,2022-04-21 00:02:16.705+00,,1.3,real
abc0004204,2022-04-21 00:01:30.578+00,,0.0,real
abc0008864,2022-04-21 00:01:56.111+00,,0.0,real
abc0013059,2022-04-21 00:02:17.04+00,,0.0,real
abc0013077,2022-04-21 00:02:17.127+00,,0.0,test
abc0007104,2022-04-21 06:00:37.256+00,,108.46,test
abc0007102,2023-05-04 10:10:11.953+00,,80.36000000000001,test
abc0013118,2022-04-21 11:54:27.485+00,,0.0,real
abc0012825,2022-05-04 05:27:08.795+00,,-5000.0,real
abc0010559,2022-04-22 00:02:02.017+00,,0.0,real
abc0013059,2022-04-22 00:02:14.157+00,,0.0,test
abc0013073,2022-04-22 00:02:14.225+00,,0.0,real
abc0013073,2022-07-06 15:50:27.803+00,,818.26,test
abc0013101,2022-04-22 00:02:14.35+00,,0.0,real
abc0013106,2022-04-22 00:02:14.377+00,,0.0,test
abc0013122,2022-04-22 00:02:14.44+00,,0.0,test
abc0013123,2022-04-22 00:02:14.449+00,,0.0,test
abc0010417,2023-08-15 00:06:36.025+00,,-98063.0538,real
abc0010912,2022-04-22 08:54:34.522+00,,0.0,real
abc0013150,2022-06-20 09:29:45.254+00,,-10355.71,real
abc0012992,2022-04-22 19:57:15.961+00,,29.0,real
abc0013069,2022-04-23 00:02:15.399+00,,0.0,real
abc0013140,2022-04-23 00:02:15.704+00,,0.0,test
abc0013143,2022-04-23 00:02:15.722+00,,0.0,real
abc0013151,2022-04-23 00:02:15.76+00,,0.0,real
abc0013162,2022-04-23 00:02:15.81+00,,0.0,real
abc0013202,2022-04-24 15:54:26.393+00,,0.0,real
abc0013225,2022-04-25 09:54:20.47+00,,0.0,real
abc0012427,2022-04-25 16:49:09.987+00,,100.0,test
abc0013003,2022-08-30 21:49:45.049+00,,149.0,real
abc0013166,2022-04-26 00:02:18.334+00,,0.0,test
abc0013171,2022-04-26 00:02:18.362+00,,0.0,real
abc0013183,2022-04-26 00:02:18.424+00,,0.0,real
abc0013192,2022-04-26 00:02:18.469+00,,0.0,real
abc0013197,2022-04-26 00:02:18.496+00,,0.0,real
abc0013202,2022-04-26 00:02:18.524+00,,0.0,test
abc0013211,2022-04-26 00:02:18.568+00,,0.0,test
abc0013211,2022-04-26 00:02:18.572+00,,0.0,real
abc0013219,2022-04-26 00:02:18.611+00,,0.0,real
abc0013220,2022-04-26 00:02:18.623+00,,0.0,test
abc0013225,2022-04-26 00:02:18.653+00,,0.0,test
abc0013234,2022-04-26 00:02:18.698+00,,0.0,test
abc0013243,2022-04-26 00:02:18.739+00,,0.0,real
abc0013230,2022-04-29 08:55:28.97+00,,35.36,test
abc0013265,2022-04-26 09:13:56.371+00,,-803.71,test
abc0013272,2022-04-26 12:34:45.869+00,,0.0,real
abc0013116,2022-07-12 16:54:30.461+00,,199.01000000000002,test
abc0013273,2022-05-10 04:10:59.585+00,,-986.68,real
abc0013266,2022-04-27 00:02:33.435+00,,0.0,real
abc0013267,2022-04-27 21:18:00.139+00,,1.25,real
abc0013269,2022-04-27 00:02:33.459+00,,0.0,test
abc0013269,2022-04-27 00:02:33.463+00,,0.0,real
abc0013274,2022-04-27 00:02:33.494+00,,0.0,test
abc0013280,2024-03-20 00:31:14.847+00,,-242539.01,real
abc0013285,2022-04-27 00:02:33.556+00,,0.0,real
abc0013294,2022-04-27 03:54:14.865+00,,0.0,real
abc0013296,2022-04-27 06:54:32.646+00,,0.0,real
abc0013230,2022-04-28 00:02:42.778+00,,0.0,real
abc0013301,2022-04-28 00:02:43.145+00,,0.0,real
abc0013302,2022-04-28 00:02:43.171+00,,0.0,real
abc0013312,2022-04-28 00:02:43.225+00,,0.0,real
abc0013287,2022-04-28 18:56:18.345+00,,4.99,real
abc0013078,2022-04-28 18:54:23.122+00,,0.0,real
abc0013337,2022-04-28 19:03:23.105+00,,0.0,real
abc0013078,2022-04-29 00:02:31.224+00,,0.0,test
abc0013261,2022-04-29 00:02:32.151+00,,0.0,test
abc0013314,2022-04-29 00:02:32.43+00,,0.0,test
abc0013319,2022-04-29 00:02:32.457+00,,0.0,test
abc0013325,2022-04-29 00:02:32.488+00,,0.0,real
abc0013331,2022-04-29 00:02:32.52+00,,0.0,test
abc0013333,2022-04-29 00:02:32.537+00,,0.0,real
abc0013335,2022-09-25 10:39:49.141+00,,57.45,real
abc0013353,2022-04-29 12:54:22.702+00,,0.0,real
abc0013328,2024-03-12 00:10:46.167+00,,-1115220.4263000002,real
abc0013328,2022-04-30 00:02:42.064+00,,10.0,test
abc0012332,2022-04-29 15:54:23.2+00,,0.0,real
abc0012366,2022-05-03 02:15:16.785+00,,5.8,real
abc0013144,2022-04-30 00:02:41.109+00,,0.0,real
abc0013351,2022-04-30 00:02:42.221+00,,0.0,test
abc0013360,2022-04-30 00:02:42.273+00,,0.0,real
abc0013364,2022-04-30 00:02:42.303+00,,0.0,test
abc0013371,2022-04-30 00:02:42.338+00,,0.0,real
abc0013244,2022-05-02 00:02:42.432+00,,0.0,real
abc0013399,2022-05-02 00:02:43.315+00,,0.0,test
abc0013401,2022-05-02 00:02:43.331+00,,0.0,real
abc0013250,2022-05-02 10:55:26.443+00,,2.0,real
abc0013418,2023-03-30 02:13:27.989+00,,-866.5181,test
abc0012369,2022-06-04 08:38:45.068+00,,4778.88,test
abc0007861,2022-05-03 00:02:10.256+00,,0.0,real
abc0013421,2022-05-03 00:02:45.007+00,,0.0,real
abc0013424,2023-05-10 04:59:01.562+00,,-126.1978,real
abc0013433,2022-05-03 00:54:14.795+00,,0.0,real
abc0013435,2022-05-04 03:10:58.426+00,,-518.69,test
abc0013442,2022-05-03 10:54:35.439+00,,0.0,real
abc0013449,2022-05-03 12:54:16.92+00,,0.0,real
abc0005762,2022-05-03 15:54:29.853+00,,0.0,real
abc0013448,2022-05-04 00:02:37.415+00,,0.0,test
abc0013453,2022-05-04 04:30:47.934+00,,10.0,real
abc0013472,2022-05-04 00:54:21.514+00,,0.0,real
abc0013484,2022-05-04 06:18:46.35+00,,1.0,real
abc0013490,2022-05-04 08:57:16.413+00,,1.5,real
abc0013476,2022-05-04 07:54:19.032+00,,0.0,real
abc0013321,2022-05-04 11:54:38.289+00,,0.0,real
abc0013321,2022-05-09 13:09:11.712+00,,11294.43,test
abc0009953,2022-07-12 04:10:13.712+00,,-57500.0,real
abc0007105,2022-05-05 01:35:07.584+00,,10556.32,test
abc0012061,2022-05-05 00:02:25.771+00,,0.0,test
abc0012638,2022-05-05 00:02:28.82+00,,0.0,real
abc0013488,2022-05-10 10:17:11.329+00,,2.89,test
abc0013469,2022-05-06 15:50:07.594+00,,77.0,real
abc0013520,2022-05-05 01:54:27.51+00,,0.0,real
abc0013538,2022-05-07 07:52:10.138+00,,14.89,test
abc0013486,2022-05-05 10:54:14.724+00,,0.0,real
abc0013507,2022-05-05 15:54:28.6+00,,0.0,real
abc0012369,2022-05-07 13:07:59.241+00,,35.33,real
abc0013552,2022-05-05 22:54:15.654+00,,0.0,real
abc0013555,2022-05-05 23:54:12.967+00,,0.0,real
abc0013507,2022-05-06 00:03:05.502+00,,0.0,test
abc0013528,2022-05-17 03:53:46.398+00,,0.44,test
abc0013536,2022-05-06 00:03:05.77+00,,0.0,test
abc0013546,2022-05-06 00:03:05.861+00,,0.0,test
abc0013550,2022-05-06 00:03:05.906+00,,0.0,real
abc0013551,2022-05-06 00:03:05.923+00,,0.0,test
abc0013544,2022-05-17 10:34:03.816+00,,16.79,test
abc0013574,2022-05-06 15:21:34.962+00,,0.0,real
abc0003563,2023-08-01 07:51:20.892+00,,-3.5,test
abc0013465,2022-05-07 00:02:35.533+00,,0.0,test
abc0013570,2022-05-07 00:02:36.087+00,,0.0,test
abc0013572,2022-05-07 00:02:36.101+00,,0.0,real
abc0013598,2024-03-18 20:57:01.467+00,,-7230.014600000001,real
abc0006642,2022-05-08 00:01:51.678+00,,0.0,test
abc0013312,2022-05-08 00:02:35.848+00,,0.0,test
abc0013603,2022-05-08 00:02:37.51+00,,0.0,test
abc0013610,2022-05-08 00:02:37.56+00,,0.0,test
abc0013612,2022-05-08 00:02:37.578+00,,0.0,real
abc0013614,2022-05-08 01:32:24.941+00,,4.97,real
abc0013626,2022-05-08 12:54:41.049+00,,0.0,real
abc0010170,2022-05-08 15:14:11.526+00,,72.5,real
abc0013396,2022-11-25 00:07:07.767+00,,-38384.02,real
abc0013396,2022-05-09 00:02:35.172+00,,0.0,test
abc0013626,2022-05-09 00:02:36.633+00,,0.0,test
abc0013632,2022-05-09 00:02:36.671+00,,0.0,test
abc0013641,2022-05-09 11:57:45.482+00,,-35.1,real
abc0009407,2022-05-11 09:21:07.175+00,,65.0,real
abc0013229,2024-03-23 02:19:52.245+00,,-62557.2559,real
abc0013530,2024-03-22 00:11:20.827+00,,-9335.629799999999,real
abc0013532,2024-03-23 08:48:49.243+00,,-3186497.3419000003,real
abc0013655,2022-05-09 09:54:48.054+00,,0.0,real
abc0013652,2022-05-09 11:55:00.736+00,,0.0,real
abc0013665,2022-05-23 06:32:19.124+00,,14632.28,test
abc0013671,2022-05-09 16:54:33.776+00,,0.0,real
abc0013674,2022-05-09 19:54:58.08+00,,0.0,real
abc0009742,2023-07-20 03:18:28.234+00,,-14726.016099999999,real
abc0013663,2022-05-10 00:02:44.306+00,,0.0,real
abc0013669,2022-05-10 00:02:44.342+00,,0.0,real
abc0013672,2024-03-22 00:11:29.019+00,,-2373.1668000000004,real
abc0013537,2022-05-10 02:47:23.732+00,,0.0,real
abc0013677,2022-05-13 07:03:54.763+00,,12.120000000000001,real
abc0013488,2022-05-11 01:07:45.969+00,,2.89,real
abc0013687,2022-05-10 09:04:29.022+00,,0.0,real
abc0013688,2022-05-10 10:54:54.833+00,,0.0,real
abc0007880,2022-08-22 18:01:45.959+00,,75.23,test
abc0013705,2022-05-11 00:02:50.43+00,,0.0,real
abc0013712,2022-05-11 05:54:24.443+00,,0.0,real
abc0013716,2022-06-20 09:32:15.426+00,,0.0,real
abc0010921,2022-05-11 07:54:14.944+00,,0.0,real
abc0009182,2022-05-11 13:17:52.979+00,,1010.0,test
abc0013523,2022-05-11 12:54:25.215+00,,0.0,real
abc0013726,2022-05-11 13:54:14.876+00,,0.0,real
abc0013477,2023-05-11 00:07:00.616+00,,-381.01,real
abc0013708,2022-05-12 00:02:20.869+00,,0.0,real
abc0013723,2022-05-12 00:02:20.954+00,,0.0,test
abc0013731,2022-05-12 00:02:21+00,,0.0,real
abc0013737,2022-05-12 00:02:21.032+00,,0.0,real
abc0013535,2024-03-23 08:47:49.15+00,,-3309781.776,real
abc0013748,2023-02-27 16:22:30.005+00,,2.6288,real
abc0013494,2024-03-23 08:51:23.247+00,,-14316328.884400003,real
abc0013769,2022-05-12 19:54:43.336+00,,0.0,real
abc0012905,2022-05-16 07:00:26.192+00,,64.0,test
abc0013486,2022-07-08 08:26:51.783+00,,-37.09,test
abc0013746,2022-05-13 00:02:23.748+00,,0.0,real
abc0013752,2022-05-13 00:02:23.786+00,,0.0,test
abc0012302,2022-05-13 05:13:21.764+00,,59.0,real
abc0013754,2022-05-13 08:41:12.282+00,,10000.0,test
abc0013783,2022-05-13 10:54:48.626+00,,0.0,real
abc0013418,2022-05-31 12:07:33.17+00,,0.0,real
abc0013795,2022-05-13 16:54:17.571+00,,0.0,real
abc0013677,2022-07-13 03:02:12.961+00,,-3.55,test
abc0013773,2022-05-14 00:02:20.215+00,,0.0,real
abc0013779,2022-05-14 00:02:20.249+00,,0.0,real
abc0013781,2022-05-14 00:02:20.262+00,,0.0,test
abc0013807,2022-05-14 00:02:20.397+00,,0.0,real
abc0013799,2022-05-14 06:54:13.977+00,,0.0,real
abc0013102,2022-05-14 06:57:44.714+00,,0.0,real
abc0013811,2022-06-09 13:18:05.95+00,,0.0,real
abc0013534,2024-03-20 22:59:42.041+00,,-16798.3593,real
abc0013820,2022-05-14 15:54:41.185+00,,0.0,real
abc0013821,2022-05-14 16:54:37.095+00,,0.0,real
abc0013812,2022-05-15 00:02:22.504+00,,0.0,test
abc0013814,2022-05-15 00:02:22.52+00,,0.0,real
abc0013838,2022-05-15 11:19:48.802+00,,1.08,real
abc0013847,2022-05-15 19:54:14.456+00,,0.0,real
abc0013849,2022-05-15 21:54:16.481+00,,0.0,real
abc0008582,2023-06-01 10:32:38.049+00,,79.91,test
abc0013858,2022-05-16 08:54:38.408+00,,0.0,real
abc0013841,2022-05-16 10:54:34.017+00,,0.0,real
abc0013102,2022-05-16 23:35:27.429+00,,10.0,test
abc0012617,2022-05-17 00:02:17.469+00,,0.0,test
abc0012795,2022-09-30 03:25:32.632+00,,-134.41,real
abc0013433,2022-05-17 00:02:21.54+00,,0.0,test
abc0013559,2023-07-04 04:04:49.983+00,,-4281.7300000000005,real
abc0013851,2022-05-17 00:02:23.684+00,,0.0,test
abc0013851,2022-05-17 00:02:23.688+00,,0.0,real
abc0013852,2022-05-17 00:02:23.697+00,,0.0,test
abc0013859,2022-05-17 00:02:23.739+00,,0.0,test
abc0013860,2022-05-17 00:02:23.748+00,,0.0,test
abc0013861,2022-05-17 00:02:23.76+00,,0.0,test
abc0013865,2022-05-17 00:02:23.798+00,,0.0,real
abc0013871,2022-05-17 00:02:23.837+00,,0.0,real
abc0012331,2022-05-17 05:54:12.747+00,,0.0,real
abc0012973,2022-06-02 00:02:27.132+00,,1.29,real
abc0013559,2022-08-21 00:05:04.606+00,,-583.69,test
abc0013880,2022-05-18 00:02:22.555+00,,0.0,test
abc0013887,2022-05-18 00:02:22.593+00,,0.0,test
abc0013908,2022-05-18 07:54:32.674+00,,0.0,real
abc0012833,2023-11-30 04:28:23.051+00,,103.18,test
abc0013899,2024-03-22 22:33:03.447+00,,-151853.9012,real
abc0013901,2024-03-23 08:03:48.151+00,,-570149.591,real
abc0013903,2024-03-23 01:55:20.211+00,,-14676.329999999998,real
abc0013694,2022-05-18 12:54:39.822+00,,0.0,real
abc0013928,2022-05-18 19:54:34.392+00,,0.0,real
abc0013927,2022-05-18 19:54:34.41+00,,0.0,real
abc0013938,2022-05-23 01:45:52.55+00,,1.0,real
abc0013694,2022-05-19 09:11:42.655+00,,31.19,test
abc0013900,2022-05-19 00:02:29.682+00,,0.0,real
abc0013904,2022-05-19 00:02:29.712+00,,0.0,real
abc0013932,2022-05-19 00:02:29.849+00,,0.0,test
abc0013932,2022-05-19 00:02:29.852+00,,0.0,real
abc0013935,2022-05-19 00:02:29.87+00,,0.0,test
abc0013935,2022-05-19 00:02:29.874+00,,0.0,real
abc0013970,2022-05-19 18:54:29.004+00,,0.0,real
abc0012842,2022-05-20 00:02:19.491+00,,0.0,test
abc0013916,2022-05-20 00:02:25.056+00,,0.0,test
abc0013941,2022-05-30 12:12:12.639+00,,0.0,real
abc0013954,2022-05-20 00:02:25.253+00,,0.0,test
abc0013965,2022-05-20 00:02:25.308+00,,0.0,test
abc0013968,2022-05-20 00:02:25.326+00,,0.0,real
abc0013979,2022-06-15 02:52:44.738+00,,14.29,real
abc0012000,2022-05-20 06:20:29.001+00,,239.82,real
abc0013986,2022-05-20 09:54:36.621+00,,0.0,real
abc0013527,2022-11-08 00:07:33.803+00,,3.5214999999999996,real
abc0013527,2024-02-23 00:10:20.03+00,,2646.2312,test
abc0013914,2022-05-21 00:02:24.933+00,,0.0,real
abc0013944,2022-05-21 00:02:25.092+00,,0.0,test
abc0013982,2022-05-21 00:02:25.29+00,,0.0,test
abc0013984,2022-05-21 00:02:25.304+00,,0.0,real
abc0013967,2023-03-30 02:13:45.537+00,,-13858.87,real
abc0008292,2022-05-22 00:01:54.132+00,,0.0,real
abc0014017,2022-05-22 00:02:24.192+00,,0.0,real
abc0014040,2022-05-22 10:54:28.688+00,,0.0,real
abc0014018,2022-05-23 00:02:28.138+00,,0.0,real
abc0014041,2022-05-23 00:02:28.255+00,,0.0,real
abc0014053,2022-05-23 00:02:28.318+00,,0.0,test
abc0014053,2022-05-23 00:02:28.321+00,,0.0,real
abc0014066,2022-06-09 06:27:09.626+00,,233.51999999999998,test
abc0014079,2022-05-27 07:59:14.597+00,,1204.66,test
abc0012555,2022-07-21 00:04:40.685+00,,-13252.41,test
abc0012640,2023-07-07 00:07:10.334+00,,-10719.225899999998,test
abc0012758,2022-05-24 00:02:23.565+00,,0.0,test
abc0012760,2022-05-24 00:02:23.579+00,,0.0,test
abc0013959,2022-05-24 05:19:35.901+00,,-386.68999999999994,test
abc0013979,2022-06-14 05:33:12.583+00,,17.54,test
abc0014066,2022-05-24 00:02:30.56+00,,0.0,real
abc0014080,2022-05-24 00:02:30.642+00,,0.0,test
abc0014090,2022-05-24 00:02:30.704+00,,0.0,real
abc0013775,2022-06-30 07:28:59.778+00,,-121000.0,real
abc0014115,2022-06-09 06:42:10.227+00,,7.36,test
abc0012428,2024-03-23 08:22:22.491+00,,-3298332.7120000003,real
abc0014123,2022-05-25 00:02:26.148+00,,0.0,real
abc0014130,2022-05-25 06:23:06.16+00,,0.0,real
abc0014084,2024-01-19 10:34:18.118+00,,33.4807,test
abc0014141,2022-05-25 13:54:48.262+00,,0.0,real
abc0014149,2022-05-25 19:54:20.143+00,,0.0,real
abc0014150,2022-05-30 11:03:53.545+00,,0.0,real
abc0012273,2022-05-26 00:02:34.144+00,,0.0,test
abc0013872,2022-05-26 00:02:43.1+00,,0.0,test
abc0014076,2022-07-26 13:08:00.663+00,,15.27,test
abc0014124,2022-05-26 00:02:44.673+00,,0.0,real
abc0014131,2022-05-26 00:02:44.715+00,,0.0,real
abc0014139,2022-05-26 00:02:44.767+00,,0.0,test
abc0014147,2022-05-26 00:02:44.815+00,,0.0,real
abc0014149,2022-05-26 00:02:44.835+00,,0.0,test
abc0014153,2022-05-26 00:02:44.866+00,,0.0,real
abc0009743,2024-03-20 03:58:19.57+00,,-1440222.746,real
abc0014171,2022-05-26 11:54:23.979+00,,0.0,real
abc0011985,2022-06-07 00:02:19.892+00,,-1179.81,real
abc0014186,2022-05-26 20:54:35.774+00,,0.0,real
abc0013134,2022-05-27 00:02:22.227+00,,0.0,real
abc0014164,2022-05-27 00:02:27.683+00,,0.0,test
abc0014168,2022-05-27 00:02:27.708+00,,0.0,real
abc0014169,2022-05-27 00:02:27.72+00,,0.0,test
abc0014185,2022-05-27 00:02:27.8+00,,0.0,real
abc0014188,2022-05-27 01:54:35.938+00,,0.0,real
abc0014196,2022-05-31 13:52:36.626+00,,0.0,real
abc0014206,2022-05-27 12:54:42.561+00,,0.0,real
abc0014195,2022-05-28 00:02:31.731+00,,0.0,real
abc0010738,2022-05-28 08:54:19.4+00,,0.0,real
abc0014229,2022-05-30 14:07:32.522+00,,0.0,real
abc0014159,2022-05-29 00:02:32.818+00,,0.0,real
abc0014213,2022-06-01 03:34:17.686+00,,1.07,real
abc0014223,2022-05-29 00:02:33.165+00,,0.0,real
abc0014229,2022-05-29 00:02:33.195+00,,0.0,test
abc0014178,2022-05-29 15:34:58.662+00,,0.0,real
abc0014246,2022-05-30 00:02:34.335+00,,0.0,real
abc0013959,2023-01-05 09:00:38.582+00,,-1109.3233,real
abc0014259,2022-05-30 09:12:46.297+00,,2.63,real
abc0013533,2023-10-02 05:49:31.923+00,,-3055.1913999999997,real
abc0014276,2022-07-13 05:03:15.131+00,,110.0,real
abc0014253,2024-03-08 00:28:49.792+00,,-395329.48549999995,real
abc0014265,2022-05-31 00:02:32.915+00,,0.0,real
abc0014269,2022-05-31 00:02:32.939+00,,0.0,test
abc0014272,2022-05-31 00:02:32.96+00,,0.0,test
abc0014285,2022-05-31 00:02:33.03+00,,0.0,real
abc0014290,2022-05-31 05:08:51.914+00,,0.44,real
abc0014301,2022-05-31 10:54:21.73+00,,0.0,real
abc0014313,2022-05-31 16:54:40.595+00,,0.0,real
abc0014316,2022-05-31 17:54:21.225+00,,0.0,real
abc0014324,2022-05-31 22:54:24.931+00,,0.0,real
abc0014252,2022-06-09 08:18:25.997+00,,43.63,test
abc0014290,2022-06-01 00:02:42.72+00,,0.0,test
abc0014305,2022-06-01 00:02:42.809+00,,0.0,real
abc0014319,2022-06-01 00:02:42.9+00,,0.0,real
abc0014328,2022-06-01 00:02:42.96+00,,0.0,real
abc0014328,2022-06-01 00:02:42.967+00,,0.0,test
abc0014333,2024-03-22 05:45:50.502+00,,-51661.68,real
abc0014346,2022-06-02 00:02:34.558+00,,0.0,test
abc0014367,2022-06-02 04:54:20.147+00,,0.0,real
abc0014379,2022-06-02 12:54:56.592+00,,0.0,real
abc0014084,2024-03-22 19:41:16.346+00,,-4891668.5508,real
abc0014125,2022-06-22 23:49:31.225+00,,12.0,real
abc0014353,2022-06-03 00:02:32.188+00,,0.0,real
abc0014353,2022-06-09 08:48:02.894+00,,137.94,test
abc0014394,2022-06-03 04:54:45.72+00,,0.0,real
abc0014399,2022-06-03 10:54:38.043+00,,0.0,real
abc0014405,2022-06-03 11:54:27.285+00,,0.0,real
abc0014425,2022-06-09 16:16:41.007+00,,0.0,real
abc0014391,2022-06-04 00:02:35.593+00,,0.0,real
abc0014425,2022-06-04 00:02:35.771+00,,0.0,test
abc0014431,2022-06-04 00:02:35.805+00,,0.0,real
abc0014409,2022-06-04 05:06:59.279+00,,0.0,real
abc0012794,2022-06-16 00:02:20.216+00,,-7.49,real
abc0014447,2022-06-20 17:20:07.495+00,,5.28,test
abc0014447,2022-06-25 00:02:42.279+00,,-20023.32,real
abc0014464,2022-06-05 11:54:22.574+00,,0.0,real
abc0014470,2022-06-09 13:18:05.293+00,,0.0,real
abc0014463,2022-06-09 13:18:09.918+00,,0.0,real
abc0014237,2022-06-06 00:02:34.358+00,,0.0,test
abc0014480,2022-06-06 04:54:16.936+00,,0.0,real
abc0014442,2022-06-07 00:02:33.712+00,,0.0,test
abc0014494,2022-06-07 00:02:33.997+00,,0.0,test
abc0014495,2022-06-07 00:02:34.007+00,,0.0,test
abc0014495,2022-06-07 00:02:34.01+00,,0.0,real
abc0014501,2022-06-07 00:02:34.044+00,,0.0,test
abc0014509,2022-06-07 02:54:30.165+00,,0.0,real
abc0014252,2022-06-08 00:02:33.125+00,,0.0,real
abc0014511,2022-06-08 00:02:34.764+00,,0.0,test
abc0014512,2022-06-08 00:02:34.776+00,,0.0,test
abc0014513,2022-06-08 00:02:34.787+00,,0.0,test
abc0014514,2022-06-08 00:02:34.799+00,,0.0,test
abc0014537,2022-06-08 11:33:19.005+00,,-10075.46,real
abc0013057,2022-06-13 02:45:48.876+00,,-5000.0,real
abc0013943,2024-03-21 03:44:49.794+00,,-13614.812699999999,real
abc0014354,2022-06-08 11:54:16.456+00,,0.0,real
abc0014545,2022-06-08 12:54:17.223+00,,0.0,real
abc0014551,2022-06-10 00:02:33.949+00,,0.0,real
abc0013411,2022-06-09 00:02:22.149+00,,0.0,test
abc0014542,2022-06-09 00:02:28.431+00,,0.0,test
abc0014545,2022-06-09 00:02:28.453+00,,0.0,test
abc0014554,2022-06-09 00:02:28.509+00,,0.0,test
abc0014554,2022-06-09 00:02:28.513+00,,0.0,real
abc0014162,2022-06-09 04:54:39.091+00,,0.0,real
abc0012974,2022-08-19 05:46:57.316+00,,-96.28,real
abc0014499,2022-06-09 21:17:35.588+00,,-5.0,real
abc0013739,2022-06-09 21:54:28.128+00,,0.0,real
abc0014585,2022-06-09 23:54:27.355+00,,0.0,real
abc0013945,2022-12-13 08:44:36.42+00,,-1837.6200000000001,real
abc0014499,2022-06-10 00:02:33.66+00,,0.0,test
abc0014553,2022-06-10 00:02:33.963+00,,0.0,real
abc0014565,2022-06-10 00:02:34.031+00,,0.0,real
abc0014567,2022-06-10 00:02:34.048+00,,0.0,test
abc0014583,2022-06-10 00:02:34.127+00,,0.0,test
abc0014585,2022-06-10 00:02:34.163+00,,0.0,test
abc0013946,2022-08-15 09:18:49.539+00,,364.33000000000004,test
abc0014588,2022-06-10 06:22:49.231+00,,0.15,real
abc0010785,2022-06-10 06:54:26.484+00,,0.0,real
abc0012905,2022-06-10 09:37:58.281+00,,2.0,real
abc0014348,2022-09-23 07:50:56.063+00,,783.1700000000001,test
abc0012555,2022-06-11 00:02:18.507+00,,0.0,real
abc0013946,2022-12-13 08:44:51.558+00,,-1185.35,real
abc0014555,2022-06-11 00:02:30.145+00,,0.0,test
abc0014584,2022-06-11 00:02:30.288+00,,0.0,test
abc0014587,2022-06-11 00:02:30.315+00,,0.0,test
abc0014587,2022-06-11 00:02:30.319+00,,0.0,real
abc0014588,2022-06-11 00:02:30.335+00,,0.0,test
abc0014615,2022-06-11 00:02:30.484+00,,0.0,test
abc0013817,2022-06-12 00:02:25.087+00,,0.0,real
abc0014590,2022-06-12 00:02:29.352+00,,0.0,real
abc0014610,2022-06-12 00:02:29.464+00,,0.0,real
abc0014641,2022-06-12 00:02:29.622+00,,0.0,real
abc0014643,2022-06-12 06:54:26.574+00,,0.0,real
abc0014238,2022-06-13 00:02:37.933+00,,0.0,test
abc0014643,2022-06-13 00:02:40.322+00,,0.0,test
abc0014652,2022-06-20 09:32:16.926+00,,0.0,real
abc0014653,2022-06-13 00:02:40.384+00,,0.0,test
abc0014670,2022-06-13 06:33:41.882+00,,0.0,real
abc0014576,2022-06-24 17:39:38.67+00,,49.9,real
abc0014684,2022-06-13 20:54:11.912+00,,0.0,real
abc0013888,2024-03-23 00:12:22.263+00,,-1456786.7066000002,real
abc0014364,2022-06-17 04:01:47.757+00,,50.43,real
abc0014576,2022-06-14 00:02:51.989+00,,0.0,test
abc0014675,2022-06-15 16:35:39.882+00,,15.69,real
abc0014678,2022-06-14 00:02:52.684+00,,0.0,test
abc0014683,2022-06-14 00:02:52.721+00,,0.0,real
abc0014076,2023-09-29 00:09:11.993+00,,-8068.938400000001,real
abc0014693,2023-10-03 00:09:29.288+00,,-36085.4091,real
abc0014695,2022-06-14 10:54:28.895+00,,0.0,real
abc0013657,2022-07-21 02:45:34.845+00,,-2.6,real
abc0014695,2022-06-23 08:13:15.334+00,,29.48,test
abc0013657,2022-06-28 17:18:54.277+00,,2.6,test
abc0014690,2022-06-15 00:02:30.439+00,,0.0,test
abc0014697,2022-06-15 00:02:30.492+00,,0.0,test
abc0014707,2022-06-15 00:02:30.547+00,,0.0,real
abc0014707,2022-06-15 00:02:30.551+00,,0.0,test
abc0014703,2022-06-16 21:47:49.001+00,,50.0,real
abc0014581,2022-07-31 06:54:11.207+00,,-6.53,real
abc0014696,2022-06-16 09:28:05.192+00,,16.0,real
abc0013945,2022-08-17 06:36:09.392+00,,507.87,test
abc0014348,2024-02-20 18:09:43.848+00,,146.9989,real
abc0010909,2022-06-21 10:03:10.027+00,,9.84,real
abc0010557,2023-08-05 18:53:20.683+00,,29.88,test
abc0014581,2022-06-16 00:02:30.154+00,,0.0,test
abc0014675,2022-06-16 00:02:30.666+00,,0.0,test
abc0014724,2022-06-16 00:02:30.942+00,,0.0,test
abc0014733,2022-06-16 00:02:30.989+00,,0.0,test
abc0014733,2022-06-16 00:02:30.995+00,,0.0,real
abc0010910,2022-06-17 00:02:12.798+00,,1.0,real
abc0014161,2023-03-21 10:09:15.153+00,,-200.99930000000006,test
abc0014756,2023-04-12 00:17:05.384+00,,-13442.058299999999,real
abc0003843,2022-06-17 00:01:28.192+00,,0.0,test
abc0011889,2022-06-17 00:02:18.098+00,,0.0,real
abc0014299,2022-06-17 00:02:31.859+00,,0.0,real
abc0014773,2022-06-17 12:54:36.581+00,,0.0,real
abc0014779,2022-08-01 00:05:37.976+00,,5.970000000000001,real
abc0014782,2022-06-17 19:54:14.856+00,,0.0,real
abc0012567,2022-06-18 00:02:23.072+00,,0.0,real
abc0013553,2022-06-18 00:02:29.57+00,,0.0,real
abc0014727,2022-06-18 00:02:37.402+00,,0.0,test
abc0014782,2022-06-18 00:02:37.711+00,,0.0,test
abc0013478,2022-06-18 10:54:31.212+00,,0.0,real
abc0014797,2022-06-18 16:54:30.888+00,,0.0,real
abc0014791,2022-06-19 00:02:36.231+00,,0.0,test
abc0014803,2022-06-19 00:02:36.312+00,,0.0,test
abc0008554,2024-03-05 00:06:39.176+00,,-1063.4836,real
abc0014805,2022-06-19 11:54:29.855+00,,0.0,real
abc0014811,2022-07-03 17:41:21.94+00,,-10.26,real
abc0014603,2022-06-19 14:54:30.144+00,,0.0,real
abc0014808,2022-06-19 15:54:15.13+00,,0.0,real
abc0014805,2022-06-20 06:31:07.044+00,,9.82,test
abc0014808,2022-06-20 00:02:33.979+00,,0.0,test
abc0014810,2022-06-20 00:02:33.997+00,,0.0,real
abc0014822,2024-03-13 00:12:12.777+00,,-102632.16859999999,real
abc0012843,2022-06-20 09:54:27.551+00,,0.0,real
abc0013435,2022-06-20 10:54:13.162+00,,0.0,real
abc0014776,2024-03-19 08:21:09.884+00,,-1849838.643,real
abc0014493,2022-12-14 02:09:38.273+00,,53.97,test
abc0014663,2022-06-21 00:02:35.07+00,,0.0,test
abc0014663,2022-06-21 00:02:35.074+00,,0.0,real
abc0014687,2022-06-24 00:02:34.119+00,,160.0,real
abc0014739,2022-06-21 00:02:35.571+00,,0.0,real
abc0014829,2022-06-21 00:02:36.072+00,,0.0,test
abc0014727,2022-06-21 16:26:36.659+00,,148.55,real
abc0014854,2022-06-21 21:54:14.761+00,,0.0,real
abc0011342,2022-06-22 00:02:12.411+00,,0.0,test
abc0013544,2022-06-22 00:02:25.203+00,,0.0,real
abc0014734,2022-06-22 00:02:31.93+00,,0.0,test
abc0014811,2022-06-22 00:02:32.357+00,,0.0,test
abc0014826,2022-06-22 00:02:32.436+00,,0.0,test
abc0014847,2022-06-22 00:02:32.552+00,,0.0,real
abc0014853,2022-06-22 00:02:32.589+00,,0.0,test
abc0014855,2022-06-22 00:02:32.613+00,,0.0,real
abc0014857,2022-06-22 01:54:21.902+00,,0.0,real
abc0014858,2022-06-22 01:58:51.552+00,,105.0,test
abc0014865,2022-06-22 04:04:37.56+00,,8.0,test
abc0014870,2022-06-22 08:54:15.921+00,,0.0,real
abc0014823,2024-03-19 08:21:10.024+00,,-1534911.4300000002,real
abc0014884,2022-06-22 14:54:14.251+00,,0.0,real
abc0014875,2022-06-22 15:58:35.625+00,,1.0,real
abc0014898,2022-06-22 22:54:23.345+00,,0.0,real
abc0014679,2022-06-23 00:02:33.417+00,,0.0,test
abc0014864,2022-06-23 00:02:34.578+00,,0.0,real
abc0014868,2022-06-23 00:02:34.605+00,,0.0,real
abc0014875,2022-06-23 00:02:34.667+00,,0.0,test
abc0012842,2022-06-23 03:54:27.859+00,,0.0,real
abc0014826,2022-08-03 09:50:26.635+00,,0.2,real
abc0014944,2022-12-12 06:36:46.249+00,,-237.55759999999998,test
abc0012760,2022-06-24 00:02:22.905+00,,0.0,real
abc0014884,2022-06-24 00:02:35.22+00,,0.0,test
abc0014903,2022-06-24 00:02:35.329+00,,0.0,real
abc0014949,2022-06-24 00:02:35.548+00,,0.0,real
abc0014949,2022-06-24 00:02:35.551+00,,0.0,test
abc0014867,2022-06-24 06:53:27.745+00,,397.9,real
abc0013324,2022-07-15 08:52:38.007+00,,-676.55,real
abc0014968,2022-06-29 13:00:04.802+00,,375.77,test
abc0014977,2022-06-24 11:54:29.941+00,,0.0,real
abc0014980,2022-06-24 13:17:32.335+00,,0.0,real
abc0014214,2022-06-30 15:49:57.424+00,,43.39,real
abc0002258,2022-06-24 22:54:30.424+00,,0.0,real
abc0004845,2022-06-25 00:01:38.596+00,,-0.010000000000000009,real
abc0014974,2022-06-25 00:02:45.538+00,,0.0,test
abc0014975,2022-06-25 00:02:45.549+00,,0.0,real
abc0014976,2022-06-25 00:02:45.559+00,,0.0,test
abc0014985,2022-06-25 00:02:45.618+00,,0.0,test
abc0007988,2022-06-26 00:01:53.306+00,,0.0,real
abc0014820,2022-06-26 00:02:33.116+00,,0.0,test
abc0014994,2022-06-26 00:02:34.088+00,,0.0,real
abc0014997,2022-06-26 00:02:34.109+00,,0.0,test
abc0014998,2022-06-26 00:02:34.12+00,,0.0,test
abc0014998,2022-06-26 02:29:28.079+00,,12.79,real
abc0015007,2022-06-27 00:02:35.06+00,,0.0,real
abc0015010,2022-06-27 00:02:35.077+00,,0.0,test
abc0012837,2024-01-08 00:28:59.035+00,,-909945.1563,real
abc0014968,2022-06-27 11:54:13.699+00,,0.0,real
abc0015039,2022-06-27 15:54:12.422+00,,0.0,real
abc0015048,2022-06-27 18:54:15.782+00,,0.0,real
abc0015053,2022-06-30 20:35:57.925+00,,24.36,real
abc0014529,2022-06-28 00:02:34.713+00,,0.0,test
abc0014816,2022-06-28 00:02:36.681+00,,0.0,test
abc0015032,2022-06-28 00:02:37.887+00,,0.0,test
abc0015038,2023-07-05 02:26:20.036+00,,-10.8072,real
abc0016073,2022-06-28 07:59:51.434+00,,0.0,real
abc0016079,2022-07-01 06:14:32.388+00,,-4.36,real
abc0016086,2022-06-28 17:53:27.259+00,,0.5,real
abc0015043,2023-04-05 00:07:24.676+00,,-534.7174000000001,real
abc0016088,2022-06-28 19:59:26.47+00,,0.0,real
abc0014867,2023-02-10 05:47:28.136+00,,56.42599999999999,test
abc0016086,2022-06-29 02:55:27.751+00,,0.0,test
abc0015049,2022-06-29 12:59:03.36+00,,0.0,real
abc0015027,2022-07-20 09:37:13.838+00,,0.0,real
abc0016101,2022-06-29 14:50:07.039+00,,6.0,real
abc0016107,2022-11-13 12:44:25.985+00,,495.3061000000001,real
abc0016113,2022-06-29 15:23:27.105+00,,0.0,real
abc0014961,2022-10-26 00:05:47.01+00,,143.63,real
abc0016108,2022-06-30 02:56:44.374+00,,0.0,real
abc0016108,2022-06-30 02:56:44.84+00,,0.0,test
abc0016115,2022-06-30 02:56:49.668+00,,0.0,test
abc0016101,2022-08-06 08:30:59.539+00,,437.57,test
abc0012329,2024-03-23 08:45:28.148+00,,-109628384.44500002,real
abc0016158,2022-06-30 20:58:07.707+00,,0.0,real
abc0010672,2022-07-01 01:57:23.811+00,,0.0,real
abc0012329,2022-07-01 02:17:12.035+00,,0.0,test
abc0014714,2022-07-01 02:45:34.432+00,,0.0,test
abc0016160,2022-07-01 02:50:23.954+00,,0.0,test
abc0012835,2023-06-06 00:07:09.573+00,,-213907.9018,real
abc0012909,2023-08-16 00:07:57.992+00,,0.9500000000000002,real
abc0016164,2024-03-23 08:45:30.59+00,,-1740111.4859,real
abc0016187,2022-07-02 02:52:07.713+00,,0.0,test
abc0016189,2022-10-21 01:54:00.256+00,,46.49000000000001,real
abc0016200,2022-07-03 02:57:35.126+00,,0.0,test
abc0016215,2022-07-03 19:41:29.684+00,,2.0,test
abc0016217,2022-07-03 19:58:09.68+00,,0.0,real
abc0016219,2022-07-03 21:58:10.587+00,,0.0,real
abc0010222,2022-07-04 01:38:54.227+00,,0.0,real
abc0016208,2022-07-04 02:30:37.106+00,,0.0,real
abc0016214,2022-07-04 02:30:40.492+00,,0.0,real
abc0016215,2022-07-04 02:30:41.62+00,,0.0,real
abc0016217,2022-07-04 02:30:43.544+00,,0.0,test
abc0016219,2022-07-04 02:30:45.482+00,,0.0,test
abc0016228,2022-07-04 08:50:00.745+00,,-315.48,test
abc0016102,2022-07-04 13:57:57.351+00,,0.0,real
abc0016235,2022-07-04 14:00:35.788+00,,0.0,real
abc0014960,2022-07-04 17:57:10.029+00,,298.42,test
abc0016239,2022-07-04 20:58:00.954+00,,0.0,real
abc0016167,2022-07-05 02:49:47.437+00,,0.0,test
abc0016227,2022-07-05 02:50:28.497+00,,0.0,test
abc0016240,2022-07-05 02:50:38.709+00,,0.0,real
abc0016249,2022-07-05 04:00:45.704+00,,0.0,real
abc0008809,2022-07-05 08:57:59.603+00,,0.0,real
abc0016247,2022-07-07 02:47:44.815+00,,-25043.8,real
abc0016248,2022-07-06 02:46:56.325+00,,0.0,test
abc0016260,2023-11-30 00:10:57.114+00,,-89.61,real
abc0016274,2022-07-06 05:59:23.193+00,,0.0,real
abc0016262,2022-11-24 15:02:43.654+00,,13.0547,real
abc0011316,2022-12-01 11:45:05.759+00,,-7.0,real
abc0016289,2022-07-06 11:58:07.931+00,,0.0,real
abc0016229,2022-07-13 09:22:53.419+00,,0.0,real
abc0016299,2022-07-07 02:48:18.389+00,,0.0,test
abc0016311,2022-07-08 02:53:59.002+00,,0.0,real
abc0016311,2022-07-08 02:53:59.455+00,,0.0,test
abc0016166,2022-07-12 07:20:54.025+00,,-1.2999999999999998,real
abc0013944,2024-03-15 08:58:04.952+00,,-4479.6723,real
abc0016325,2022-07-09 02:50:07.44+00,,0.0,test
abc0016331,2022-07-09 02:50:12.346+00,,0.0,test
abc0016340,2022-07-18 01:42:47.125+00,,-1.2599999999999998,real
abc0016341,2022-07-14 18:56:51.036+00,,-0.010000000000000009,real
abc0016345,2022-07-12 06:44:29.475+00,,-1700.0,real
abc0016337,2022-08-31 13:40:02.698+00,,3240.0,test
abc0016348,2022-07-10 02:58:58.139+00,,0.0,test
abc0016357,2022-09-13 06:56:24.405+00,,-11.21,test
abc0016369,2022-07-10 19:57:50.373+00,,0.0,real
abc0016370,2022-07-11 03:00:19.2+00,,61.0,test
abc0016249,2022-07-11 02:58:53.552+00,,0.0,test
abc0016371,2022-07-11 03:00:20.069+00,,0.0,real
abc0016377,2022-07-11 03:00:23.389+00,,0.0,real
abc0016371,2022-07-11 04:04:49.826+00,,20.0,test
abc0016382,2022-07-11 07:58:14.674+00,,0.0,real
abc0016380,2022-07-11 15:34:21.626+00,,1.0,test
abc0016395,2022-09-28 10:38:55.704+00,,-2.76,real
abc0016396,2022-08-21 13:19:40.301+00,,45.0,test
abc0016403,2022-07-11 20:58:13.223+00,,0.0,real
abc0016405,2022-07-11 23:01:16.123+00,,0.0,real
abc0014860,2022-07-11 23:57:41.152+00,,0.0,real
abc0010830,2022-07-12 01:56:30.584+00,,0.0,real
abc0014860,2022-07-12 02:44:01.252+00,,0.0,test
abc0015027,2022-07-12 02:45:54.144+00,,0.0,test
abc0016380,2022-07-12 02:49:42.842+00,,0.0,real
abc0016405,2022-07-12 02:50:02.179+00,,0.0,test
abc0016401,2022-07-12 08:19:58.521+00,,0.0,real
abc0016245,2022-07-12 12:58:09.96+00,,0.0,real
abc0016425,2022-07-12 15:00:49.34+00,,0.0,real
abc0016434,2022-07-12 22:58:57.976+00,,0.0,real
abc0016404,2022-07-13 02:53:04.108+00,,29.0,real
abc0016392,2022-09-19 12:59:55.207+00,,241.66,test
abc0016425,2022-07-13 02:53:14.134+00,,0.0,test
abc0016437,2022-07-20 11:12:00.684+00,,0.0,real
abc0013109,2024-03-23 08:43:25.892+00,,-1465809.2351,real
abc0009255,2023-07-28 00:05:42.342+00,,-899.8292999999999,real
abc0004537,2022-07-14 00:43:37.289+00,,0.0,test
abc0016379,2022-07-18 08:09:24.882+00,,24.0,test
abc0016449,2022-07-14 02:54:14.989+00,,0.0,test
abc0016460,2022-10-25 12:14:55.222+00,,13.599999999999998,real
abc0016469,2022-07-14 17:58:26.11+00,,0.0,real
abc0012835,2022-07-15 02:33:38.509+00,,0.0,test
abc0016484,2022-07-18 01:42:47.183+00,,58.0,real
abc0013058,2022-07-18 05:11:58.284+00,,-5000.0,real
abc0016488,2022-07-15 06:58:28.226+00,,0.0,real
abc0014979,2022-07-19 18:33:04.865+00,,181.41,test
abc0016514,2022-07-18 01:42:46.946+00,,5.0,real
abc0013683,2022-09-01 03:00:21.355+00,,-2550.0,real
abc0016102,2022-07-16 02:59:18.515+00,,0.0,test
abc0016365,2022-07-16 03:02:21.489+00,,0.0,real
abc0016466,2022-07-16 03:03:31.926+00,,0.0,real
abc0016475,2022-07-16 03:03:39.513+00,,0.0,real
abc0016476,2022-07-16 06:59:16.395+00,,0.0,real
abc0016527,2022-07-16 20:58:20.63+00,,0.0,real
abc0016527,2022-07-17 03:02:01.805+00,,0.0,test
abc0016529,2022-07-17 03:02:03.697+00,,0.0,test
abc0016537,2022-07-17 03:58:23.982+00,,0.0,real
abc0016546,2022-07-17 17:58:39.682+00,,0.0,real
abc0016424,2022-07-18 02:55:48.6+00,,0.0,real
abc0016424,2022-07-18 02:55:49.055+00,,0.0,test
abc0016500,2022-07-18 11:37:46.475+00,,0.0,real
abc0016557,2022-07-18 11:37:47.29+00,,0.0,test
abc0016560,2022-07-18 11:37:47.35+00,,0.0,real
abc0016555,2022-07-18 19:59:04.365+00,,0.0,real
abc0016570,2022-07-18 20:00:10.315+00,,0.0,real
abc0016466,2022-07-19 03:08:33.908+00,,0.0,test
abc0016569,2022-07-19 03:09:49.261+00,,0.0,test
abc0016585,2022-07-19 09:54:29.856+00,,0.0,real
abc0016406,2022-07-20 17:04:44.506+00,,22.060000000000002,test
abc0014670,2022-07-19 11:07:58.354+00,,12.19,test
abc0014839,2022-07-19 11:41:37.457+00,,154.02,real
abc0016406,2022-07-19 11:54:51.339+00,,0.0,real
abc0016567,2022-07-19 13:49:38.765+00,,-1.0,real
abc0016597,2022-07-19 15:54:51.893+00,,0.0,real
abc0016569,2022-07-19 19:54:39.354+00,,0.0,real
abc0016605,2022-07-19 21:54:47.578+00,,0.0,real
abc0016585,2022-07-20 00:05:30.525+00,,0.0,test
abc0016588,2022-07-20 00:05:30.586+00,,0.0,test
abc0016588,2022-07-20 00:05:30.595+00,,0.0,real
abc0016621,2022-07-20 13:54:27.92+00,,0.0,real
abc0016624,2022-07-20 14:54:42.188+00,,0.0,real
abc0016418,2022-07-21 00:05:30.238+00,,0.0,test
abc0016593,2022-07-21 00:05:33.153+00,,0.0,test
abc0016304,2022-08-04 08:38:40.644+00,,0.65,real
abc0016633,2024-03-23 05:09:05.915+00,,-310838.7125,real
abc0016455,2022-07-21 02:54:21.833+00,,0.0,real
abc0016634,2022-07-21 03:54:39.716+00,,0.0,real
abc0013942,2024-01-25 07:13:33.803+00,,-2299.2594000000004,real
abc0015054,2022-07-21 17:54:24.233+00,,0.0,real
abc0016635,2022-07-22 00:05:38.024+00,,0.0,real
abc0016643,2022-07-22 00:05:38.194+00,,0.0,test
abc0016660,2022-07-22 00:54:50.317+00,,0.0,real
abc0016604,2024-03-20 13:21:49.236+00,,-141644449.51199996,real
abc0016662,2024-03-12 00:12:40.858+00,,-3677317.7119000005,real
abc0016590,2022-08-12 00:05:40.787+00,,-1028.62,real
abc0016678,2022-07-22 17:54:54.982+00,,0.0,real
abc0016471,2022-10-26 14:25:27.416+00,,-2007.29,real
abc0014701,2022-07-23 00:05:34.873+00,,0.0,real
abc0016623,2022-07-23 00:05:50.215+00,,0.0,real
abc0016661,2022-07-23 00:05:50.728+00,,0.0,test
abc0016665,2022-07-23 00:05:50.812+00,,0.0,test
abc0016665,2022-07-23 00:05:50.828+00,,0.0,real
abc0016677,2022-07-23 00:05:51.06+00,,0.0,test
abc0016577,2022-07-24 00:05:37.955+00,,0.0,real
abc0016689,2022-07-24 00:05:39.76+00,,0.0,real
abc0016690,2022-07-24 00:05:39.789+00,,0.0,real
abc0016701,2022-07-27 22:03:50.126+00,,1800.94,test
abc0016701,2022-07-30 03:14:32.911+00,,2.2,real
abc0016717,2022-07-24 10:54:21.389+00,,0.0,real
abc0014283,2022-07-25 00:05:19.502+00,,0.0,test
abc0016724,2022-07-25 00:05:43.537+00,,0.0,test
abc0016304,2023-08-30 16:00:10.396+00,,7995.9499000000005,test
abc0016337,2023-06-21 06:13:16.007+00,,536.0691,real
abc0016663,2022-07-26 00:05:53.314+00,,0.0,real
abc0016716,2022-07-26 00:05:54.183+00,,0.0,real
abc0016726,2022-07-26 00:05:54.359+00,,0.0,test
abc0016730,2022-07-28 04:25:23.94+00,,28.0,real
abc0016591,2022-07-27 00:05:50.172+00,,0.0,test
abc0016469,2022-08-13 13:17:27.601+00,,31.17,test
abc0016844,2022-07-27 15:54:55.52+00,,0.0,real
abc0013760,2022-09-14 10:50:53.455+00,,1054.0,real
abc0016848,2022-07-28 15:17:43.923+00,,132.71,real
abc0016851,2022-07-27 20:54:56.022+00,,0.0,real
abc0016843,2022-07-28 00:05:48.536+00,,0.0,real
abc0016853,2022-07-28 01:34:31.942+00,,387.94,test
abc0016853,2022-07-28 01:44:55.51+00,,1.0,real
abc0016418,2024-01-10 02:07:56.971+00,,-5128816.1619,real
abc0016808,2022-10-12 07:07:13.237+00,,52.19,real
abc0014815,2022-09-22 00:05:47.008+00,,-3567.48,real
abc0016863,2022-07-28 11:54:24.816+00,,0.0,real
abc0016874,2022-07-28 17:06:44.047+00,,0.0,real
abc0016878,2022-07-29 01:12:45.837+00,,-3.62,real
abc0013693,2022-07-29 00:05:08.363+00,,0.0,real
abc0014815,2022-07-29 00:05:28.528+00,,0.0,test
abc0014951,2022-07-29 00:05:30.864+00,,0.0,test
abc0016236,2022-07-29 00:05:35.222+00,,0.0,test
abc0016662,2022-07-29 00:05:42.268+00,,0.0,test
abc0016876,2022-07-29 00:05:44.665+00,,0.0,test
abc0016892,2022-08-02 15:02:43.324+00,,0.27,real
abc0016860,2022-07-29 08:54:53.334+00,,0.0,real
abc0016908,2022-07-29 21:54:50.933+00,,0.0,real
abc0016775,2022-07-30 00:05:55.646+00,,0.0,real
abc0016859,2022-07-30 00:05:56.165+00,,0.0,real
abc0016860,2022-07-30 00:05:56.191+00,,0.0,test
abc0016901,2022-07-30 00:05:56.777+00,,0.0,test
abc0014715,2022-07-30 03:54:27.049+00,,0.0,real
abc0016914,2022-07-30 12:01:33.117+00,,-2.0,real
abc0016467,2022-07-31 00:05:43.923+00,,0.0,test
abc0016892,2022-07-31 00:05:49.764+00,,0.0,test
abc0016913,2022-07-31 00:05:50.115+00,,0.0,real
abc0016918,2022-07-31 00:05:50.229+00,,0.0,test
abc0016934,2022-08-09 15:07:35.911+00,,0.99,real
abc0016930,2022-08-01 00:05:55.743+00,,0.0,test
abc0016930,2022-08-01 00:05:55.756+00,,0.0,real
abc0016940,2022-08-05 05:03:52.435+00,,-24.989999999999995,test
abc0016947,2022-08-01 16:03:13.1+00,,-7.26,test
abc0008778,2022-08-02 00:03:52.816+00,,0.0,real
abc0014549,2022-08-02 00:05:40.447+00,,0.0,test
abc0016683,2024-03-22 00:10:24.175+00,,-186908.2456,real
abc0016942,2022-08-02 00:06:03.111+00,,0.0,test
abc0016964,2022-08-02 06:54:23.926+00,,0.0,real
abc0016964,2022-08-02 11:05:41.768+00,,10.0,test
abc0016944,2022-09-22 15:40:17.315+00,,-1011.13,real
abc0014623,2022-08-18 11:04:16.551+00,,1006.93,test
abc0016977,2022-08-03 00:05:41.5+00,,0.0,real
abc0016984,2022-08-03 00:05:41.677+00,,0.0,real
abc0014189,2022-09-27 00:05:32.454+00,,987.9399999999999,test
abc0016285,2022-11-09 16:22:27.16+00,,24.790000000000003,test
abc0016982,2022-08-04 00:05:38.31+00,,0.0,real
abc0016994,2022-08-05 02:34:41.207+00,,1122.08,test
abc0014549,2022-08-04 15:54:51.045+00,,0.0,real
abc0005000,2022-08-05 00:02:39.082+00,,0.0,real
abc0016419,2022-08-05 00:05:52.324+00,,0.0,test
abc0017018,2022-08-05 00:06:00.735+00,,0.0,test
abc0014623,2022-10-13 06:14:37.416+00,,9.0,real
abc0017041,2022-08-06 00:06:07.797+00,,0.0,test
abc0017057,2022-08-06 00:06:07.994+00,,0.0,test
abc0017083,2022-08-07 13:54:50.735+00,,0.0,real
abc0016695,2022-08-08 00:05:35.537+00,,0.0,real
abc0017057,2022-08-08 00:05:40.247+00,,0.0,real
abc0017093,2022-08-08 06:54:23.109+00,,0.0,real
abc0016994,2022-08-16 00:06:02.328+00,,-1054.41,real
abc0017047,2022-08-09 03:52:27.299+00,,1812.92,test
abc0017047,2023-02-20 12:40:05.325+00,,-18457.088,real
abc0016967,2024-02-28 08:08:29.432+00,,1428.4753000000005,test
abc0017100,2022-08-09 00:05:44.975+00,,0.0,real
abc0016715,2024-03-19 00:33:00.546+00,,-340422.98,real
abc0017129,2022-08-12 23:54:34.156+00,,0.0,real
abc0014518,2022-08-15 03:25:55.951+00,,-5.83,test
abc0016289,2022-08-11 07:14:01.584+00,,10.0,test
abc0016679,2022-08-10 00:05:40.085+00,,0.0,real
abc0017114,2022-08-10 00:05:45.752+00,,0.0,real
abc0017118,2022-08-10 00:05:45.821+00,,0.0,test
abc0017120,2022-08-10 00:05:45.863+00,,0.0,test
abc0017129,2022-08-10 00:05:46.012+00,,0.0,test
abc0017132,2022-08-10 00:05:46.08+00,,0.0,real
abc0013957,2022-08-30 10:45:33.593+00,,-7.43,real
abc0009076,2022-08-10 06:31:12.037+00,,22.23,real
abc0017096,2022-09-22 02:03:28.875+00,,-50000.0,real
abc0016467,2022-08-29 01:13:36.865+00,,6.0,real
abc0013957,2022-08-12 12:55:10.917+00,,387.04,test
abc0016902,2024-03-04 02:41:38.558+00,,-11340.631899999998,real
abc0017146,2022-08-10 15:54:49.883+00,,0.0,real
abc0016615,2022-08-11 00:05:38.328+00,,0.0,real
abc0017138,2022-08-11 00:05:45.352+00,,0.0,test
abc0017147,2022-08-11 00:05:45.493+00,,0.0,test
abc0017148,2022-08-11 00:05:45.519+00,,0.0,real
abc0017158,2022-08-12 00:05:48.702+00,,0.0,test
abc0017154,2022-08-16 03:28:56.36+00,,259.97,test
abc0014161,2024-03-22 12:04:23.545+00,,-176729.46000000002,real
abc0017192,2024-03-23 00:14:12.73+00,,-662151.6923,real
abc0014189,2024-03-09 00:11:24.483+00,,-1115900.3792999997,real
abc0016607,2022-08-13 00:05:52.556+00,,0.0,real
abc0016966,2024-03-04 07:22:38.57+00,,1395.375,test
abc0017181,2022-08-13 00:06:00.431+00,,0.0,real
abc0017206,2022-08-13 00:06:00.813+00,,0.0,test
abc0017209,2022-08-13 00:06:00.871+00,,0.0,real
abc0017158,2022-08-14 00:05:49.648+00,,0.0,real
abc0017241,2023-07-14 00:09:33.199+00,,82.0751,test
abc0016995,2022-08-15 07:04:36.796+00,,52.72,real
abc0017273,2022-08-17 00:05:48.738+00,,20.509999999999998,real
abc0017270,2022-08-15 23:54:25.415+00,,0.0,real
abc0017286,2022-12-07 05:00:11.857+00,,-0.6300000000000008,test
abc0016967,2022-11-28 00:18:01.63+00,,-2.1004000000000005,real
abc0013047,2023-01-19 00:48:53.21+00,,0.992,real
abc0017292,2022-11-21 00:09:07.157+00,,2274.5863999999997,real
abc0017064,2024-03-20 13:34:21.882+00,,-2504.998,real
abc0013047,2022-08-17 00:04:55.441+00,,0.0,test
abc0014406,2024-03-23 00:12:48.233+00,,-10558058.2556,real
abc0014979,2023-02-26 07:15:22.582+00,,-1041.8262,real
abc0016990,2022-08-17 00:05:44.509+00,,0.0,real
abc0016990,2023-11-15 07:26:18.726+00,,2258.4171,test
abc0017310,2022-08-17 00:05:49.283+00,,0.0,test
abc0017207,2022-08-18 00:05:39.094+00,,0.0,test
abc0017246,2022-08-18 00:05:39.597+00,,0.0,test
abc0017346,2022-08-18 03:56:58.615+00,,0.2,real
abc0017157,2022-08-18 04:48:56.393+00,,7.23,test
abc0016749,2022-10-13 08:50:23.597+00,,241.75,test
abc0017344,2022-08-18 08:54:56.297+00,,0.0,real
abc0016474,2022-08-18 10:55:33.786+00,,0.0,real
abc0017356,2022-08-18 12:54:43.039+00,,0.0,real
abc0012187,2024-03-23 06:19:36.939+00,,-120825.2087,real
abc0017322,2023-10-27 11:13:06.062+00,,-39307.83,real
abc0017359,2022-08-18 14:54:26.176+00,,0.0,real
abc0016966,2022-08-18 15:54:41.059+00,,0.0,real
abc0017212,2022-09-27 08:45:04.242+00,,-7359.93,real
abc0017362,2022-08-25 21:53:38.095+00,,0.0,real
abc0017363,2022-08-20 19:38:32.522+00,,0.0,real
abc0016474,2022-08-19 00:05:47.686+00,,0.0,test
abc0017212,2022-08-19 00:05:58.667+00,,0.0,test
abc0017241,2022-08-19 00:05:59.061+00,,0.0,real
abc0017282,2022-08-19 00:05:59.685+00,,0.0,real
abc0017311,2022-08-19 00:06:00.241+00,,0.0,real
abc0017346,2022-08-19 00:06:00.765+00,,0.0,test
abc0017353,2022-08-19 00:06:00.882+00,,0.0,real
abc0017360,2022-08-19 00:06:01.025+00,,0.0,test
abc0017362,2022-08-19 10:44:13.057+00,,36.0,test
abc0017256,2023-08-31 03:07:21.399+00,,-32.1896,real
abc0017379,2022-11-18 06:49:35.496+00,,54.704,real
abc0014518,2024-03-15 00:12:03.638+00,,-127383.2652,real
abc0017154,2024-03-21 04:12:37.531+00,,-39284.9816,real
abc0017389,2022-08-19 22:54:32.105+00,,0.0,real
abc0016749,2022-08-20 00:06:00.383+00,,0.0,real
abc0017377,2022-08-20 00:06:09.925+00,,0.0,test
abc0017383,2022-08-20 00:06:10.063+00,,0.0,real
abc0017383,2022-08-20 00:06:10.073+00,,0.0,test
abc0017369,2022-08-20 12:54:57.16+00,,0.0,real
abc0016762,2023-10-08 23:35:17.941+00,,-859.8301,real
abc0016396,2022-08-21 00:05:35.52+00,,0.0,real
abc0017394,2022-08-21 00:05:50.036+00,,0.0,real
abc0017396,2022-08-21 00:05:50.081+00,,0.0,test
abc0017404,2022-08-21 00:05:50.232+00,,0.0,real
abc0017403,2022-08-29 09:04:35.187+00,,0.0,real
abc0017395,2022-08-21 09:54:29.108+00,,0.0,real
abc0017428,2022-08-23 15:47:04.208+00,,738.58,test
abc0017424,2022-08-22 00:05:56.259+00,,0.0,test
abc0017357,2022-08-22 06:54:38.736+00,,0.0,real
abc0017435,2022-08-22 08:46:48.09+00,,0.0,real
abc0016663,2022-09-02 00:06:07.299+00,,59.07,test
abc0017351,2022-08-25 02:40:21.799+00,,6.0,test
abc0017440,2022-08-23 00:05:52.946+00,,0.0,test
abc0017348,2022-08-23 07:54:42.566+00,,0.0,real
abc0017463,2022-08-23 11:39:38.981+00,,10.0,real
abc0017348,2022-09-08 08:27:22.712+00,,3779.3700000000003,test
abc0017428,2022-08-24 00:06:05.614+00,,0.0,real
abc0017466,2022-08-24 00:06:06.188+00,,0.0,test
abc0017483,2022-08-24 00:06:06.369+00,,0.0,test
abc0017261,2022-08-24 03:11:50.803+00,,1.0,test
abc0017510,2022-08-24 10:55:20.644+00,,0.0,real
abc0013872,2023-04-25 00:07:10.179+00,,-3593.8338,real
abc0017518,2022-08-24 16:54:49.341+00,,0.0,real
abc0017522,2022-08-24 18:54:54.976+00,,0.0,real
abc0017528,2023-05-05 05:51:29.123+00,,-3923.1014,real
abc0017204,2022-08-24 20:54:47.052+00,,0.0,real
abc0017261,2022-08-25 00:06:23.42+00,,0.0,real
abc0017297,2022-08-25 00:06:23.999+00,,0.0,real
abc0017496,2022-08-25 00:06:26.992+00,,0.0,test
abc0017497,2022-08-25 00:06:27.027+00,,0.0,test
abc0017497,2022-08-25 00:06:27.037+00,,0.0,real
abc0017505,2022-08-25 00:06:27.198+00,,0.0,real
abc0017510,2022-08-25 00:06:27.297+00,,0.0,test
abc0017520,2022-08-25 00:06:27.466+00,,0.0,test
abc0017521,2022-08-25 00:06:27.494+00,,0.0,test
abc0017436,2022-09-01 01:17:34.899+00,,-25000.0,real
abc0017545,2022-08-25 09:54:48.901+00,,0.0,real
abc0017547,2022-08-25 10:54:55.705+00,,0.0,real
abc0017458,2022-08-25 15:23:10.08+00,,35.99,test
abc0017498,2022-08-25 17:55:04.988+00,,0.0,real
abc0017515,2022-08-26 00:06:09.554+00,,0.0,real
abc0017540,2022-08-27 14:15:25.303+00,,-43.520000000000095,test
abc0017555,2022-08-26 00:06:10.228+00,,0.0,real
abc0017561,2022-08-26 00:06:10.325+00,,0.0,real
abc0017546,2022-08-26 00:54:43.986+00,,0.0,real
abc0017546,2022-09-05 01:19:52.797+00,,-5.690000000000005,test
abc0016287,2022-11-02 08:47:30.427+00,,422.1764,test
abc0017249,2023-09-11 19:38:31.701+00,,-60410.630000000005,real
abc0017566,2022-08-26 09:54:36.766+00,,0.0,real
abc0014392,2022-08-27 00:05:43.224+00,,0.0,real
abc0017249,2022-08-27 00:06:14.368+00,,0.0,test
abc0017257,2022-09-02 11:44:55.698+00,,-1.5,real
abc0017390,2022-08-27 00:06:16.76+00,,0.0,test
abc0017565,2022-08-27 00:06:19.509+00,,0.0,test
abc0017570,2022-08-27 00:06:19.612+00,,0.0,real
abc0017520,2022-08-27 07:54:23.18+00,,0.0,real
abc0016379,2022-08-28 00:06:03.694+00,,0.0,real
abc0017613,2022-08-28 00:06:23.197+00,,0.0,real
abc0017631,2022-08-28 00:06:23.496+00,,0.0,test
abc0017640,2022-08-28 06:54:32.181+00,,0.0,real
abc0017196,2022-09-23 00:06:07.607+00,,-747.0,real
abc0017195,2024-03-22 14:15:12.188+00,,-7008037.92,real
abc0017433,2022-09-02 02:34:32.519+00,,103.22,test
abc0013751,2024-03-23 08:47:27.419+00,,-2741319.7135999994,real
abc0017704,2022-08-29 19:54:24.003+00,,0.0,real
abc0017156,2022-08-30 00:06:36.247+00,,0.0,real
abc0017513,2022-08-30 00:06:41.982+00,,0.0,test
abc0017578,2024-02-29 00:29:54.361+00,,-505930.95,real
abc0017692,2022-08-30 00:06:44.817+00,,0.0,real
abc0017711,2022-08-30 01:20:26.809+00,,0.0,real
abc0017716,2022-08-30 06:55:07.9+00,,0.0,real
abc0017434,2022-08-30 08:54:36.334+00,,0.0,real
abc0017723,2022-08-30 13:53:20.061+00,,10.0,test
abc0017269,2022-08-30 19:54:46.825+00,,0.0,real
abc0017755,2022-08-30 21:55:27.479+00,,0.0,real
abc0017757,2022-08-30 23:39:38.392+00,,1.0,real
abc0017390,2023-01-29 22:07:50.372+00,,10.736,real
abc0017718,2022-08-31 00:06:02.16+00,,0.0,test
abc0017723,2022-08-31 00:06:02.375+00,,0.0,real
abc0017729,2022-08-31 00:06:02.529+00,,0.0,real
abc0017729,2022-08-31 00:06:02.553+00,,0.0,test
abc0017434,2022-09-12 03:29:13.384+00,,46.15,test
abc0012450,2022-08-31 05:54:41.025+00,,0.0,real
abc0017767,2022-08-31 08:14:29.513+00,,0.48,test
abc0017257,2022-09-27 00:06:09.581+00,,108.03999999999999,test
abc0016288,2022-10-18 16:16:14.04+00,,-4.72,real
abc0017560,2022-09-01 00:06:05.207+00,,0.0,real
abc0017749,2022-09-01 00:06:08.16+00,,0.0,test
abc0017754,2022-09-01 00:06:08.248+00,,0.0,real
abc0017760,2022-09-01 00:06:08.366+00,,0.0,real
abc0017762,2022-09-01 00:06:08.421+00,,0.0,test
abc0017765,2022-09-01 00:06:08.499+00,,0.0,real
abc0017778,2022-09-01 00:06:08.688+00,,0.0,test
abc0017749,2023-01-25 23:27:31.003+00,,412.12,real
abc0014951,2022-09-01 15:54:59.404+00,,0.0,real
abc0012599,2022-09-02 00:05:10.35+00,,0.0,real
abc0017710,2022-09-02 00:06:23.784+00,,0.0,real
abc0017799,2022-09-02 00:06:25.304+00,,0.0,test
abc0017819,2022-09-02 02:48:26.866+00,,5.0,test
abc0017507,2022-09-02 02:39:36.155+00,,11.0,real
abc0016482,2022-09-14 04:29:54.193+00,,7.499999999999997,test
abc0012450,2022-11-10 00:06:51.818+00,,50.65100000000002,test
abc0017830,2023-01-25 14:39:39.997+00,,-50.459700000000005,real
abc0017837,2022-09-02 12:55:04.591+00,,0.0,real
abc0017848,2022-09-02 15:54:46.785+00,,0.0,real
abc0017815,2022-09-09 02:57:03.385+00,,-1001.0,real
abc0017853,2022-09-02 20:55:01.947+00,,0.0,real
abc0017855,2022-09-02 21:54:59.741+00,,0.0,real
abc0016482,2022-09-03 00:05:44.582+00,,0.0,real
abc0017351,2022-09-03 00:05:57.484+00,,0.0,real
abc0017483,2022-09-03 00:05:59.479+00,,0.0,real
abc0017507,2022-09-03 00:05:59.849+00,,0.0,test
abc0017791,2022-09-03 00:06:05.137+00,,0.0,real
abc0017841,2022-09-03 00:06:05.939+00,,0.0,test
abc0017850,2022-09-03 00:06:06.064+00,,0.0,test
abc0017865,2022-09-04 00:06:05.711+00,,0.0,test
abc0017866,2022-09-04 00:06:05.746+00,,0.0,real
abc0017869,2022-09-04 00:06:05.818+00,,0.0,real
abc0017871,2022-09-04 00:06:05.883+00,,0.0,real
abc0017904,2022-09-04 13:54:47.312+00,,0.0,real
abc0017910,2022-09-04 17:54:35.38+00,,0.0,real
abc0017819,2022-09-04 20:54:27.489+00,,0.0,real
abc0017907,2022-09-05 00:06:07.201+00,,0.0,real
abc0017910,2022-09-05 00:06:07.249+00,,0.0,test
abc0017813,2022-09-06 00:06:02.384+00,,0.0,real
abc0017924,2022-09-06 00:06:04.505+00,,0.0,test
abc0017941,2024-03-23 00:14:46.829+00,,1768.6948000000002,test
abc0017240,2022-09-06 02:10:10.24+00,,8.0,test
abc0017955,2022-09-06 01:54:44.906+00,,0.0,real
abc0017980,2022-09-06 16:48:51.178+00,,214.32,test
abc0017980,2022-09-06 17:54:43.808+00,,0.0,real
abc0017092,2022-09-30 03:25:32.289+00,,-58.89,real
abc0017949,2022-09-07 00:06:05.099+00,,0.0,real
abc0017956,2022-09-07 00:06:05.204+00,,0.0,test
abc0017977,2022-09-07 00:06:05.511+00,,0.0,real
abc0018007,2022-09-07 09:54:49.516+00,,0.0,real
abc0018020,2022-09-07 15:33:42.44+00,,332.32,test
abc0018000,2022-09-08 00:06:10.351+00,,0.0,real
abc0018008,2022-09-08 00:06:10.489+00,,0.0,real
abc0018022,2022-09-08 00:06:10.713+00,,0.0,test
abc0018029,2022-09-08 00:06:10.828+00,,0.0,test
abc0018031,2022-09-08 01:54:47.175+00,,0.0,real
abc0017957,2022-09-08 04:54:34.047+00,,0.0,real
abc0018050,2022-09-08 11:54:24.344+00,,0.0,real
abc0017691,2022-09-10 00:06:06.379+00,,18.990000000000002,test
abc0016603,2023-12-13 08:25:53.887+00,,50.992,real
abc0017957,2022-09-09 00:06:06.932+00,,0.0,test
abc0018031,2022-09-09 00:06:08.087+00,,0.0,test
abc0018050,2023-07-26 14:27:09.375+00,,225.5729,test
abc0018063,2022-09-09 00:06:08.497+00,,0.0,test
abc0016288,2022-11-04 00:08:18.297+00,,301.64200000000017,test
abc0018087,2022-09-09 20:15:19.642+00,,0.0,real
abc0017186,2023-11-01 21:18:34.304+00,,-1662.011,real
abc0018015,2023-03-11 20:03:56.144+00,,-1648.5276,real
abc0018072,2022-09-10 00:06:12.653+00,,0.0,real
abc0018081,2022-09-10 00:06:12.812+00,,0.0,real
abc0017785,2022-09-11 00:06:11.265+00,,0.0,real
abc0017751,2023-06-29 00:09:23.901+00,,0.0,real
abc0018145,2022-09-12 00:06:12.653+00,,0.0,test
abc0018158,2022-09-12 09:23:18.006+00,,3.0,test
abc0014400,2024-03-23 00:12:47.827+00,,-2170466.4920999995,real
abc0018163,2022-09-12 16:54:41.782+00,,0.0,real
abc0018167,2022-09-12 17:54:37.284+00,,0.0,real
abc0017157,2022-09-13 00:05:55.936+00,,0.0,real
abc0017927,2022-09-16 04:52:34.406+00,,30.02,test
abc0017975,2023-02-22 00:10:05.745+00,,11.419199999999996,real
abc0018186,2022-10-21 04:10:32.97+00,,-1.9100000000000001,test
abc0018196,2022-09-17 00:36:08.708+00,,-2.0,real
abc0018101,2022-09-13 17:54:21.251+00,,0.0,real
abc0017683,2022-09-14 00:06:01.913+00,,0.0,test
abc0017683,2022-09-14 00:06:01.929+00,,0.0,real
abc0018164,2022-09-14 00:06:10.16+00,,0.0,test
abc0018209,2022-09-14 00:06:10.834+00,,0.0,real
abc0018182,2022-09-14 04:54:39.058+00,,0.0,real
abc0018180,2024-03-22 03:09:34.377+00,,-206460.54479999997,real
abc0017500,2024-02-23 00:12:34.528+00,,-7749169.095500001,real
abc0018195,2024-03-20 08:44:30.405+00,,464.45899999999995,real
abc0016443,2023-03-06 08:07:24.947+00,,136.12959999999998,test
abc0018017,2022-09-14 23:44:26.105+00,,0.1,real
abc0018214,2022-09-15 00:06:16.647+00,,0.0,test
abc0018232,2022-09-15 00:06:16.934+00,,0.0,test
abc0018241,2022-09-15 00:06:17.074+00,,0.0,test
abc0018249,2022-09-15 04:54:42.394+00,,0.0,real
abc0018017,2022-09-15 15:44:52.226+00,,9.29,test
abc0016254,2022-09-15 13:54:40.769+00,,0.0,real
abc0016173,2022-09-16 00:05:37.637+00,,0.0,real
abc0016173,2022-09-16 00:05:37.655+00,,0.0,test
abc0017927,2022-09-16 00:06:06.132+00,,0.0,real
abc0018186,2022-09-16 00:06:09.836+00,,0.0,real
abc0018261,2022-09-16 00:06:11.078+00,,0.0,test
abc0018269,2022-09-16 03:54:32.136+00,,0.0,real
abc0017155,2022-09-16 07:41:50.371+00,,7.1,test
abc0016255,2023-07-31 10:09:42.452+00,,-191257.31769999999,real
abc0017975,2023-10-12 04:29:30.074+00,,4416.410199999999,test
abc0018261,2022-09-16 12:54:48.837+00,,0.0,real
abc0016315,2023-05-03 02:40:00.427+00,,-1152.0681,real
abc0018301,2023-04-10 03:51:28.737+00,,49.5,real
abc0018090,2022-09-17 00:06:12.815+00,,0.0,real
abc0018270,2022-09-17 00:06:15.546+00,,0.0,real
abc0018286,2022-09-17 00:06:15.811+00,,0.0,test
abc0018304,2022-09-24 23:33:57.969+00,,0.5,real
abc0018305,2022-09-26 18:36:21.901+00,,-30.0,real
abc0017000,2022-09-19 00:05:55.666+00,,0.0,real
abc0018349,2022-09-19 00:06:17.629+00,,0.0,real
abc0017968,2024-02-19 01:09:54.499+00,,18075.5003,real
abc0017466,2024-03-21 01:42:39.903+00,,-2233450.6838,real
abc0018394,2022-09-23 05:37:08.426+00,,4.98,real
abc0017285,2022-09-20 00:06:10.177+00,,0.0,test
abc0018215,2024-02-13 17:26:22.91+00,,670.5018,test
abc0018370,2022-10-23 16:57:03.287+00,,3.98,real
abc0018380,2022-09-20 00:06:28.11+00,,0.0,real
abc0018384,2022-09-20 00:06:28.188+00,,0.0,test
abc0018388,2022-09-20 00:06:28.266+00,,0.0,test
abc0018389,2022-10-07 00:06:36.391+00,,-67.26,real
abc0018393,2022-09-20 00:06:28.384+00,,0.0,test
abc0014408,2024-03-23 05:50:54.872+00,,-167952.6056,real
abc0018407,2022-09-21 00:06:17.937+00,,0.0,test
abc0018408,2022-09-21 00:06:17.975+00,,0.0,real
abc0018428,2023-07-04 04:51:16.922+00,,1602.0268999999998,test
abc0018428,2022-12-01 00:08:59.833+00,,-476.79,real
abc0018435,2023-12-28 00:12:57.878+00,,-712.3647999999998,test
abc0018451,2022-12-08 08:44:19.035+00,,74.3375,test
abc0018421,2024-01-17 00:12:42.662+00,,-65.28509999999999,real
abc0018434,2022-09-22 00:06:30.593+00,,0.0,test
abc0018435,2023-12-12 06:35:47.283+00,,-83.07399999999998,real
abc0018444,2022-09-22 00:06:30.779+00,,0.0,test
abc0018454,2022-09-22 09:54:54.516+00,,0.0,real
abc0014415,2024-03-13 00:11:52.469+00,,-65047.84710000001,real
abc0014416,2024-03-22 23:37:26.499+00,,-152733.6873,real
abc0014422,2024-03-20 00:12:09.749+00,,-291654.36230000004,real
abc0016893,2024-03-23 00:13:57.62+00,,-123525.13519999999,real
abc0014420,2024-03-19 00:12:20.518+00,,-160081.589,real
abc0014421,2024-03-17 00:11:56.991+00,,-438493.0209,real
abc0014407,2024-03-23 08:55:14.743+00,,-9572647.8831,real
abc0018302,2022-09-23 00:06:25.781+00,,0.0,test
abc0018451,2022-09-23 00:06:28.318+00,,0.0,real
abc0017306,2022-09-23 02:54:36.216+00,,0.0,real
abc0014417,2024-03-20 00:12:09.285+00,,-66345.5038,real
abc0018523,2022-09-23 22:31:13.82+00,,0.0,real
abc0018488,2022-09-24 00:06:35.438+00,,0.0,test
abc0018501,2022-09-24 00:06:35.643+00,,0.0,real
abc0018503,2022-09-24 00:06:35.689+00,,0.0,test
abc0018519,2022-09-24 00:06:35.937+00,,0.0,real
abc0018550,2022-09-24 21:54:49.685+00,,0.0,real
abc0018012,2022-09-25 00:06:33.978+00,,0.0,real
abc0017374,2022-09-26 00:06:09.995+00,,0.0,real
abc0018380,2022-12-05 05:15:48.127+00,,110.0,test
abc0018274,2024-03-23 00:58:27.088+00,,-271931.21569999994,real
abc0018547,2022-09-27 00:06:31.596+00,,0.0,real
abc0018584,2022-09-27 00:06:32.144+00,,0.0,test
abc0018588,2022-09-27 00:06:32.244+00,,0.0,real
abc0018589,2022-11-28 15:35:58.592+00,,0.0,real
abc0018591,2022-09-27 00:06:32.33+00,,0.0,test
abc0018598,2022-09-27 02:54:22.731+00,,0.0,real
abc0018614,2022-09-27 13:57:27.386+00,,29.93,real
abc0018629,2022-09-27 22:54:35.126+00,,0.0,real
abc0018598,2022-09-28 00:06:25.357+00,,0.0,test
abc0018613,2022-09-28 00:06:25.63+00,,0.0,test
abc0018616,2022-09-28 00:06:25.706+00,,0.0,real
abc0018616,2022-09-28 00:06:25.715+00,,0.0,test
abc0018626,2022-09-28 00:06:25.893+00,,0.0,real
abc0017734,2024-03-22 21:38:02.178+00,,-2355596.4523,real
abc0018643,2022-09-28 11:54:58.808+00,,0.0,real
abc0017705,2022-09-28 20:54:44.367+00,,0.0,real
abc0018679,2022-09-28 23:54:22.04+00,,0.0,real
abc0017734,2023-01-25 16:46:55.797+00,,27.72,test
abc0018434,2022-09-29 00:06:26.745+00,,0.0,real
abc0018643,2022-09-29 00:06:30.257+00,,0.0,test
abc0018422,2023-07-04 04:05:42.574+00,,-2309.238,real
abc0017256,2023-08-16 00:09:55.88+00,,-608.1600000000001,test
abc0018642,2022-10-08 10:06:10.173+00,,1.66,real
abc0012720,2022-12-15 10:59:26.665+00,,39.6868,real
abc0018560,2022-09-29 13:55:23.229+00,,0.0,real
abc0018697,2022-09-29 14:54:56.527+00,,0.0,real
abc0018709,2022-09-29 23:55:24.035+00,,0.0,real
abc0018245,2022-09-30 00:06:32.597+00,,0.0,real
abc0018422,2022-09-30 00:06:35.835+00,,0.0,test
abc0018639,2022-09-30 00:06:39.697+00,,0.0,real
abc0018707,2022-09-30 00:54:44.047+00,,0.0,real
abc0016257,2024-03-16 00:12:37.098+00,,-735879.2910000001,real
abc0018409,2022-09-30 04:55:00.798+00,,0.0,real
abc0018514,2023-01-12 00:09:45.328+00,,-12.5212,real
abc0018741,2022-09-30 17:54:31.333+00,,0.0,real
abc0010705,2022-10-01 00:04:31.275+00,,0.0,real
abc0016894,2024-03-23 03:01:03.937+00,,-402711.5194,real
abc0016896,2022-10-03 21:23:26.256+00,,-213.0,test
abc0018409,2022-10-01 00:07:00.358+00,,0.0,test
abc0018689,2022-10-28 07:05:58.265+00,,223.58999999999997,test
abc0018727,2023-01-08 02:09:30.783+00,,-1071.1775,real
abc0018749,2022-10-01 01:54:42.299+00,,0.0,real
abc0018753,2022-10-01 04:54:51.609+00,,0.0,real
abc0018767,2022-10-02 00:00:56.647+00,,23.04,test
abc0018390,2022-10-02 00:06:29.2+00,,0.0,test
abc0018699,2022-10-02 00:06:34.468+00,,0.0,real
abc0018772,2022-10-02 00:06:35.73+00,,0.0,real
abc0018792,2022-10-02 15:02:21.333+00,,0.0,real
abc0018783,2022-10-03 00:06:29.177+00,,0.0,test
abc0018792,2022-10-03 00:06:29.366+00,,0.0,test
abc0018797,2022-10-03 00:06:29.471+00,,0.0,real
abc0018808,2022-10-03 09:49:13.498+00,,1.04,test
abc0018808,2022-10-03 09:55:06.438+00,,0.0,real
abc0018810,2023-04-24 09:41:02.228+00,,-24.799999999999997,test
abc0018829,2022-10-03 20:54:54.219+00,,0.0,real
abc0018801,2022-10-04 00:06:48.942+00,,0.0,real
abc0018821,2022-10-04 00:06:49.27+00,,0.0,test
abc0018822,2022-10-04 00:06:49.299+00,,0.0,real
abc0018824,2022-10-04 00:06:49.344+00,,0.0,real
abc0018829,2022-10-04 00:06:49.441+00,,0.0,test
abc0018866,2022-10-04 22:54:24.151+00,,0.0,real
abc0018864,2022-10-20 15:40:46.536+00,,-62.25,real
abc0017295,2022-10-05 00:06:11.21+00,,0.0,test
abc0018529,2022-10-05 00:06:32.232+00,,0.0,real
abc0018816,2022-10-05 00:06:37.041+00,,0.0,real
abc0018842,2022-10-05 00:06:37.517+00,,0.0,test
abc0018851,2022-10-05 00:06:37.679+00,,0.0,real
abc0018852,2022-10-05 00:06:37.712+00,,0.0,test
abc0018852,2022-10-05 00:06:37.722+00,,0.0,real
abc0018869,2022-10-05 01:54:53.654+00,,0.0,real
abc0018817,2022-10-05 08:54:50.374+00,,0.0,real
abc0018862,2023-12-07 00:12:43.811+00,,-16091.219000000003,real
abc0018870,2022-10-05 16:54:55.771+00,,0.0,real
abc0018888,2022-10-05 22:37:01.163+00,,81.25,real
abc0018245,2022-10-12 00:06:34.169+00,,10.0,test
abc0018887,2022-10-06 00:06:39.633+00,,0.0,test
abc0018887,2023-02-07 11:38:46+00,,-17.0,real
abc0018871,2023-07-03 04:10:44.688+00,,1.3068,real
abc0018589,2022-10-27 03:32:16.763+00,,16.009999999999998,test
abc0018932,2022-10-06 21:54:49.772+00,,0.0,real
abc0018180,2022-10-14 07:57:01.849+00,,1.0,test
abc0018896,2022-10-07 00:06:45.293+00,,0.0,test
abc0018942,2024-03-21 01:42:49.382+00,,-95090.43,real
abc0018955,2022-10-07 15:54:36.012+00,,0.0,real
abc0018958,2022-10-07 16:54:31.155+00,,0.0,real
abc0018940,2022-10-08 00:06:52.591+00,,0.0,test
abc0018940,2022-10-14 05:26:25.884+00,,-192.11,real
abc0018951,2022-10-08 00:06:52.839+00,,0.0,real
abc0018965,2022-10-08 02:54:24.637+00,,0.0,real
abc0010975,2022-10-08 04:54:44.204+00,,0.0,real
abc0018970,2022-10-08 06:54:33.402+00,,0.0,real
abc0018746,2022-10-08 17:54:26.067+00,,0.0,real
abc0016443,2024-03-04 17:20:22.732+00,,-82311.48419999999,real
abc0017847,2022-10-09 00:06:28.566+00,,0.0,real
abc0018973,2022-10-09 00:06:48.201+00,,0.0,test
abc0018983,2022-10-09 00:06:48.388+00,,0.0,real
abc0018933,2022-10-09 00:54:49.382+00,,0.0,real
abc0019006,2024-03-14 00:31:06.214+00,,-322515.32999999996,real
abc0018392,2022-10-13 07:59:32.851+00,,0.5,real
abc0019024,2022-10-09 20:00:42.286+00,,0.0,real
abc0019006,2022-10-10 00:06:44.77+00,,0.0,test
abc0017637,2022-10-10 03:59:05.685+00,,1.27,test
abc0018896,2022-10-18 00:06:44.986+00,,-1008.58,real
abc0018286,2022-10-10 09:27:26.199+00,,10.0,real
abc0019040,2024-01-06 08:38:29.601+00,,86.8725,real
abc0019063,2023-01-23 19:11:12.686+00,,-5719.955,real
abc0019067,2022-10-10 18:55:17.264+00,,0.0,real
abc0019069,2022-10-10 19:54:42.279+00,,0.0,real
abc0019053,2022-10-11 00:06:57.911+00,,0.0,real
abc0019065,2022-10-12 19:11:03.354+00,,12.0,real
abc0019070,2022-10-11 00:06:58.218+00,,0.0,real
abc0019084,2022-10-11 12:55:02.731+00,,0.0,real
abc0010946,2022-10-12 00:04:33.39+00,,0.0,real
abc0019083,2022-10-12 00:06:49.195+00,,0.0,test
abc0019084,2022-10-12 00:06:49.231+00,,0.0,test
abc0019092,2022-10-12 00:06:49.348+00,,0.0,test
abc0019124,2022-10-14 07:00:50.023+00,,0.24,real
abc0019124,2022-11-11 12:02:20.689+00,,-0.19,test
abc0018195,2023-06-07 02:29:44.726+00,,906.8468,test
abc0018618,2022-10-12 13:54:40.21+00,,0.0,real
abc0019051,2024-01-26 00:13:31.594+00,,-613052.6152,real
abc0018857,2022-10-27 17:15:13.895+00,,22.609999999999992,real
abc0018926,2022-11-25 00:09:21.052+00,,-31125.4277,real
abc0019130,2022-10-13 00:06:52.918+00,,0.0,real
abc0019125,2022-10-13 01:05:37.889+00,,0.36,real
abc0018915,2022-10-14 05:24:50.726+00,,39.99,real
abc0019177,2022-10-17 23:06:41.823+00,,0.37,real
abc0019151,2024-03-18 00:32:53.322+00,,-952004.8,real
abc0019088,2022-10-13 15:58:42.35+00,,4.0,test
abc0019088,2022-10-14 00:06:45.992+00,,0.0,real
abc0019172,2022-10-14 00:06:47.366+00,,0.0,real
abc0019177,2022-10-14 00:06:47.471+00,,0.0,test
abc0019182,2022-10-14 00:06:47.582+00,,0.0,test
abc0019191,2022-10-14 00:06:47.761+00,,0.0,real
abc0019159,2022-10-14 06:54:40.84+00,,0.0,real
abc0018850,2024-03-18 16:32:04.744+00,,-106504.73,real
abc0019210,2022-10-14 11:55:01.668+00,,0.0,real
abc0019208,2022-10-14 11:55:01.724+00,,0.0,real
abc0018953,2023-10-18 14:00:36.418+00,,-12072.9909,real
abc0018990,2022-10-15 00:06:51.258+00,,0.0,real
abc0019159,2022-10-15 00:06:53.897+00,,0.0,test
abc0019200,2022-10-15 00:06:54.667+00,,0.0,real
abc0019200,2022-10-15 00:06:54.677+00,,0.0,test
abc0019214,2022-10-15 00:06:54.925+00,,0.0,test
abc0019216,2022-10-15 00:06:54.953+00,,0.0,real
abc0019228,2022-10-15 00:06:55.142+00,,0.0,test
abc0019234,2022-10-15 00:06:55.374+00,,0.0,test
abc0019236,2022-10-15 03:55:03.836+00,,0.0,real
abc0019240,2022-10-15 09:54:24.791+00,,0.0,real
abc0018764,2022-10-16 19:43:49.292+00,,194.47,test
abc0019244,2022-10-15 13:43:29.745+00,,0.0,real
abc0019240,2022-10-16 00:06:54.772+00,,0.0,test
abc0019266,2022-10-17 14:59:15.715+00,,-14.92,real
abc0019272,2022-10-17 00:06:46.259+00,,0.0,real
abc0019275,2022-10-17 00:06:46.334+00,,0.0,real
abc0019290,2022-10-17 00:06:46.562+00,,0.0,real
abc0019300,2022-10-17 03:39:23.287+00,,35.69,test
abc0017894,2023-01-13 07:34:14.497+00,,-8041.1013,real
abc0019306,2022-10-21 00:06:44.74+00,,-1051.51,real
abc0019323,2022-10-17 21:30:31.887+00,,0.0,real
abc0019300,2022-10-18 00:06:51.822+00,,0.0,real
abc0019311,2022-10-18 00:06:52.033+00,,0.0,real
abc0019314,2022-10-18 00:06:52.1+00,,0.0,real
abc0019317,2022-10-18 00:06:52.162+00,,0.0,real
abc0019323,2022-10-18 00:06:52.267+00,,0.0,test
abc0019329,2022-10-18 00:06:52.389+00,,0.0,real
abc0019349,2022-10-18 11:56:40.769+00,,10.65,test
abc0019347,2024-03-15 00:14:56.328+00,,-60722.839,real
abc0019352,2022-10-18 15:55:04.319+00,,0.0,real
abc0017747,2024-03-22 19:28:10.886+00,,-77701.1607,real
abc0019368,2022-10-18 19:54:24.82+00,,0.0,real
abc0019369,2022-10-18 22:55:17.59+00,,0.0,real
abc0019360,2022-11-03 00:09:46.369+00,,-417.17,real
abc0019347,2022-10-19 00:07:02.323+00,,0.0,test
abc0019350,2022-10-19 00:07:02.402+00,,0.0,real
abc0019354,2022-10-19 00:07:02.495+00,,0.0,test
abc0017576,2022-10-19 02:09:52.112+00,,-49.269999999999996,test
abc0017576,2022-10-19 02:54:40.325+00,,0.0,real
abc0019371,2023-07-15 00:10:40.175+00,,-9172.819399999998,real
abc0019398,2022-10-19 22:47:44.861+00,,0.19,test
abc0018519,2022-10-20 00:06:26.992+00,,0.0,test
abc0019322,2022-10-20 00:06:40.391+00,,0.0,real
abc0019377,2022-10-20 00:06:41.356+00,,0.0,test
abc0019380,2022-10-20 00:06:41.417+00,,0.0,test
abc0019392,2022-10-20 00:06:41.593+00,,0.0,test
abc0019398,2022-10-20 00:06:41.701+00,,0.0,real
abc0019382,2023-06-29 00:10:14.364+00,,-1595645.1063,real
abc0018810,2024-02-28 00:13:02.907+00,,-6602328.864999999,real
abc0019433,2022-10-20 20:55:14.188+00,,0.0,real
abc0019363,2022-10-21 00:06:45.926+00,,0.0,real
abc0019392,2022-10-21 00:06:46.42+00,,0.0,real
abc0019405,2022-10-21 00:06:46.652+00,,0.0,test
abc0019415,2022-10-21 00:06:46.837+00,,0.0,test
abc0019445,2022-10-21 07:55:17.354+00,,0.0,real
abc0008063,2023-04-26 04:06:11.754+00,,262.8308,test
abc0019445,2022-10-22 00:06:49.685+00,,0.0,test
abc0019467,2022-10-22 00:06:50.151+00,,0.0,test
abc0019478,2022-10-22 07:54:55.605+00,,0.0,real
abc0019498,2022-10-24 00:06:49.399+00,,-2.2,real
abc0019497,2022-10-22 19:24:22.219+00,,0.0,real
abc0019498,2022-10-23 11:11:37.033+00,,12.0,test
abc0019222,2023-01-03 06:53:20.363+00,,-6.5226,real
abc0019481,2022-10-24 00:06:49.111+00,,0.0,real
abc0019517,2022-10-24 00:06:49.748+00,,0.0,test
abc0018900,2022-10-25 10:17:28.276+00,,50.0,real
abc0017452,2023-08-19 00:10:01.678+00,,-22912.1032,real
abc0019490,2022-10-24 15:54:49.355+00,,0.0,real
abc0019556,2022-10-24 15:54:49.375+00,,0.0,real
abc0019408,2022-10-28 08:43:06.658+00,,11.879999999999999,test
abc0003923,2022-10-25 00:21:47.993+00,,79.9,real
abc0017295,2022-11-03 07:41:47.42+00,,-17.87,real
abc0019490,2022-10-25 00:06:47.236+00,,0.0,test
abc0019523,2022-10-25 00:06:47.831+00,,0.0,real
abc0019536,2022-10-25 00:06:48.095+00,,0.0,real
abc0019550,2022-10-25 00:06:48.306+00,,0.0,test
abc0019551,2022-10-25 00:06:48.334+00,,0.0,test
abc0019557,2023-12-29 01:56:42.844+00,,255.95460000000003,real
abc0018846,2022-11-24 01:52:42.606+00,,-277.77,test
abc0018575,2022-10-25 14:54:53.308+00,,0.0,real
abc0019595,2022-10-25 20:54:27.902+00,,0.0,real
abc0019562,2022-10-25 20:54:45.384+00,,0.0,real
abc0019599,2022-11-16 22:21:45.444+00,,24.9,real
abc0019597,2023-01-21 00:10:40.19+00,,-10222.0126,real
abc0018575,2022-10-26 00:06:31.842+00,,0.0,test
abc0019555,2022-10-26 00:06:48.468+00,,0.0,real
abc0019567,2022-10-26 00:06:48.678+00,,0.0,test
abc0019599,2022-10-26 03:30:20.546+00,,40.0,test
abc0017286,2022-12-08 00:08:38.558+00,,0.07000000000000028,real
abc0019611,2022-10-26 14:15:17.46+00,,10.0,real
abc0008542,2022-10-26 15:54:40.443+00,,0.0,real
abc0019636,2022-10-28 04:14:08.894+00,,-3.07,real
abc0016255,2022-10-27 00:05:52.049+00,,0.0,test
abc0019220,2022-11-14 04:39:38.296+00,,-33.37,real
abc0019603,2022-10-27 00:06:50.553+00,,0.0,real
abc0019606,2022-10-27 00:06:50.597+00,,0.0,real
abc0019613,2023-09-06 00:24:36.292+00,,-453302.85,real
abc0019551,2023-03-13 17:29:41.995+00,,-9.8,real
abc0019546,2024-03-04 16:36:09.094+00,,-4870597.6074,real
abc0018164,2022-10-28 00:06:24.428+00,,0.0,real
abc0019662,2022-10-28 00:06:49.511+00,,0.0,real
abc0019668,2022-10-28 00:06:49.614+00,,0.0,real
abc0019670,2022-10-28 00:06:49.66+00,,0.0,test
abc0019693,2022-10-28 00:06:50.043+00,,0.0,real
abc0016287,2024-03-16 00:55:46.557+00,,-25901.139,real
abc0019709,2022-10-28 11:09:47.707+00,,2.0,real
abc0018279,2023-02-01 09:12:44.16+00,,-19660.0,real
abc0003020,2022-10-29 10:05:26.643+00,,170.0,real
abc0019699,2022-10-28 19:22:19.124+00,,0.0,real
abc0005196,2024-01-16 00:03:43.307+00,,59.033899999999996,real
abc0019709,2022-10-29 00:07:06.758+00,,0.0,test
abc0019720,2022-10-29 00:07:06.944+00,,0.0,real
abc0019583,2023-05-09 00:09:46.95+00,,-1026321.4658,real
abc0019753,2022-10-29 21:55:11.651+00,,0.0,real
abc0019735,2022-10-30 00:06:59.38+00,,0.0,test
abc0019757,2022-10-31 00:06:53.906+00,,0.0,real
abc0019769,2023-07-05 00:10:43.419+00,,42.2532,real
abc0019775,2022-10-31 00:06:54.218+00,,0.0,real
abc0018260,2022-10-31 11:09:33.497+00,,0.0,real
abc0019782,2022-10-31 10:54:59.292+00,,0.0,real
abc0019161,2023-02-09 04:02:42.98+00,,0.0,real
abc0019689,2022-10-31 18:54:54.769+00,,0.0,real
abc0019686,2023-08-17 03:42:55.69+00,,138.1842,real
abc0019785,2022-11-01 18:01:19.917+00,,9.7812,real
abc0019785,2022-11-01 00:07:04.975+00,,0.0,test
abc0019787,2022-11-01 00:07:05.032+00,,0.0,real
abc0019614,2022-11-01 03:55:20.676+00,,0.0,real
abc0019800,2022-11-01 08:56:13.488+00,,0.0,real
abc0019796,2022-11-01 22:55:09.009+00,,0.0,real
abc0011722,2022-11-02 00:06:40.814+00,,0.0,test
abc0019804,2022-11-02 00:10:05.957+00,,0.0,test
abc0019587,2022-11-16 13:33:22.408+00,,23.02,test
abc0019850,2022-11-02 14:55:01.145+00,,0.0,real
abc0019851,2022-11-02 14:55:18.306+00,,0.0,real
abc0019863,2022-11-02 20:55:00.662+00,,0.0,real
abc0019154,2022-11-03 00:09:40.787+00,,0.0,real
abc0019298,2023-09-08 04:47:38.747+00,,-20212.9789,real
abc0019806,2022-11-03 00:09:57.285+00,,0.0,real
abc0019851,2022-11-03 00:09:58.478+00,,0.0,test
abc0019853,2022-11-03 00:09:58.543+00,,0.0,test
abc0019861,2022-11-03 00:09:58.762+00,,0.0,real
abc0019882,2022-11-03 12:19:06.669+00,,0.0,real
abc0019735,2022-11-03 15:13:56.062+00,,0.0,real
abc0019895,2022-11-03 21:58:30.201+00,,0.0,real
abc0003627,2022-11-04 00:02:26.465+00,,0.0,real
abc0019867,2022-11-04 00:09:52.44+00,,0.0,real
abc0019879,2022-11-04 00:09:52.826+00,,0.0,real
abc0019898,2022-11-04 00:09:53.347+00,,0.0,test
abc0019914,2022-11-04 10:27:39.117+00,,0.0,real
abc0007973,2022-11-04 12:33:13.564+00,,0.0,real
abc0019918,2022-11-04 15:07:31.038+00,,0.0,real
abc0019922,2022-11-04 15:43:22.525+00,,0.0,real
abc0019111,2022-11-13 00:09:37.001+00,,-17.325,real
abc0009240,2022-11-05 00:05:44.698+00,,0.0,real
abc0016230,2023-05-01 16:09:57.049+00,,11249.28,test
abc0018226,2023-07-27 00:10:12.942+00,,4.821999999999996,test
abc0019906,2022-11-05 00:10:28.358+00,,0.0,test
abc0019914,2022-11-05 00:10:28.591+00,,0.0,test
abc0019924,2022-11-05 00:10:28.892+00,,0.0,test
abc0019930,2022-11-05 04:57:20.605+00,,0.0,real
abc0019937,2022-11-08 06:37:40.285+00,,1.98,real
abc0016230,2022-11-05 14:12:34.023+00,,0.0,real
abc0019671,2022-11-06 00:09:39.664+00,,0.0,real
abc0019932,2022-11-06 00:09:46.672+00,,0.0,real
abc0019932,2022-11-06 00:09:46.684+00,,0.0,test
abc0019724,2022-11-06 05:01:58.715+00,,0.0,real
abc0019978,2022-11-06 22:18:43.047+00,,0.0,real
abc0017623,2022-11-07 00:08:54.125+00,,0.0,real
abc0019804,2022-11-07 03:32:58.069+00,,0.0,real
abc0018903,2023-11-02 00:26:43.133+00,,-21731451.4586,real
abc0009765,2022-11-07 07:43:46.131+00,,0.0,real
abc0020006,2022-11-07 21:06:18.02+00,,0.0,real
abc0020009,2022-11-07 22:06:55.107+00,,0.0,real
abc0014418,2024-03-22 13:37:43.848+00,,-431842.6188,real
abc0019570,2022-11-21 07:42:15.739+00,,406.89,test
abc0019979,2022-11-08 00:10:06.326+00,,0.0,test
abc0019991,2022-11-08 00:10:06.669+00,,0.0,real
abc0020009,2022-11-08 00:10:07.21+00,,0.0,test
abc0020013,2022-11-08 00:10:07.334+00,,0.0,real
abc0019843,2022-11-08 00:48:39.105+00,,0.0,real
abc0018634,2024-03-22 10:00:16.756+00,,123.6622,test
abc0019072,2022-11-08 11:01:29.86+00,,0.0,real
abc0020030,2022-11-08 11:30:21.373+00,,0.0,real
abc0019919,2023-06-01 00:10:20.87+00,,-1224528.5533999996,real
abc0019106,2023-01-09 20:40:21.401+00,,7.7418000000000005,test
abc0020078,2022-11-09 13:30:11.71+00,,0.0,real
abc0020064,2022-11-23 14:36:59.476+00,,9.9,test
abc0020089,2022-11-09 19:52:44.629+00,,0.0,real
abc0018419,2022-11-10 00:09:11.641+00,,0.0,real
abc0019072,2022-11-11 16:02:26.085+00,,827.3727,test
abc0020059,2022-11-10 00:09:54.752+00,,0.0,test
abc0020075,2022-11-10 00:09:55.127+00,,0.0,test
abc0020087,2022-11-10 00:09:55.479+00,,0.0,real
abc0017381,2024-03-05 22:43:35.005+00,,-12351.64,real
abc0017380,2023-12-06 06:59:28.545+00,,-1447.1399999999999,real
abc0020123,2022-11-10 18:36:30.04+00,,0.0,real
abc0020127,2022-11-10 23:32:41.904+00,,-4.364,real
abc0020128,2022-11-10 23:19:41.41+00,,0.0,real
abc0009765,2022-11-11 02:16:02.767+00,,1.984,test
abc0018049,2022-11-11 00:09:10.673+00,,0.0,real
abc0020048,2022-11-11 00:10:04.762+00,,0.0,real
abc0020112,2022-11-11 00:10:06.748+00,,0.0,test
abc0011318,2022-11-11 01:07:07.578+00,,0.0,real
abc0020131,2022-11-11 01:21:56.283+00,,0.0,real
abc0019123,2024-03-16 00:14:43.636+00,,-666197.8126,real
abc0014424,2024-03-22 05:03:15.043+00,,-119020.33599999998,real
abc0020149,2022-11-29 21:29:33.318+00,,0.0,real
abc0019622,2022-12-21 14:55:54.378+00,,182.16,test
abc0020153,2022-11-13 00:10:04.833+00,,0.0,real
abc0020171,2022-11-13 07:47:17.312+00,,0.0,real
abc0020190,2022-11-13 18:11:58.545+00,,0.0,real
abc0020188,2022-11-13 19:46:42.962+00,,0.0,real
abc0019622,2022-11-14 00:09:53.942+00,,0.0,real
abc0020190,2022-11-14 00:10:09.986+00,,0.0,test
abc0020200,2024-03-22 00:15:44.323+00,,-832826.1388000001,test
abc0020046,2022-11-14 09:04:15.143+00,,0.0,real
abc0011082,2022-11-14 21:03:08.988+00,,0.0,real
abc0018437,2022-11-15 00:09:25.18+00,,0.0,real
abc0020176,2022-11-15 00:10:14.716+00,,0.0,test
abc0005092,2022-11-15 01:42:12.603+00,,0.0,real
abc0020223,2022-11-15 03:13:50.192+00,,0.0,real
abc0020224,2022-11-15 07:53:17.876+00,,0.0,real
abc0020027,2022-11-15 07:54:17.01+00,,0.0,real
abc0020027,2022-11-15 08:12:14.518+00,,6.3756,test
abc0016779,2022-11-15 13:09:00.179+00,,0.0,real
abc0016779,2022-12-16 09:15:18.245+00,,4570.0424,test
abc0020201,2022-11-16 09:32:25.694+00,,-0.505,real
abc0020203,2024-03-23 01:39:06.464+00,,-2277535.0209000004,real
abc0020224,2022-11-16 00:10:27.341+00,,0.0,test
abc0020246,2022-11-16 01:17:14.366+00,,0.0,real
abc0018634,2024-03-22 06:30:15.621+00,,-1053591.5147,real
abc0018063,2022-11-25 06:06:40.153+00,,13.8501,real
abc0020014,2022-11-16 17:40:46.482+00,,5.148000000000001,test
abc0019598,2022-11-17 00:09:59.485+00,,0.0,test
abc0020201,2022-11-17 00:10:18.417+00,,0.0,test
abc0020255,2022-11-22 00:10:29.946+00,,52.62340000000003,test
abc0013374,2022-11-18 00:07:32.612+00,,0.0,test
abc0019221,2022-11-18 00:09:52.675+00,,0.0,real
abc0020270,2022-11-18 00:10:23.567+00,,0.0,real
abc0019408,2022-11-24 10:10:35.375+00,,3.6036,real
abc0020268,2023-09-15 00:11:55.205+00,,31.88560000000001,test
abc0020314,2022-11-18 16:56:57.537+00,,0.0,real
abc0016444,2022-11-19 07:26:50.563+00,,0.0,real
abc0020358,2022-11-19 07:35:38.472+00,,0.0,real
abc0020344,2022-11-19 09:44:09.192+00,,0.0,real
abc0020353,2022-11-20 00:10:31.723+00,,0.0,test
abc0019570,2022-11-21 02:28:11.832+00,,0.0,real
abc0013071,2024-02-10 00:09:41.372+00,,19260.3899,real
abc0020408,2022-11-21 12:33:31.061+00,,0.0,real
abc0013403,2022-11-21 20:53:28.765+00,,0.0,real
abc0019128,2022-11-23 12:49:44.023+00,,-0.97,test
abc0020149,2022-11-22 00:10:26.711+00,,0.0,test
abc0020402,2022-11-22 00:10:33.926+00,,0.0,real
abc0020402,2022-11-22 00:10:33.937+00,,0.0,test
abc0020408,2022-11-22 00:10:34.125+00,,0.0,test
abc0020424,2022-11-25 00:10:03.382+00,,-24.0,test
abc0020404,2022-11-26 11:05:34.414+00,,0.0,real
abc0020431,2022-11-22 09:07:19.36+00,,0.0,real
abc0020452,2022-11-22 21:35:38.818+00,,0.0,real
abc0019029,2022-11-23 00:09:59.223+00,,0.0,real
abc0019861,2022-11-23 00:10:24.492+00,,0.0,test
abc0020036,2022-11-23 00:10:29.592+00,,0.0,test
abc0020437,2022-11-23 00:10:42.358+00,,0.0,test
abc0004470,2023-03-15 03:05:58.633+00,,85.96050000000002,real
abc0020461,2022-11-23 10:51:19.478+00,,0.0,real
abc0016236,2023-09-20 00:24:37.995+00,,-60405.0213,real
abc0020430,2022-11-29 00:17:49.092+00,,-1350.36,real
abc0020492,2022-11-23 22:04:09.994+00,,0.0,real
abc0020451,2023-09-12 16:34:30.808+00,,-1064.2895999999998,real
abc0020501,2022-11-24 07:01:31.395+00,,0.0,real
abc0020504,2022-11-24 08:32:52.241+00,,0.0,real
abc0020516,2022-11-24 13:50:01.242+00,,0.0,real
abc0020467,2022-11-24 13:58:06.914+00,,0.0,real
abc0019217,2024-03-23 04:48:06.019+00,,-966304.9018999998,real
abc0020493,2022-11-24 15:31:06.163+00,,0.0,real
abc0018258,2022-11-25 00:09:00.814+00,,0.0,test
abc0020064,2022-11-25 00:09:52.386+00,,0.0,real
abc0020074,2022-11-25 00:09:52.604+00,,0.0,test
abc0020479,2022-11-25 00:10:05.406+00,,0.0,real
abc0020484,2022-11-25 00:10:05.567+00,,0.0,test
abc0020515,2022-11-25 00:10:06.672+00,,0.0,test
abc0019029,2023-04-20 08:07:31.28+00,,-7.6058,test
abc0020374,2023-06-03 00:10:23.164+00,,-624248.0101999999,real
abc0017792,2022-11-28 00:00:48.099+00,,0.17800000000000016,real
abc0020441,2023-01-11 04:25:44.31+00,,2003.3045,real
abc0018765,2023-07-25 14:07:19.97+00,,-9176.9213,real
abc0020574,2022-11-26 15:01:45.555+00,,0.0,real
abc0020597,2022-11-27 09:54:37.264+00,,0.0,real
abc0020403,2022-11-28 00:09:46.235+00,,0.0,test
abc0020609,2022-11-28 00:09:52.164+00,,0.0,test
abc0020326,2024-03-22 22:20:33.271+00,,-388391.55929999996,real
abc0020611,2022-11-28 02:39:34.098+00,,0.0,real
abc0020439,2022-11-28 03:09:59.506+00,,0.0,real
abc0018846,2024-02-16 03:36:11.381+00,,-667663.1407,real
abc0018258,2022-11-28 14:59:45.522+00,,287.13960000000003,real
abc0014728,2022-11-29 00:07:43.485+00,,0.0,real
abc0016943,2022-12-22 09:52:04.902+00,,30.3552,test
abc0020326,2022-11-29 00:09:53.996+00,,0.0,test
abc0020611,2022-11-29 00:10:02.359+00,,0.0,test
abc0020615,2022-11-29 00:10:02.609+00,,0.0,test
abc0020624,2022-11-29 00:10:03.038+00,,0.0,real
abc0020624,2022-11-29 00:10:03.075+00,,0.0,test
abc0016943,2022-11-29 05:59:15.877+00,,0.0,real
abc0020638,2022-11-29 06:47:03.131+00,,0.0,real
abc0020265,2022-11-29 15:11:28.689+00,,0.0,real
abc0020656,2022-11-29 15:52:45.15+00,,0.0,real
abc0020074,2022-11-30 10:58:39.062+00,,0.99,real
abc0006403,2022-11-30 00:03:25.568+00,,0.0,real
abc0020654,2023-04-04 10:00:59.198+00,,409.4343,test
abc0020675,2022-11-30 03:55:07.361+00,,0.0,real
abc0020692,2024-02-06 00:14:24.916+00,,-118.6412,real
abc0019218,2024-03-22 12:23:27.391+00,,-2116111.65,real
abc0020674,2022-12-01 00:10:05.252+00,,0.0,test
abc0020684,2022-12-01 00:10:05.612+00,,0.0,real
abc0020690,2022-12-01 00:10:05.818+00,,0.0,test
abc0020693,2022-12-01 00:10:05.96+00,,0.0,test
abc0020702,2022-12-01 07:45:46.634+00,,0.0,real
abc0020709,2022-12-01 09:51:26.244+00,,0.0,real
abc0019217,2022-12-02 00:09:29.235+00,,200.0,test
abc0019412,2022-12-01 10:13:38.462+00,,0.99,real
abc0019409,2023-12-02 02:46:41.235+00,,-4166.564699999999,real
abc0018520,2022-12-16 00:09:12.083+00,,11.870099999999999,real
abc0019409,2023-05-16 10:20:50.015+00,,1118.9719,test
abc0020519,2023-01-31 15:40:20.775+00,,586.1132000000001,test
abc0020712,2024-02-22 19:12:39.17+00,,-23.60080000000002,test
abc0020716,2022-12-02 00:10:13.577+00,,0.0,test
abc0020720,2022-12-02 00:10:13.699+00,,0.0,test
abc0020721,2022-12-02 00:10:13.738+00,,0.0,real
abc0020721,2022-12-02 00:10:13.747+00,,0.0,test
abc0020704,2024-03-21 07:19:35.937+00,,-2471603.0599999996,real
abc0020604,2022-12-02 05:21:10.683+00,,12.028500000000001,test
abc0020735,2022-12-02 16:14:18.718+00,,-5.4754000000000005,real
abc0020741,2022-12-02 19:49:09.54+00,,0.0,real
abc0020742,2022-12-02 22:03:24.384+00,,0.0,real
abc0019890,2022-12-03 00:09:46.745+00,,0.0,test
abc0020735,2022-12-03 00:10:13.295+00,,0.0,test
abc0020742,2022-12-03 00:10:13.559+00,,0.0,test
abc0020744,2022-12-03 00:10:13.632+00,,0.0,test
abc0020152,2022-12-04 00:09:42.797+00,,0.0,real
abc0020762,2022-12-04 00:09:59.998+00,,0.0,test
abc0020767,2022-12-04 06:26:26.282+00,,0.0,real
abc0020784,2022-12-05 00:10:19.149+00,,0.0,real
abc0020787,2022-12-05 00:40:41.854+00,,0.0,real
abc0020289,2022-12-05 03:56:01.305+00,,0.0,real
abc0020795,2023-10-24 03:05:13.158+00,,7.3973,real
abc0019298,2022-12-29 09:29:38.982+00,,41.0986,test
abc0017941,2024-03-23 00:14:46.827+00,,-16.88,real
abc0020820,2022-12-05 22:14:38.605+00,,0.0,real
abc0020725,2022-12-06 00:10:20.789+00,,0.0,test
abc0020792,2022-12-06 00:10:22.922+00,,0.0,test
abc0001129,2023-05-30 08:24:16.198+00,,21.236,real
abc0020824,2022-12-06 05:57:47.407+00,,0.0,real
abc0020681,2022-12-06 09:39:34.191+00,,1.98,real
abc0020769,2022-12-06 21:47:30.327+00,,0.0,real
abc0020712,2024-02-25 00:14:52.881+00,,-151.72809999999998,real
abc0020681,2022-12-07 00:10:06.699+00,,0.0,test
abc0020715,2022-12-07 00:10:07.838+00,,0.0,test
abc0018589,2022-12-08 08:28:28.03+00,,-1.98,real
abc0004767,2023-03-27 19:09:40.043+00,,308.264,real
abc0020675,2022-12-08 03:52:11.408+00,,58.0338,test
abc0020344,2022-12-08 00:10:07.339+00,,0.0,test
abc0020848,2022-12-08 00:10:22.946+00,,0.0,test
abc0020856,2022-12-08 00:10:23.17+00,,0.0,test
abc0020861,2022-12-08 00:49:41.229+00,,0.0,real
abc0020715,2022-12-08 11:08:42.132+00,,-1.0645000000000007,real
abc0020874,2022-12-08 15:48:53.882+00,,0.0,real
abc0020874,2022-12-09 00:10:11.523+00,,0.0,test
abc0020817,2022-12-09 15:48:32.207+00,,0.0,real
abc0020884,2022-12-09 15:48:34.224+00,,0.0,real
abc0021120,2022-12-10 11:01:59.325+00,,0.0,real
abc0008579,2022-12-11 00:04:28.672+00,,0.0,real
abc0020761,2022-12-11 00:10:13.558+00,,0.0,test
abc0021119,2023-12-01 04:22:43.325+00,,3175.2770000000005,real
abc0021140,2022-12-13 00:10:26.763+00,,0.0,test
abc0021140,2022-12-19 05:15:53.631+00,,-39.842400000000005,real
abc0021151,2022-12-12 11:23:00.072+00,,0.0,real
abc0019073,2022-12-13 00:08:39.061+00,,0.0,real
abc0021150,2022-12-13 00:10:27.104+00,,0.0,real
abc0021151,2022-12-13 00:10:27.158+00,,0.0,test
abc0021180,2022-12-13 09:11:36.655+00,,0.0,real
abc0017090,2022-12-13 14:44:34.621+00,,0.0,real
abc0021185,2022-12-13 16:02:05.733+00,,0.0,real
abc0021189,2022-12-13 21:23:20.92+00,,0.0,real
abc0021166,2022-12-13 23:46:08.55+00,,0.0,real
abc0017090,2023-02-23 07:15:12.191+00,,595.4778,test
abc0021167,2022-12-14 00:10:43.236+00,,0.0,test
abc0021184,2022-12-14 00:10:43.744+00,,0.0,test
abc0019165,2024-03-01 08:32:06.13+00,,-6287.619999999999,real
abc0021202,2023-05-09 00:10:30.445+00,,-62006.806,real
abc0021216,2023-02-11 06:13:40.112+00,,-2928.4299,real
abc0021217,2022-12-14 18:47:19.365+00,,0.0,real
abc0021200,2022-12-15 00:10:32.82+00,,0.0,test
abc0021206,2022-12-15 00:10:33.015+00,,0.0,real
abc0021214,2022-12-15 00:10:33.237+00,,0.0,test
abc0021216,2022-12-15 00:10:33.311+00,,0.0,test
abc0021233,2022-12-15 16:18:50.729+00,,0.0,real
abc0021236,2022-12-15 18:09:22.239+00,,0.0,real
abc0020679,2022-12-15 22:37:29.767+00,,8.464500000000001,real
abc0016726,2023-10-25 00:25:56.458+00,,-1895245.12,real
abc0020200,2022-12-16 08:09:09.787+00,,0.0,real
abc0020831,2023-02-02 08:27:06.298+00,,-0.020000000000000018,real
abc0021247,2024-03-23 01:26:15.286+00,,-218214.29539999997,real
abc0021275,2024-03-21 15:35:38.248+00,,0.6771999999999707,real
abc0021281,2022-12-17 11:59:11.304+00,,1.2573,test
abc0016106,2022-12-17 21:24:42.813+00,,0.0,real
abc0021294,2022-12-18 00:10:32.963+00,,0.0,real
abc0021299,2022-12-18 00:10:33.151+00,,0.0,test
abc0021269,2022-12-18 12:48:36.111+00,,0.0,real
abc0021326,2022-12-18 22:21:09.393+00,,0.0,real
abc0021301,2022-12-19 00:10:25.76+00,,0.0,test
abc0021338,2022-12-29 15:55:27.744+00,,0.99,real
abc0009931,2022-12-20 00:05:16.98+00,,0.0,test
abc0021346,2022-12-20 00:10:33.765+00,,0.0,real
abc0021357,2022-12-20 01:44:19.963+00,,0.0,real
abc0021366,2022-12-20 06:55:48.716+00,,904.1175,real
abc0021364,2022-12-20 06:52:53.95+00,,0.0,real
abc0020519,2023-04-26 05:51:32.872+00,,-1947.9562000000003,real
abc0020440,2023-01-31 12:04:35.13+00,,558.3402,test
abc0020331,2022-12-20 17:09:14.473+00,,0.0,real
abc0021356,2022-12-21 00:10:24.219+00,,0.0,test
abc0021378,2022-12-21 07:16:33.778+00,,0.0,real
abc0021382,2022-12-21 08:38:55.594+00,,0.0,real
abc0002401,2022-12-22 00:01:10.967+00,,0.0,real
abc0021394,2022-12-22 00:10:36.573+00,,0.0,real
abc0021400,2022-12-22 19:16:50.527+00,,0.0099,real
abc0021385,2023-11-22 10:11:06.46+00,,374.22,test
abc0021385,2024-03-23 03:50:00.986+00,,-473580.7135,real
abc0021406,2022-12-22 12:01:16.503+00,,0.0,real
abc0006174,2022-12-22 14:32:33.426+00,,0.0,real
abc0021368,2022-12-22 15:24:58.832+00,,0.0,real
abc0021297,2022-12-22 20:53:54.605+00,,0.0,real
abc0018647,2022-12-23 00:09:30.078+00,,0.0,test
abc0020805,2022-12-23 00:10:35.663+00,,0.0,real
abc0020805,2022-12-23 00:10:35.673+00,,0.0,test
abc0021381,2022-12-23 00:10:46.816+00,,0.0,test
abc0021400,2022-12-23 00:10:47.425+00,,0.0,test
abc0018498,2024-03-22 09:56:13.993+00,,-1236498.2699,real
abc0021422,2023-01-11 06:06:00.463+00,,0.0,real
abc0021390,2022-12-23 17:31:28.982+00,,0.0,real
abc0021421,2022-12-24 00:10:56.035+00,,0.0,test
abc0021421,2022-12-24 00:10:56.049+00,,0.0,real
abc0021422,2022-12-24 00:10:56.093+00,,0.0,test
abc0021349,2022-12-24 05:30:04.11+00,,0.0,real
abc0021448,2022-12-24 15:01:28.437+00,,0.0099,real
abc0021442,2022-12-25 00:10:47.321+00,,0.0,test
abc0021448,2022-12-25 00:10:47.46+00,,0.0,test
abc0021386,2024-01-19 00:14:46.437+00,,-508.49,real
abc0021478,2023-01-04 10:10:41.566+00,,-1024.65,real
abc0018647,2023-01-13 00:09:51.712+00,,11.88,real
abc0021458,2022-12-26 00:10:41.676+00,,0.0,test
abc0021468,2022-12-26 00:10:41.984+00,,0.0,real
abc0021470,2022-12-26 00:10:42.084+00,,0.0,test
abc0021480,2022-12-26 00:37:10.534+00,,0.0,real
abc0014144,2022-12-26 10:34:41.036+00,,0.0,real
abc0003872,2024-03-10 10:21:36.5+00,,-109.12,real
abc0021174,2022-12-28 00:10:41.594+00,,0.0,real
abc0021508,2022-12-28 00:10:52.142+00,,0.0,test
abc0021522,2022-12-28 00:25:44.932+00,,0.0,real
abc0021497,2023-01-10 09:45:18.34+00,,-326.7933,real
abc0020648,2022-12-28 17:51:05.735+00,,0.0,real
abc0021497,2022-12-29 00:10:58.452+00,,0.0,test
abc0021541,2022-12-29 00:10:59.771+00,,0.0,test
abc0021552,2023-01-01 04:16:17.514+00,,3.6234,real
abc0021560,2024-03-23 08:56:27.192+00,,-164870.5161,real
abc0021565,2022-12-29 09:39:34.337+00,,0.0,real
abc0021579,2022-12-29 19:12:09.591+00,,0.0,real
abc0021442,2022-12-29 21:09:25.606+00,,0.0,real
abc0021580,2022-12-29 21:17:09.478+00,,0.0,real
abc0010098,2023-05-08 03:20:30.328+00,,-72.85840000000002,real
abc0021232,2022-12-30 00:10:53.662+00,,0.0,test
abc0021576,2022-12-30 00:11:05.124+00,,0.0,test
abc0021586,2022-12-30 00:11:05.395+00,,0.0,test
abc0021485,2022-12-30 10:19:40.362+00,,0.0,real
abc0016703,2022-12-30 14:25:19.964+00,,0.0,real
abc0021609,2022-12-30 21:20:57.064+00,,0.0,real
abc0021148,2023-06-02 07:58:58.187+00,,422.9461,test
abc0019619,2022-12-31 16:47:01.966+00,,0.0,real
abc0019619,2023-01-01 00:10:00.684+00,,0.0,test
abc0021654,2023-01-01 15:47:06.946+00,,0.99,real
abc0021657,2023-01-02 00:11:04.925+00,,0.0,test
abc0021659,2023-01-02 00:11:05+00,,0.0,real
abc0021667,2023-01-02 09:43:56.897+00,,0.0,real
abc0021666,2023-01-02 10:04:07.625+00,,0.0,real
abc0021666,2023-01-02 13:13:55.214+00,,0.9405,test
abc0010366,2023-01-03 00:05:41.696+00,,0.0,test
abc0021582,2023-01-03 00:10:59.057+00,,0.0,real
abc0021663,2023-01-03 00:11:01.338+00,,0.0,real
abc0016444,2023-07-03 12:48:54.052+00,,464.80170000000004,test
abc0021568,2024-02-21 00:15:17.729+00,,-35628.999,real
abc0021568,2023-01-04 00:11:12.669+00,,0.0,test
abc0021684,2023-01-04 00:11:15.955+00,,0.0,test
abc0021690,2023-01-04 00:11:16.165+00,,0.0,real
abc0021703,2023-01-04 00:11:16.551+00,,0.0,real
abc0021592,2023-03-06 00:23:35.933+00,,-585719.81,real
abc0021595,2023-01-06 10:43:09.56+00,,-31513.864,real
abc0021727,2023-01-05 00:11:09.401+00,,0.0,test
abc0020642,2023-01-06 10:43:09.336+00,,-14850.0,real
abc0021736,2023-01-05 05:06:06.081+00,,0.0,real
abc0021760,2023-01-06 00:11:12.635+00,,0.0,real
abc0021760,2023-01-06 00:11:12.651+00,,0.0,test
abc0021768,2023-01-06 09:49:10.206+00,,0.0,real
abc0021750,2023-01-08 00:11:08.457+00,,204.81119999999999,real
abc0021784,2023-01-06 21:49:38.884+00,,0.0,real
abc0021152,2023-01-07 00:11:23.176+00,,0.0,real
abc0021781,2023-01-07 00:11:42.84+00,,0.0,real
abc0021823,2023-01-08 16:39:59.584+00,,0.0,real
abc0021148,2024-03-22 14:42:54.764+00,,-260259.94060000003,real
abc0021390,2023-06-08 14:29:05.448+00,,6186.1734,test
abc0021843,2023-01-09 17:42:55.787+00,,0.0,real
abc0020618,2023-01-10 00:10:50.479+00,,0.0,real
abc0021263,2023-01-10 00:11:05.005+00,,0.0,test
abc0021774,2023-01-10 03:33:35.633+00,,0.0,real
abc0020292,2023-01-17 11:37:00.71+00,,97.59979999999999,test
abc0020292,2023-01-10 09:28:35.856+00,,0.0,real
abc0021872,2023-01-10 14:52:21.272+00,,0.0,real
abc0021875,2023-01-10 18:18:54.13+00,,9.9,test
abc0005524,2023-01-11 19:45:40.815+00,,1039.5664000000002,real
abc0019921,2023-01-11 00:10:31.117+00,,0.0,test
abc0021714,2023-01-11 00:11:22.64+00,,0.0,test
abc0021875,2023-01-11 00:11:27.933+00,,0.0,real
abc0021879,2023-01-11 00:11:28.072+00,,0.0,real
abc0020699,2023-01-29 07:33:48.249+00,,263.42909999999995,real
abc0009931,2023-01-12 00:05:34.716+00,,0.0,real
abc0021888,2023-05-03 07:51:02.501+00,,72.4498,test
abc0018584,2023-01-12 06:25:01.721+00,,0.0,real
abc0020831,2023-03-28 09:07:14.738+00,,-5.288999999999999,test
abc0021911,2023-01-13 00:11:28.989+00,,0.0,test
abc0021885,2023-01-13 08:48:58.524+00,,0.0,real
abc0021766,2023-02-02 09:06:45.705+00,,2.475,real
abc0021766,2023-01-17 11:55:57.031+00,,8369.360999999999,test
abc0019162,2023-01-16 08:48:24.632+00,,0.0,real
abc0021891,2024-02-28 05:28:13.669+00,,-694.1790000000001,real
abc0021881,2023-11-03 05:55:49.503+00,,-530.0944,real
abc0021952,2023-01-14 00:11:32.311+00,,0.0,test
abc0021953,2023-01-14 00:11:32.373+00,,0.0,real
abc0021953,2023-01-14 00:11:32.396+00,,0.0,test
abc0021714,2023-05-11 15:52:49.577+00,,-1058.39,real
abc0021873,2023-01-17 00:11:48.971+00,,-358.6703,real
abc0021974,2023-01-15 00:11:28.82+00,,0.0,real
abc0021978,2023-01-15 00:11:28.958+00,,0.0,real
abc0021129,2023-01-16 00:11:20.938+00,,0.0,test
abc0021785,2023-01-16 00:11:41.867+00,,0.0,real
abc0021974,2023-01-16 00:11:48.202+00,,0.0,test
abc0017120,2023-01-16 14:03:37.425+00,,0.0,real
abc0014493,2023-01-17 00:08:28.054+00,,0.0,real
abc0022109,2023-01-17 02:10:03.192+00,,0.0,real
abc0022122,2023-02-13 04:20:40.699+00,,-1127.6199,real
abc0022129,2023-01-18 03:42:28.241+00,,0.0,real
abc0022159,2023-01-18 20:25:06.178+00,,-2.2224,test
abc0018606,2024-03-18 01:03:26.742+00,,845.295,real
abc0019209,2023-10-05 00:11:19.456+00,,-2.6322,real
abc0020700,2023-06-14 03:24:08.159+00,,52.3809,real
abc0022123,2023-01-19 00:11:36.988+00,,0.0,test
abc0022129,2023-01-19 00:11:37.198+00,,0.0,test
abc0017585,2023-01-19 12:33:27.709+00,,0.0,real
abc0004845,2023-01-20 00:02:38.546+00,,0.0,test
abc0013044,2024-01-25 00:09:41.602+00,,0.5026000000000002,real
abc0021517,2023-01-31 13:04:49.774+00,,1425.4316999999999,test
abc0022170,2023-01-20 00:11:42.211+00,,0.0,test
abc0022190,2023-01-20 00:11:42.832+00,,0.0,test
abc0021517,2023-02-17 09:36:39.25+00,,11.8701,real
abc0022202,2023-01-20 14:46:10.737+00,,0.0,real
abc0021386,2023-01-21 00:11:31.959+00,,0.0,test
abc0022218,2023-01-22 00:11:50.873+00,,0.0,test
abc0022276,2023-01-23 21:37:55.07+00,,0.0,real
abc0022260,2023-01-24 00:11:53.863+00,,0.0,test
abc0022270,2023-01-24 00:11:54.223+00,,0.0,test
abc0022274,2023-01-24 00:11:54.359+00,,0.0,real
abc0021976,2023-03-06 19:36:04.362+00,,2.97,real
abc0022282,2023-01-24 08:01:17.003+00,,0.0,real
abc0021976,2023-02-17 00:11:56.218+00,,2.2589000000002173,test
abc0022287,2023-01-24 13:34:07.304+00,,0.0,real
abc0022285,2023-01-24 13:42:22.42+00,,0.0,real
abc0022290,2023-01-24 13:46:42.891+00,,0.0,real
abc0020440,2023-01-24 16:06:23.366+00,,0.0,real
abc0022299,2023-01-24 17:02:49.96+00,,0.0,real
abc0022304,2023-04-12 02:05:33.496+00,,-198.99,real
abc0022304,2023-01-24 21:26:22.46+00,,2.97,test
abc0016877,2023-01-25 00:09:07.577+00,,0.0,real
abc0022292,2023-01-25 03:16:12.472+00,,0.0,real
abc0014818,2023-01-25 05:08:55.534+00,,0.0,real
abc0022320,2023-04-14 07:19:58.84+00,,4.75,test
abc0022328,2023-01-25 12:42:34.148+00,,0.0,real
abc0021786,2023-01-25 19:09:20.662+00,,0.0,real
abc0022340,2023-01-25 22:51:21.218+00,,0.0,real
abc0022187,2023-01-26 00:12:00.362+00,,0.0,test
abc0022315,2023-01-26 00:12:05.158+00,,0.0,real
abc0022331,2023-06-27 00:11:58.2+00,,-666.6764000000001,test
abc0018820,2023-01-26 02:04:52.821+00,,0.0,real
abc0022380,2024-03-23 08:51:50.522+00,,38746.79000000004,real
abc0022376,2024-03-21 08:46:31.343+00,,123.25999999999999,real
abc0021423,2024-03-08 00:15:47.039+00,,-106.8303,real
abc0021424,2023-03-29 00:09:38.383+00,,-1214.7348,real
abc0022390,2023-01-26 10:56:06.295+00,,0.0,real
abc0022390,2023-01-27 00:11:54.903+00,,0.0,test
abc0022400,2023-01-27 00:11:55.22+00,,0.0,test
abc0022403,2023-01-27 00:11:55.331+00,,0.0,real
abc0022408,2023-01-27 04:33:22.788+00,,0.0,real
abc0022395,2023-04-10 17:11:40.065+00,,83.7837,real
abc0022430,2023-01-27 18:00:03.147+00,,0.0,real
abc0022441,2024-01-12 00:15:41.243+00,,251.28199999999998,real
abc0022471,2023-01-28 21:35:52.427+00,,0.0,real
abc0022469,2023-01-29 00:12:01.212+00,,0.0,real
abc0022469,2023-01-29 00:12:01.241+00,,0.0,test
abc0022471,2023-01-29 00:12:01.369+00,,0.0,test
abc0022494,2023-01-30 00:12:13.675+00,,0.0,test
abc0022498,2023-01-31 00:12:05.985+00,,0.0,real
abc0022522,2023-01-31 04:08:58.215+00,,0.0,real
abc0022549,2023-01-31 20:17:49.625+00,,0.0,real
abc0022534,2023-09-01 00:13:07.505+00,,-54399.5584,real
abc0022506,2023-10-24 08:37:49.449+00,,-350.3399999999999,real
abc0022564,2023-02-01 11:02:54.236+00,,0.0,real
abc0022565,2023-02-01 12:19:01.289+00,,0.0,real
abc0022569,2023-02-22 17:09:29.371+00,,-30852.36,real
abc0022572,2023-02-01 15:21:06.076+00,,0.0,real
abc0016290,2023-04-05 00:07:31.012+00,,-32851.604,real
abc0022584,2023-02-01 23:53:31.674+00,,9.9,real
abc0022497,2023-03-16 13:21:59.999+00,,15.345,real
abc0022536,2023-02-02 00:12:09.244+00,,0.0,test
abc0022556,2023-02-02 00:12:09.81+00,,0.0,real
abc0020405,2023-02-02 04:06:07.259+00,,7.5933,test
abc0019128,2023-02-02 16:47:56.865+00,,0.0,real
abc0022605,2023-02-02 17:57:06.615+00,,0.0,real
abc0022607,2023-02-02 20:44:10.44+00,,0.0,real
abc0020405,2023-02-03 00:11:09.339+00,,0.0,real
abc0022558,2023-02-03 00:12:11.59+00,,0.0,test
abc0022570,2023-02-03 00:12:11.998+00,,0.0,real
abc0022612,2023-02-03 05:01:29.978+00,,0.0,real
abc0022618,2023-02-03 06:40:20.751+00,,0.0,real
abc0022558,2023-06-21 00:11:54.032+00,,51.48,real
abc0022638,2023-02-03 12:46:46.285+00,,0.0,real
abc0022641,2023-02-03 13:25:27.146+00,,0.99,real
abc0018811,2023-02-03 16:07:14.084+00,,0.0,real
abc0021857,2023-02-04 14:25:29.246+00,,0.0,real
abc0017810,2023-02-05 00:09:42.609+00,,0.0,real
abc0018606,2023-02-20 00:10:22.31+00,,10.8999,test
abc0022684,2023-02-05 17:48:17.862+00,,0.0,real
abc0021671,2023-02-06 00:11:48.251+00,,0.0,test
abc0022497,2023-02-07 02:45:10.305+00,,64.35,test
abc0022630,2023-08-18 02:22:13.64+00,,-1112166.3990000002,real
abc0022592,2023-03-10 00:12:52.074+00,,2365.2171,test
abc0022592,2023-03-11 00:12:32.889+00,,10.3435,real
abc0022117,2023-05-04 00:10:50.86+00,,27.3106,test
abc0022117,2024-03-19 05:09:16.188+00,,6200.602199999999,real
abc0022723,2023-02-07 00:38:50.927+00,,0.0,real
abc0022692,2024-03-18 14:01:50.596+00,,310.1367,real
abc0022621,2023-08-29 00:12:58.405+00,,-21012.282,real
abc0022735,2023-02-07 11:36:01.383+00,,0.0,real
abc0022738,2023-02-07 14:57:14.08+00,,0.0,real
abc0022711,2023-02-07 15:12:57.832+00,,0.0,real
abc0013259,2023-03-14 00:08:10.944+00,,-1180.6175999999998,real
abc0022692,2023-02-08 00:12:13.492+00,,0.0,test
abc0022735,2023-02-08 00:12:14.694+00,,0.0,test
abc0022732,2024-03-21 01:43:05.109+00,,-3194433.3711,real
abc0022737,2023-02-08 16:24:49.45+00,,0.0,real
abc0022789,2024-02-05 00:28:44.363+00,,-618475.6869999999,real
abc0022816,2023-02-10 02:29:37.197+00,,-4.930000000000001,real
abc0020248,2023-02-10 00:11:11.781+00,,0.0,real
abc0022787,2023-02-10 00:12:28.758+00,,0.0,real
abc0022806,2023-02-10 00:12:29.355+00,,0.0,test
abc0022816,2023-02-10 00:12:29.688+00,,0.0,test
abc0022822,2023-02-20 18:33:43.766+00,,0.5346000000000001,real
abc0022823,2023-02-10 12:26:51.762+00,,0.0,real
abc0020619,2023-02-10 14:42:58.611+00,,0.0,real
abc0022835,2023-07-07 14:58:12.838+00,,1004.8401,real
abc0022835,2023-02-11 00:13:01.331+00,,0.0,test
abc0022857,2023-02-11 07:30:16.931+00,,0.0,real
abc0022664,2023-02-11 17:39:26.825+00,,0.0,real
abc0022687,2024-03-22 13:09:47.458+00,,-18584.996400000004,real
abc0022867,2023-02-12 00:12:28.772+00,,0.0,real
abc0022687,2023-02-12 05:35:54.651+00,,4949.1585,test
abc0017709,2023-02-12 15:21:29.05+00,,0.0,real
abc0017709,2023-02-12 16:43:51.351+00,,362.9656,test
abc0022831,2023-02-13 00:12:32.408+00,,0.0,real
abc0020692,2023-05-16 00:10:00.29+00,,29.919999999999998,test
abc0022380,2024-03-22 02:04:45.83+00,,6727.16,test
abc0022911,2023-05-17 09:10:24.066+00,,-20.6929,test
abc0022830,2023-02-14 02:39:55.054+00,,0.0,real
abc0022933,2023-02-14 03:36:15.411+00,,9.9198,real
abc0022830,2023-02-28 21:50:43.822+00,,479.0214,test
abc0021853,2023-09-25 00:12:55.219+00,,-783.7351,real
abc0022907,2023-02-15 00:12:43.072+00,,0.0,real
abc0022920,2023-02-15 00:12:43.477+00,,0.0,test
abc0022945,2023-02-15 00:12:44.209+00,,0.0,test
abc0022956,2023-02-15 00:12:44.647+00,,0.0,test
abc0022915,2024-01-05 00:15:47.498+00,,-75138.4082,real
abc0022902,2024-01-30 11:21:56.259+00,,398.9285,test
abc0022966,2023-02-15 10:43:52.398+00,,-220.56799999999998,test
abc0022923,2023-02-16 14:21:29.085+00,,49.490100000000005,test
abc0022964,2023-02-16 00:12:47.15+00,,0.0,test
abc0022966,2023-02-16 00:12:47.228+00,,0.0,real
abc0022963,2023-03-20 07:31:34.669+00,,-76032.95,real
abc0022911,2023-03-15 07:29:34.106+00,,0.1386,real
abc0023005,2023-02-17 00:12:28.159+00,,0.0,real
abc0023013,2023-02-17 00:12:28.436+00,,0.0,real
abc0022825,2024-03-23 07:00:37.6+00,,-8467997.403300002,real
abc0022825,2023-07-01 09:27:07.228+00,,20271.041999999998,test
abc0023027,2023-02-17 21:12:37.825+00,,4.95,test
abc0022668,2023-02-18 00:12:53.673+00,,0.0,real
abc0022962,2023-11-16 00:27:11.165+00,,-1201908.0145,real
abc0023001,2023-02-19 18:53:41.564+00,,-3.3436999999999997,test
abc0023066,2023-02-19 19:41:16.853+00,,0.0,real
abc0023067,2023-02-19 22:43:21.996+00,,0.0,real
abc0023067,2023-02-20 00:12:41.672+00,,0.0,test
abc0018013,2023-02-20 11:43:24.248+00,,473.43780000000004,test
abc0022946,2024-03-22 02:31:05.435+00,,-243.54,real
abc0023073,2023-02-21 00:12:28.336+00,,0.0,test
abc0023076,2023-02-21 00:12:28.443+00,,0.0,real
abc0022160,2023-02-21 03:06:22.544+00,,62.5383,real
abc0019610,2023-02-21 08:15:46.989+00,,0.0,real
abc0022969,2023-03-08 06:45:22.57+00,,10.8603,real
abc0022969,2023-02-27 20:58:02.32+00,,-2.1737,test
abc0023108,2023-02-22 00:12:47.455+00,,0.0,real
abc0023121,2023-02-22 17:55:20.403+00,,0.0,real
abc0008727,2023-02-23 00:05:05.758+00,,0.0,test
abc0022946,2023-11-03 07:31:50.203+00,,311.9176,test
abc0023112,2023-02-23 02:22:37.82+00,,0.0,real
abc0023130,2023-08-24 07:45:49.817+00,,-10285.8505,real
abc0023076,2023-08-05 00:12:51.335+00,,225.7653,test
abc0019299,2023-02-25 00:10:50.585+00,,9898.92,test
abc0013044,2024-01-08 09:23:30.431+00,,161.584,test
abc0023132,2023-02-23 09:35:55.601+00,,0.0,real
abc0023095,2023-02-23 20:32:58.086+00,,0.0,real
abc0023123,2023-02-23 23:25:07.108+00,,0.0,real
abc0023132,2023-05-19 02:54:32.771+00,,160.44889999999998,test
abc0023150,2023-02-24 00:12:55.81+00,,0.0,test
abc0023158,2023-02-24 00:12:56.084+00,,0.0,real
abc0023160,2023-02-24 04:52:06.67+00,,0.0,real
abc0020470,2023-12-05 16:35:48.562+00,,-16743.1053,real
abc0022902,2023-04-03 00:10:32.268+00,,-79.60480000000001,real
abc0023167,2023-02-24 23:08:57.942+00,,-2.83,real
abc0019299,2023-02-25 00:10:50.575+00,,0.0,real
abc0022988,2023-04-17 00:18:53.347+00,,-258.948,real
abc0023166,2023-02-25 23:56:53.238+00,,0.0,real
abc0023182,2023-02-26 00:12:38.267+00,,0.0,test
abc0017979,2023-02-26 02:11:02.075+00,,0.0,real
abc0023190,2023-02-26 08:37:05.763+00,,0.0,real
abc0023240,2023-02-28 06:18:30.168+00,,0.0,real
abc0022755,2023-02-28 08:25:21.289+00,,0.99,test
abc0023245,2023-02-28 10:50:47.254+00,,0.0,real
abc0023255,2023-02-28 14:24:22.974+00,,0.0,real
abc0023219,2023-03-01 00:10:02.097+00,,0.0,test
abc0023244,2023-03-01 03:26:27.364+00,,8.883,real
abc0023217,2023-08-25 00:13:12.464+00,,-184415.0299,real
abc0022331,2023-03-02 00:09:43.12+00,,0.0,real
abc0023231,2023-04-06 00:10:34.047+00,,416.8791,test
abc0023238,2023-03-17 12:07:34.215+00,,-13.8646,real
abc0023243,2023-03-02 00:10:07.181+00,,0.0,test
abc0023267,2023-03-02 00:10:07.881+00,,0.0,test
abc0023268,2023-03-02 00:10:07.919+00,,0.0,test
abc0023287,2023-03-02 00:10:08.439+00,,0.0,test
abc0023213,2023-08-24 07:45:47.139+00,,-43823.0639,real
abc0023298,2023-08-24 07:45:48.582+00,,-34632.4361,real
abc0022817,2023-03-03 00:10:01.501+00,,0.0,real
abc0023305,2023-03-03 00:10:16.125+00,,0.0,real
abc0023310,2023-03-03 00:10:16.268+00,,0.0,test
abc0023311,2023-03-03 00:10:16.305+00,,0.0,test
abc0022826,2023-06-28 06:43:36.339+00,,762.16,test
abc0023136,2023-03-03 03:59:20.182+00,,0.0,real
abc0023319,2023-12-26 02:17:37.2+00,,-207692.82,real
abc0022923,2024-03-18 16:22:00.967+00,,-720.3536000000001,real
abc0023211,2023-08-24 07:45:46.861+00,,-11045.304900000001,real
abc0023301,2023-08-04 00:13:04.638+00,,-214.4319,real
abc0023110,2023-04-30 11:04:57.462+00,,5.9498999999999995,real
abc0023330,2023-03-05 00:12:55.957+00,,0.0,test
abc0023153,2023-12-21 00:15:21.502+00,,-3111.45,real
abc0023352,2023-03-06 00:12:45.237+00,,0.0,test
abc0023388,2023-03-06 00:12:46.102+00,,0.0,test
abc0022826,2024-03-22 13:13:17.975+00,,-7848249.459999999,real
abc0008585,2023-03-06 08:21:52.386+00,,0.0,real
abc0011880,2023-03-06 08:22:12.517+00,,0.0,real
abc0006406,2023-03-06 08:24:28.523+00,,0.0,real
abc0011897,2023-03-06 08:24:54.367+00,,0.0,real
abc0021727,2023-06-30 08:30:25.968+00,,-4065.2373,real
abc0023418,2023-03-07 00:12:44.241+00,,0.0,test
abc0023424,2023-03-07 00:12:44.449+00,,0.0,test
abc0023425,2023-03-07 00:12:44.494+00,,0.0,test
abc0023426,2023-03-07 00:12:44.539+00,,0.0,test
abc0023165,2023-03-07 14:32:47.166+00,,0.0,real
abc0023165,2023-03-08 00:12:58.577+00,,0.0,test
abc0023436,2023-03-08 00:13:07.546+00,,0.0,test
abc0023443,2023-03-08 00:13:07.802+00,,0.0,test
abc0023449,2023-03-08 00:13:07.994+00,,0.0,test
abc0023458,2023-03-08 00:13:08.276+00,,0.0,test
abc0008408,2023-03-08 01:42:06.307+00,,0.0,real
abc0016302,2023-03-09 00:09:14.264+00,,0.0,test
abc0023465,2023-03-09 00:13:10.757+00,,0.0,test
abc0023466,2023-03-09 00:13:10.803+00,,0.0,test
abc0023490,2023-03-09 00:13:11.594+00,,0.0,test
abc0023503,2023-08-04 08:34:53.453+00,,-4.950000000000001,real
abc0013493,2023-03-09 03:32:47.179+00,,0.0,real
abc0022320,2023-03-09 03:36:22.459+00,,0.0,real
abc0023503,2023-08-04 08:38:06.975+00,,71.72,test
abc0021852,2023-03-09 08:06:08.06+00,,0.0,real
abc0023237,2023-03-30 02:17:32.477+00,,-7.4848,real
abc0023514,2023-03-10 00:13:22.573+00,,0.0,test
abc0018819,2023-03-10 07:06:54.153+00,,0.0,real
abc0023564,2024-03-22 22:56:38.62+00,,2497.3399999999965,real
abc0022507,2024-03-14 00:16:53.209+00,,-230704.6162,real
abc0023538,2024-03-22 09:47:11.22+00,,882.3600000000151,real
abc0023525,2023-03-11 00:13:02.997+00,,0.0,test
abc0023637,2023-03-12 00:12:31.899+00,,0.0,test
abc0023639,2023-03-12 00:12:31.976+00,,0.0,test
abc0023661,2023-03-13 00:12:40.314+00,,0.0,test
abc0023680,2023-03-13 00:12:40.924+00,,0.0,test
abc0023689,2023-03-13 07:42:12.365+00,,-3.2326,test
abc0023616,2023-03-23 00:17:41.194+00,,-843.2,real
abc0023709,2023-03-13 20:59:58.647+00,,4.0788,test
abc0023331,2023-03-14 00:13:17.912+00,,0.0,test
abc0023652,2023-03-14 00:13:26.159+00,,0.0,test
abc0023697,2023-03-14 00:13:27.751+00,,0.0,test
abc0023733,2023-03-14 10:35:23.004+00,,1.98,test
abc0023187,2023-04-29 00:11:08.555+00,,-739.53,real
abc0022773,2024-03-22 12:24:36.123+00,,-748292.9785,real
abc0019660,2023-03-15 00:11:24.897+00,,0.0,test
abc0022507,2023-12-27 02:55:23.525+00,,3269.8751,test
abc0023727,2023-03-15 00:13:32.654+00,,0.0,test
abc0023750,2023-03-15 00:13:33.403+00,,0.0,test
abc0019880,2023-07-11 00:21:48.402+00,,-1005308.3124,real
abc0022625,2023-08-17 00:25:00.783+00,,-8599.019,real
abc0023695,2023-04-18 09:35:18.953+00,,-1999.6,real
abc0022494,2023-10-04 09:11:44.833+00,,-1.9295,real
abc0023801,2023-03-15 23:03:21.702+00,,398.5245,test
abc0023794,2023-03-16 00:13:25.243+00,,0.0,test
abc0023736,2023-03-16 08:40:14.803+00,,0.0,real
abc0023543,2023-03-16 11:32:04.752+00,,0.0,real
abc0006439,2023-05-04 21:04:22.382+00,,338.768,real
abc0022538,2023-10-14 21:05:28.946+00,,7.92,real
abc0023807,2023-03-17 00:13:40.32+00,,0.0,test
abc0023811,2023-03-17 00:13:40.461+00,,0.0,real
abc0023823,2023-03-17 00:13:40.861+00,,0.0,test
abc0023063,2023-04-04 01:00:06.897+00,,364.16159999999996,real
abc0023283,2023-03-17 23:21:35.859+00,,0.99,real
abc0023811,2024-01-09 06:39:39.838+00,,186.87079999999997,test
abc0023882,2023-03-18 00:13:31.431+00,,0.0,test
abc0023396,2023-03-19 00:13:02.567+00,,0.0,test
abc0023885,2023-03-19 00:13:16.879+00,,0.0,test
abc0023909,2023-03-19 00:13:17.584+00,,0.0,test
abc0023910,2023-03-19 12:47:23.17+00,,444.487,test
abc0017617,2023-03-20 00:10:09.407+00,,0.0,real
abc0023931,2023-03-20 00:13:30.531+00,,0.0,test
abc0023856,2023-03-24 00:10:51.621+00,,-28.1326,real
abc0023741,2023-08-29 00:13:33.409+00,,-6508.826,real
abc0023551,2023-03-30 19:14:24.251+00,,1.089999999999975,real
abc0023677,2023-03-21 00:13:31.796+00,,0.0,test
abc0023936,2023-03-21 00:13:39.919+00,,0.0,test
abc0023853,2023-06-19 00:22:53.976+00,,-6.885599999999999,real
abc0023855,2023-04-03 00:18:58.987+00,,-27.8243,real
abc0023101,2023-03-29 00:10:25.131+00,,-32.6412,real
abc0016859,2023-07-24 07:11:40.167+00,,340.633,test
abc0020767,2023-03-22 00:12:07.069+00,,0.0,test
abc0022641,2023-03-22 00:13:03.217+00,,0.0,test
abc0023716,2023-03-23 07:10:40.102+00,,-1.0,test
abc0024000,2023-03-22 00:13:46.261+00,,0.0,test
abc0024003,2023-03-23 00:11:06.252+00,,0.0,test
abc0024004,2023-03-23 00:11:06.3+00,,0.0,test
abc0024005,2023-03-23 00:11:06.338+00,,0.0,test
abc0024010,2023-03-23 00:11:06.49+00,,0.0,test
abc0023509,2023-10-10 02:16:27.047+00,,-28454.74,real
abc0022354,2024-03-23 08:49:51.28+00,,48749.47000000003,real
abc0022344,2024-03-22 00:35:57.833+00,,210.8,real
abc0022355,2024-03-18 08:55:12.74+00,,403.9300000000003,real
abc0022360,2024-02-24 00:31:26.544+00,,13.04,real
abc0023815,2024-03-23 08:56:05.574+00,,-202889.9568,real
abc0024008,2023-10-20 00:14:48.61+00,,37.78650000000039,test
abc0024038,2023-03-24 00:10:56.209+00,,0.0,test
abc0024044,2023-03-24 00:10:56.388+00,,0.0,real
abc0022348,2024-03-20 19:53:10.088+00,,88.62,real
abc0022354,2024-01-09 00:34:05.915+00,,4076.8500000000004,test
abc0024008,2024-03-12 13:22:03.226+00,,-11793.174700000001,real
abc0022372,2024-03-21 20:52:54.223+00,,156.87000000000012,real
abc0022773,2023-03-25 00:09:43.081+00,,0.0,test
abc0024058,2023-03-25 00:10:16.341+00,,0.0,test
abc0023098,2023-09-08 14:39:46.565+00,,-16.86,real
abc0022371,2024-03-20 11:33:21.521+00,,138.5400000000002,real
abc0002043,2023-03-26 00:00:53.639+00,,0.0,real
abc0024074,2023-03-26 00:10:30.603+00,,0.0,test
abc0024076,2023-03-26 00:10:30.668+00,,0.0,test
abc0022375,2024-03-21 16:28:39.456+00,,75.76,real
abc0024082,2023-03-27 00:11:10.322+00,,0.0,test
abc0024090,2023-03-27 00:11:10.605+00,,0.0,test
abc0024095,2023-03-27 00:11:10.843+00,,0.0,test
abc0024103,2023-03-27 00:11:11.089+00,,0.0,test
abc0022366,2024-03-10 05:44:41.075+00,,47.68000000000001,real
abc0022624,2023-03-27 07:11:55.751+00,,0.0,real
abc0024114,2023-03-27 11:45:41.174+00,,0.99,test
abc0024061,2023-05-26 09:12:46.683+00,,407.9063,test
abc0023532,2023-11-24 14:55:26.422+00,,0.0,real
abc0022355,2024-03-20 08:50:05.742+00,,0.0,test
abc0023859,2023-03-28 14:45:10.646+00,,2.1384000000000003,real
abc0023536,2023-04-06 21:29:46.081+00,,0.0,real
abc0022394,2023-03-28 13:33:07.443+00,,0.0,real
abc0022349,2024-03-05 18:26:27.659+00,,8.050000000000011,real
abc0023726,2023-07-03 02:01:04.072+00,,-75415.72099999999,real
abc0023969,2023-03-29 00:10:45.628+00,,0.0,real
abc0024158,2023-03-29 00:10:50.672+00,,0.0,test
abc0022374,2023-07-07 05:10:51.63+00,,0.8399999999999999,real
abc0024186,2023-03-29 16:15:54.785+00,,-2.5761000000000003,test
abc0024157,2023-06-26 11:59:13.231+00,,11.9691,test
abc0024197,2023-03-30 00:11:13.608+00,,0.0,test
abc0024207,2023-03-30 07:41:51.259+00,,0.0,real
abc0023570,2023-03-30 08:32:50.217+00,,1.74,real
abc0022382,2023-05-14 18:18:21.135+00,,0.0,test
abc0022382,2024-03-22 10:48:03.846+00,,1145.9100000000003,real
abc0024207,2023-03-31 00:10:53.587+00,,0.0,test
abc0024127,2023-08-24 01:54:01.462+00,,-6182306.85,real
abc0024147,2024-03-11 17:01:52.308+00,,-1084.3400000000001,real
abc0022367,2024-03-20 12:23:33.833+00,,7.530000000000001,real
abc0024030,2023-03-31 18:00:31.342+00,,0.0,real
abc0018819,2023-04-06 14:30:57.939+00,,82.3242,test
abc0023488,2023-04-01 00:10:39.276+00,,0.0,test
abc0024033,2023-04-01 00:10:51.766+00,,0.0,real
abc0024228,2023-04-01 00:10:57.067+00,,0.0,test
abc0024235,2023-04-01 00:10:57.275+00,,0.0,test
abc0024035,2024-01-18 07:52:41.527+00,,-264.2337,real
abc0024034,2024-02-09 00:28:51.742+00,,-51449.3846,real
abc0023965,2023-04-18 06:24:44.314+00,,-1981.98,real
abc0022849,2024-03-05 23:18:32.62+00,,-1183.2653,real
abc0024022,2023-04-03 00:11:00.773+00,,0.0,real
abc0024271,2023-04-03 00:11:08.555+00,,0.0,test
abc0024274,2023-05-18 06:30:34.616+00,,1612.8122,test
abc0024274,2024-02-27 04:04:38.143+00,,2149.8958,real
abc0023726,2023-05-19 02:27:16.83+00,,-867.9738,test
abc0023815,2023-04-07 09:30:11.008+00,,-54.96300000000001,test
abc0024279,2023-04-04 00:11:11.663+00,,0.0,test
abc0024287,2023-04-04 00:11:11.906+00,,0.0,test
abc0024029,2023-04-04 15:23:16.498+00,,0.0,real
abc0024313,2023-04-05 00:10:55.393+00,,0.0,test
abc0017827,2023-04-05 07:14:14.607+00,,5.952,test
abc0023529,2024-01-26 23:58:00.192+00,,0.0,real
abc0011407,2023-04-06 08:34:46.502+00,,51.5542,test
abc0024324,2023-04-06 00:11:01.386+00,,0.0,test
abc0024327,2023-04-06 00:11:01.565+00,,0.0,test
abc0024334,2023-04-06 00:11:01.97+00,,0.0,test
abc0024341,2023-04-06 00:11:02.212+00,,0.0,test
abc0011407,2024-03-23 08:14:25.132+00,,-618559.0366999999,real
abc0024283,2023-08-14 00:28:21.434+00,,-25287.078100000002,real
abc0024027,2023-11-30 00:15:50.761+00,,-64.5579,real
abc0022376,2023-12-28 10:07:55.173+00,,12.919999999999959,test
abc0003314,2023-04-07 00:01:32.67+00,,0.0,real
abc0012640,2023-04-07 00:06:11.571+00,,0.0,real
abc0022750,2023-04-07 00:10:18.197+00,,0.0,real
abc0024326,2023-04-07 00:10:58.177+00,,0.0,test
abc0024335,2023-04-07 00:10:58.454+00,,0.0,test
abc0022345,2024-02-12 17:48:17.899+00,,43.26,real
abc0024265,2023-04-08 00:11:02.208+00,,0.0,test
abc0024372,2023-04-08 00:11:06.428+00,,0.0,test
abc0024375,2023-04-08 00:11:06.568+00,,0.0,test
abc0024377,2023-04-08 00:11:06.647+00,,0.0,test
abc0021671,2023-04-08 03:12:15.978+00,,0.0,real
abc0024388,2023-04-08 10:07:22.204+00,,5.346,test
abc0022386,2023-04-08 23:08:45.969+00,,0.0,real
abc0022356,2024-01-08 14:18:50.34+00,,2.6399999999999997,real
abc0022371,2023-11-14 00:56:37.431+00,,3144.96,test
abc0022352,2024-03-03 14:02:26.585+00,,14.070000000000007,real
abc0024229,2024-03-21 01:43:18.409+00,,-3151959.252,real
abc0019591,2023-04-24 11:13:42.35+00,,-1.0299999999999998,real
abc0019885,2024-03-22 15:04:05.427+00,,-443054.7849,real
abc0022353,2023-07-07 05:08:54.494+00,,0.1,real
abc0024427,2023-04-11 00:10:47.719+00,,0.0,test
abc0023737,2023-08-24 07:45:50.176+00,,-70829.6312,real
abc0024433,2023-11-07 10:12:24.782+00,,94.88,test
abc0024440,2023-04-11 09:17:19.918+00,,4.75,test
abc0019885,2023-04-13 14:37:44.02+00,,1523.6199,test
abc0020321,2023-07-13 00:11:03.442+00,,-367956.6382,real
abc0018897,2023-04-11 09:56:07.075+00,,0.0,real
abc0024286,2023-08-08 00:13:41.92+00,,-200.41299999999995,real
abc0022373,2023-05-01 10:37:28.236+00,,0.010000000000001563,real
abc0023969,2023-04-12 00:10:54.064+00,,0.0,test
abc0024175,2023-04-12 00:10:59.935+00,,0.0,test
abc0024448,2023-04-12 00:11:08.34+00,,0.0,test
abc0024451,2023-04-12 00:11:08.437+00,,0.0,test
abc0024457,2023-04-12 00:11:08.612+00,,0.0,test
abc0023440,2023-04-13 00:11:03.066+00,,0.0,test
abc0024471,2023-04-13 00:11:30.791+00,,0.0,test
abc0021690,2023-04-14 00:10:09.743+00,,0.0,test
abc0024489,2023-04-14 00:11:27.434+00,,0.0,test
abc0024501,2023-04-14 00:11:27.792+00,,0.0,test
abc0024178,2023-08-24 07:45:46.145+00,,-6331.779500000001,real
abc0018820,2023-04-24 10:10:58.605+00,,105.60370000000002,test
abc0022367,2023-05-05 07:45:56.378+00,,0.0,test
abc0022368,2023-07-07 05:11:33.685+00,,0.09,real
abc0024527,2023-04-14 21:14:39.131+00,,863.4285,test
abc0024514,2023-04-15 00:11:22.607+00,,0.0,test
abc0024520,2023-04-15 00:11:22.806+00,,0.0,test
abc0024531,2023-04-16 00:11:16.914+00,,0.0,test
abc0024466,2023-04-20 00:18:20.579+00,,-50.336000000000006,real
abc0024546,2023-04-17 00:11:24.367+00,,0.0,test
abc0024547,2023-04-17 00:11:24.405+00,,0.0,test
abc0024548,2023-04-17 00:11:24.44+00,,0.0,test
abc0024560,2023-04-17 00:11:24.747+00,,0.0,test
abc0016163,2024-02-03 00:11:23.409+00,,-3241.8687999999997,real
abc0024563,2023-04-18 04:24:27.376+00,,97.97999999999999,test
abc0024561,2023-04-18 00:11:28.047+00,,0.0,test
abc0024577,2023-04-18 17:34:58.928+00,,468.3789,test
abc0017827,2023-04-18 07:28:58.105+00,,0.0,real
abc0024032,2023-11-29 05:18:08.577+00,,-1292.6654,real
abc0020475,2023-04-19 00:10:15.044+00,,0.0,real
abc0022415,2023-09-22 06:20:16.457+00,,7.9,test
abc0024053,2024-01-26 07:54:18.943+00,,-8.1,test
abc0024591,2023-04-19 00:12:09.734+00,,0.0,test
abc0024600,2023-04-19 00:12:10.028+00,,0.0,test
abc0024609,2024-02-27 10:50:33.473+00,,999431.9149999999,test
abc0024612,2023-04-20 00:11:36.966+00,,0.0,test
abc0024205,2024-03-07 00:17:27.755+00,,-321749.1825,real
abc0020475,2023-07-25 00:11:25.031+00,,722.2305,test
abc0021392,2023-05-24 13:54:59.926+00,,0.08579999999999988,test
abc0006628,2023-04-22 00:03:19.354+00,,0.0,test
abc0024504,2023-04-22 00:11:39.743+00,,0.0,test
abc0024659,2023-04-23 15:14:55.434+00,,-0.06260000000000021,test
abc0023607,2024-03-23 02:40:48.791+00,,2246.51,real
abc0024665,2023-04-23 00:11:37.461+00,,0.0,test
abc0024669,2023-04-23 00:11:37.6+00,,0.0,test
abc0024566,2023-04-24 00:11:46.487+00,,0.0,test
abc0024596,2023-04-24 08:37:41.369+00,,0.0,real
abc0024349,2023-04-25 00:11:34.558+00,,0.0,test
abc0024690,2023-04-25 00:11:44.575+00,,0.0,test
abc0024703,2023-04-25 00:11:44.969+00,,0.0,test
abc0024694,2023-11-08 00:15:33.995+00,,3.4727999999999994,test
abc0022726,2023-04-26 00:10:46.639+00,,0.0,real
abc0023471,2023-04-26 00:11:08.899+00,,0.0,test
abc0024706,2023-04-26 00:11:42.592+00,,0.0,test
abc0024714,2023-04-26 00:11:42.833+00,,0.0,test
abc0022854,2023-04-28 02:54:50.211+00,,-2.67,real
abc0023971,2023-05-16 04:29:34.92+00,,8.928,test
abc0024734,2023-04-27 00:11:36.125+00,,0.0,test
abc0024746,2023-04-27 00:11:36.452+00,,0.0,test
abc0024588,2024-02-07 04:27:23.603+00,,11332.921900000001,test
abc0020036,2023-04-27 13:01:20.657+00,,0.0,real
abc0024175,2023-09-04 17:51:17.005+00,,-3993.512499999999,real
abc0021888,2023-04-28 00:10:26.303+00,,0.0,real
abc0024764,2023-12-06 16:38:11.958+00,,-58470.119999999995,real
abc0024609,2023-04-28 08:02:26.926+00,,0.0,real
abc0002098,2023-04-29 00:01:02.285+00,,0.0,test
abc0024776,2023-04-29 00:11:52.13+00,,0.0,test
abc0019919,2023-04-30 00:09:42.276+00,,0.0,test
abc0024803,2023-05-01 00:12:08.362+00,,0.0,test
abc0014753,2023-05-02 00:07:46.927+00,,0.0,real
abc0024419,2023-05-02 00:11:49.972+00,,0.0,test
abc0024569,2023-09-06 16:41:01.986+00,,-29940.510000000002,real
abc0021103,2024-01-31 16:33:14.318+00,,5.4054,real
abc0021103,2024-02-25 17:37:52.81+00,,7.5636,test
abc0022726,2023-06-09 07:41:25.354+00,,-84.69,test
abc0005193,2023-09-12 00:03:12.979+00,,0.0,real
abc0024691,2023-07-28 23:23:25.755+00,,801.7854,test
abc0024842,2023-05-04 00:12:08.204+00,,0.0,real
abc0024851,2023-05-04 00:12:08.476+00,,0.0,test
abc0024852,2023-05-04 00:12:08.517+00,,0.0,test
abc0024860,2023-05-04 00:12:08.739+00,,0.0,test
abc0024149,2024-03-23 00:19:23.337+00,,-3309796.5525,real
abc0019993,2023-05-05 08:59:23.492+00,,0.0,real
abc0024903,2023-05-06 00:11:59.018+00,,0.0,test
abc0022350,2023-07-07 05:10:04.348+00,,0.06,real
abc0019351,2024-01-29 20:55:55.328+00,,-54373.31,real
abc0024936,2023-05-25 14:26:13.215+00,,248.5098,test
abc0024861,2023-05-09 00:12:15.271+00,,0.0,test
abc0024925,2023-05-09 00:12:17.018+00,,0.0,test
abc0024945,2023-12-27 06:47:48.218+00,,-4.51,test
abc0024833,2023-05-10 00:11:47.331+00,,0.0,test
abc0024842,2023-05-15 00:12:00.574+00,,-0.7172999999999817,test
abc0024944,2023-05-10 00:11:50.418+00,,0.0,test
abc0024962,2023-05-10 00:11:50.901+00,,0.0,test
abc0024882,2023-05-13 00:11:48.586+00,,-16824.6485,real
abc0024968,2023-05-10 07:37:18.691+00,,371.9826,test
abc0024885,2023-05-26 00:12:31.735+00,,-39928.8037,real
abc0024883,2023-05-26 00:12:31.663+00,,-30350.0443,real
abc0007241,2023-05-10 15:25:35.581+00,,0.0,real
abc0023999,2023-05-11 13:42:45.403+00,,8.1378,test
abc0024694,2023-05-11 00:11:42.374+00,,0.0,real
abc0024969,2023-05-11 00:11:50.045+00,,0.0,test
abc0024981,2023-05-11 00:11:50.359+00,,0.0,test
abc0024926,2024-03-13 00:18:48.914+00,,191.10749999999985,test
abc0024986,2023-05-13 00:11:51.348+00,,0.0,real
abc0024886,2023-05-26 00:12:31.771+00,,-46710.3334,real
abc0022910,2023-05-11 18:55:03.371+00,,0.0,real
abc0024800,2023-05-12 00:11:48.748+00,,0.0,test
abc0024988,2023-05-12 00:11:53.914+00,,0.0,test
abc0024884,2023-05-26 00:12:31.701+00,,-71357.9973,real
abc0024388,2023-05-12 02:18:37.3+00,,0.0,real
abc0024945,2023-05-12 08:03:34.149+00,,0.0,real
abc0025016,2023-05-13 00:11:52.219+00,,0.0,test
abc0025045,2023-05-15 00:12:06.752+00,,0.0,test
abc0024985,2023-05-19 00:19:13.308+00,,-1314587.8752,real
abc0023581,2024-03-22 09:47:11.002+00,,3329.96,real
abc0024887,2023-05-26 00:12:31.805+00,,-46597.35259999999,real
abc0024444,2023-05-16 00:11:39.495+00,,0.0,real
abc0017458,2024-03-23 06:13:50.283+00,,-503366.5907,real
abc0024306,2024-03-08 00:17:49.757+00,,-1012745.3624,real
abc0023307,2023-05-17 00:11:14.236+00,,0.0,test
abc0024643,2023-05-25 02:34:40.195+00,,21.0338,test
abc0024023,2023-05-18 00:11:36.845+00,,0.0,real
abc0025081,2023-05-29 09:13:44.16+00,,18.9486,test
abc0014190,2023-05-18 01:33:35.046+00,,0.0,real
abc0024146,2023-05-18 02:02:28.072+00,,0.0,real
abc0024299,2023-06-26 10:12:45.671+00,,861.2092,test
abc0024298,2023-10-18 06:28:06.24+00,,771.15,test
abc0024300,2023-10-25 03:58:34.702+00,,647.7266000000001,test
abc0002743,2023-05-18 22:33:22.38+00,,193.0928,real
abc0025127,2023-05-19 00:12:12.932+00,,0.0,test
abc0025152,2023-05-20 00:12:27.526+00,,0.0,test
abc0020617,2024-03-22 04:49:15.571+00,,-382373.3407,real
abc0024776,2023-07-03 11:06:43.319+00,,44.490100000000005,real
abc0023971,2023-05-22 07:10:40.841+00,,0.0,real
abc0024926,2024-03-20 13:52:00.153+00,,-3991.0883000000003,real
abc0023560,2024-03-22 10:56:01.935+00,,78.25999999999999,real
abc0025050,2023-05-23 15:05:45.308+00,,0.0,real
abc0023322,2023-05-24 00:11:24+00,,0.0,test
abc0024348,2023-06-06 04:48:27.964+00,,29.848499999999998,real
abc0024300,2023-05-27 00:03:07.951+00,,-13.1091,real
abc0024298,2023-12-19 00:15:58.662+00,,-4545.4308,real
abc0024299,2023-07-13 09:04:28.736+00,,-16.464299999999998,real
abc0017168,2023-05-25 00:08:31.821+00,,0.0,test
abc0021392,2023-11-15 08:46:44.121+00,,-108.50440000000002,real
abc0025249,2023-05-26 15:00:26.328+00,,79.497,test
abc0024039,2023-05-26 00:12:05.63+00,,0.0,test
abc0024039,2023-06-05 02:01:52.704+00,,1.98,real
abc0024024,2024-01-01 00:16:32.236+00,,70.2336,real
abc0025059,2023-06-26 07:41:33.752+00,,163.8111,real
abc0024915,2023-09-23 21:48:49.004+00,,8505.6642,test
abc0025296,2023-05-27 00:12:37.914+00,,0.0,test
abc0024920,2023-05-28 00:12:25.79+00,,-14.85,real
abc0022359,2023-05-27 09:06:08.147+00,,0.0,real
abc0025330,2023-07-26 15:36:14.237+00,,2121.3677,test
abc0025285,2023-05-28 09:29:20.758+00,,2.1978,test
abc0018594,2023-05-29 00:09:27.678+00,,0.0,test
abc0025344,2024-03-12 06:12:54.013+00,,-103240.76000000001,real
abc0022347,2024-03-20 18:52:20.825+00,,2.25,real
abc0024643,2023-08-25 02:49:35.666+00,,-4679.1425,real
abc0025308,2023-07-04 00:13:32.986+00,,3.3900000000000006,test
abc0025359,2023-07-01 00:13:24.813+00,,-9.4668,test
abc0022139,2024-02-20 18:36:12.704+00,,-240.49,real
abc0025406,2023-06-02 20:59:53.589+00,,3.2571,test
abc0022263,2023-06-04 16:26:50.157+00,,17.82,real
abc0025431,2023-06-05 00:12:55.5+00,,0.0,test
abc0025440,2023-06-05 00:12:55.797+00,,0.0,test
abc0025375,2023-06-05 09:35:31.779+00,,0.0,real
abc0025455,2023-06-05 09:36:17.64+00,,0.0,real
abc0025449,2023-06-05 09:56:45.075+00,,0.0,real
abc0025451,2023-06-05 13:55:04.312+00,,0.0,real
abc0025377,2023-06-06 01:14:31.141+00,,0.0,real
abc0025307,2023-12-14 03:41:50.038+00,,-148071.21000000002,real
abc0025307,2023-06-06 01:54:56.113+00,,-0.20999999999999996,test
abc0025465,2023-06-06 01:54:16.387+00,,0.0,real
abc0025450,2023-06-06 07:42:12.988+00,,0.0,real
abc0025508,2023-10-09 23:08:51.269+00,,38.37,real
abc0024753,2024-03-21 15:46:02.949+00,,669.0865,test
abc0025439,2024-03-22 12:56:19.85+00,,304.7514000000002,test
abc0025477,2023-06-08 17:35:47.885+00,,27.036900000000003,test
abc0025561,2023-06-08 03:49:52.318+00,,-0.13560000000000016,test
abc0025562,2023-06-08 15:41:50.563+00,,8.5707,test
abc0025476,2023-06-09 07:06:04.296+00,,216.1282,test
abc0025574,2023-06-08 03:29:45.866+00,,836.5896,test
abc0025576,2023-06-08 02:42:32.591+00,,11.0187,test
abc0025308,2023-12-14 03:40:40.433+00,,-546744.5,real
abc0012836,2023-09-15 00:08:03.766+00,,-69437.4012,real
abc0025594,2023-06-10 00:12:48.619+00,,0.0,test
abc0025437,2023-08-12 14:34:58.458+00,,441.0191,test
abc0025620,2023-06-11 14:05:16.537+00,,601.6792,test
abc0025466,2023-07-13 00:21:55.983+00,,-1485.0,real
abc0023603,2024-03-22 09:47:52.675+00,,5.0,real
abc0025608,2024-03-05 00:18:36.058+00,,-449366.1694,real
abc0025651,2024-02-21 00:28:51.756+00,,-57481.78,real
abc0018205,2023-06-13 00:09:14.563+00,,0.0,real
abc0025658,2023-06-13 00:12:47.286+00,,0.0,test
abc0025666,2023-06-13 08:16:30.386+00,,2.9502,test
abc0025655,2024-02-22 00:17:59.097+00,,-19752.3358,real
abc0003351,2023-06-14 00:01:54.357+00,,0.0,test
abc0025155,2023-06-14 00:12:39.18+00,,0.0,test
abc0025646,2023-06-14 00:12:51.941+00,,0.0,test
abc0022936,2023-06-14 22:41:19.93+00,,0.0,real
abc0025605,2023-07-03 12:48:54.009+00,,396.6434,test
abc0020615,2023-06-16 00:10:56.594+00,,0.0,real
abc0025605,2023-06-16 00:13:18.197+00,,0.0,real
abc0025697,2023-06-16 00:13:21.068+00,,0.0,real
abc0018069,2023-06-16 05:47:17.99+00,,0.0,real
abc0025717,2023-06-17 00:13:13.914+00,,0.0,test
abc0025720,2023-10-13 23:07:26.809+00,,111.2661,real
abc0024787,2023-06-19 00:12:34.125+00,,0.0,test
abc0025736,2023-06-19 00:13:00.783+00,,0.0,test
abc0025742,2023-06-19 00:13:00.973+00,,0.0,test
abc0025352,2023-06-21 11:57:51.403+00,,2106.0072,test
abc0023307,2023-06-19 14:33:26.771+00,,0.0,real
abc0025763,2023-06-20 00:13:14.194+00,,0.0,test
abc0025764,2023-06-21 00:13:30.128+00,,0.0,test
abc0025779,2023-06-21 00:13:30.61+00,,0.0,test
abc0022223,2023-06-21 03:05:50.694+00,,0.0,real
abc0025752,2023-06-26 03:25:01.535+00,,-17.0118,real
abc0020883,2023-06-21 22:13:05.196+00,,0.0,real
abc0025804,2023-06-23 05:30:53.293+00,,-43158.39,real
abc0025610,2023-09-15 00:14:52.139+00,,1.984,real
abc0025484,2023-06-22 16:20:15.695+00,,5.8008,real
abc0025813,2023-06-23 00:13:32.598+00,,0.0,test
abc0025752,2023-08-25 07:19:11.449+00,,702.3555,test
abc0022614,2023-06-23 12:21:23.991+00,,0.0,real
abc0025832,2023-06-23 17:04:39.835+00,,689.5518000000001,test
abc0024931,2023-07-14 11:55:10.086+00,,4.95,test
abc0025799,2023-06-24 00:13:28.163+00,,0.0,real
abc0025881,2023-06-27 00:13:45.799+00,,0.0,test
abc0025905,2023-06-29 12:09:45.113+00,,23.482799999999997,test
abc0024691,2024-03-23 07:07:12.85+00,,-6130676.059300001,real
abc0025713,2023-06-28 00:13:23.176+00,,0.0,real
abc0018732,2023-06-28 01:26:22.378+00,,0.0,real
abc0024336,2023-08-08 00:13:43.777+00,,-10149.651,real
abc0025769,2023-06-29 00:13:21.001+00,,0.0,test
abc0025920,2023-06-29 00:13:25.627+00,,0.0,test
abc0025928,2023-06-29 00:13:25.894+00,,0.0,test
abc0025395,2023-08-31 08:49:40.265+00,,-3395.4844000000003,test
abc0020427,2023-07-05 06:52:21.815+00,,119.1952,test
abc0025936,2023-06-30 00:13:16.179+00,,0.0,test
abc0024336,2023-07-03 09:54:36.987+00,,16.9983,test
abc0025611,2024-03-08 05:56:27.412+00,,-587.0999999999999,real
abc0025784,2023-07-03 07:49:15.79+00,,0.0,real
abc0025155,2024-03-23 08:39:45.883+00,,-13636322.0836,real
abc0019989,2023-07-04 00:10:52.519+00,,0.0,test
abc0025899,2024-01-17 16:47:33.564+00,,-363.05000000000007,test
abc0023556,2024-03-16 18:54:14.833+00,,0.0,real
abc0015038,2023-07-05 00:08:46.929+00,,0.0,test
abc0020427,2023-11-03 14:13:30.573+00,,0.1089,real
abc0025720,2023-07-14 10:42:40.017+00,,71.81460000000001,test
abc0025747,2023-07-07 00:13:25.888+00,,0.06929999999999317,test
abc0022345,2023-10-05 00:34:15.158+00,,359.94,test
abc0025907,2023-07-11 06:15:12.96+00,,182.1501,test
abc0026060,2023-07-08 00:13:44.161+00,,0.0,test
abc0026079,2023-07-11 10:00:14.024+00,,7.92,test
abc0006293,2023-07-11 08:06:51.673+00,,16.129900000000003,real
abc0026115,2023-07-12 01:39:49.994+00,,15.84,test
abc0024777,2024-03-09 00:18:12.426+00,,-190363.2655,real
abc0025007,2024-03-13 00:18:52.525+00,,-978851.6015999999,real
abc0025737,2023-07-12 00:13:39.08+00,,0.0,test
abc0025808,2023-07-12 00:13:41.329+00,,0.0,test
abc0025363,2023-07-12 08:28:11.385+00,,0.0,real
abc0025941,2024-03-06 15:45:31.594+00,,-155267.73,real
abc0026126,2023-07-13 00:46:45.348+00,,0.0,real
abc0018069,2024-03-22 11:09:49.937+00,,1667.0752,test
abc0026150,2023-12-20 04:15:55.553+00,,3471.0299,test
abc0023599,2024-03-05 10:59:50.332+00,,414.65,real
abc0025987,2023-11-16 03:43:04.548+00,,-153.58060000000006,test
abc0025987,2023-07-14 10:07:49.199+00,,0.0,real
abc0023572,2023-07-15 14:56:24.36+00,,315.96,real
abc0023300,2023-07-16 14:41:48.337+00,,0.0,real
abc0026192,2023-07-17 00:14:10.076+00,,0.0,test
abc0026198,2023-07-17 00:14:10.313+00,,0.0,test
abc0025310,2024-03-23 00:20:20.908+00,,-2158301.6914,real
abc0025907,2024-03-09 19:49:26.151+00,,-7190.6369,real
abc0026220,2024-03-23 00:01:14.289+00,,-33865.653900000005,real
abc0026232,2023-07-19 00:14:19.669+00,,0.0,test
abc0023598,2023-11-27 15:37:07.098+00,,0.18,real
abc0025942,2024-03-21 15:36:24.883+00,,2.4708000000000014,real
abc0021350,2023-07-20 00:11:45.346+00,,0.0,test
abc0025714,2023-07-20 07:40:47.19+00,,0.0,real
abc0026102,2023-07-28 00:14:25.193+00,,7.880400000000001,real
abc0026102,2023-09-20 06:45:19.952+00,,2499.3387000000002,test
abc0024147,2023-08-24 09:49:42.86+00,,56.7675,test
abc0025013,2023-10-10 07:52:53.37+00,,121.1354,test
abc0025714,2023-07-24 01:30:52.957+00,,18.0148,test
abc0026246,2023-07-21 00:14:07.538+00,,0.0,real
abc0026254,2023-07-21 00:14:07.85+00,,0.0,test
abc0026060,2024-03-19 00:20:11.974+00,,-171904.7928,real
abc0003587,2023-07-22 00:02:13.757+00,,0.0,real
abc0026279,2023-07-23 00:14:13.888+00,,0.0,test
abc0025013,2023-08-15 00:25:37.389+00,,-27102.8661,real
abc0023540,2024-03-19 14:51:18.752+00,,0.0,real
abc0026240,2023-07-26 10:20:16.127+00,,4.1085,test
abc0024777,2023-07-26 00:13:34.219+00,,0.0,test
abc0019209,2024-01-05 06:36:18.923+00,,168.45099999999994,test
abc0026270,2023-07-26 15:56:50.647+00,,0.0,real
abc0025173,2023-07-27 00:13:50.581+00,,0.0,test
abc0026312,2023-07-27 00:14:27.657+00,,0.0,real
abc0026334,2023-07-27 00:14:28.442+00,,0.0,test
abc0023571,2024-01-02 07:55:49.156+00,,0.0,real
abc0025439,2024-02-09 00:17:37.409+00,,-7.92,real
abc0007474,2023-07-28 00:04:38.209+00,,0.0,test
abc0024588,2024-01-26 00:17:12.634+00,,-12039.6696,real
abc0026370,2023-08-12 07:06:24.562+00,,41.303799999999995,test
abc0026388,2023-07-31 00:14:22.622+00,,0.0,test
abc0024419,2024-02-23 13:55:19.203+00,,-980.0,real
abc0026130,2023-09-09 23:16:40.386+00,,-115.49899999999998,test
abc0026211,2023-08-01 00:14:27.551+00,,0.0,test
abc0026363,2024-01-07 00:02:23.318+00,,2.6982000000000004,test
abc0025566,2023-10-11 09:17:16.215+00,,-12.238199999999999,real
abc0026363,2024-03-23 00:21:09.115+00,,-294571.72020000004,real
abc0026435,2023-08-03 00:14:48.141+00,,0.0,test
abc0025566,2023-08-05 00:14:10.065+00,,0.0,test
abc0026468,2023-08-05 12:01:18.239+00,,-2.2406,test
abc0019163,2024-03-14 03:28:06.078+00,,-9996.17,real
abc0026475,2023-08-06 00:14:40.381+00,,0.0,real
abc0025301,2024-02-28 17:05:00.465+00,,-79.46980000000005,real
abc0026502,2023-08-24 07:45:50.643+00,,-551.3162000000001,real
abc0026348,2023-08-08 00:14:51.334+00,,0.0,real
abc0026438,2023-08-11 00:14:56.108+00,,-7.881999999999998,test
abc0026432,2023-08-08 06:42:23.484+00,,34.65,test
abc0026432,2023-08-08 02:44:24.735+00,,0.0,real
abc0026505,2023-08-24 07:45:50.417+00,,-112.4166,real
abc0020230,2023-08-09 00:11:47.188+00,,0.0,real
abc0026431,2023-08-09 00:15:07.65+00,,0.0,test
abc0022344,2024-01-03 12:51:26.044+00,,13.339999999999996,test
abc0024356,2024-03-23 04:21:45.751+00,,-2534300.8197,real
abc0023555,2023-11-27 15:37:10.65+00,,0.0,real
abc0026543,2023-08-11 00:14:59.687+00,,0.0,test
abc0026171,2023-08-12 00:14:55.999+00,,0.0,test
abc0018745,2023-08-12 18:52:24.229+00,,0.0,real
abc0024179,2023-08-13 00:13:42.196+00,,0.0,real
abc0026591,2023-08-14 00:15:01.847+00,,0.0,test
abc0022837,2023-08-14 11:53:39.001+00,,0.0,real
abc0026460,2023-08-14 15:30:11.074+00,,0.0,real
abc0018226,2023-08-14 16:11:43.044+00,,0.0,real
abc0023564,2023-08-15 10:04:36.583+00,,0.0,test
abc0017119,2023-08-16 10:38:04.821+00,,0.0,real
abc0021397,2023-08-17 00:12:27.228+00,,0.0,real
abc0026670,2023-08-18 00:15:35.421+00,,0.0,test
abc0026676,2023-08-18 10:47:29.645+00,,-6.7785,test
abc0019339,2023-08-20 04:26:10.049+00,,0.0,real
abc0026684,2023-08-21 21:22:56.351+00,,4.95,real
abc0026682,2023-08-31 15:09:28.734+00,,198.0,real
abc0026650,2023-08-21 19:43:18.183+00,,0.0,real
abc0026650,2023-08-22 00:15:10.447+00,,0.0,test
abc0026725,2023-08-22 00:15:13.487+00,,0.0,test
abc0026743,2023-08-22 08:51:19.881+00,,1.0987,test
abc0025696,2023-08-22 23:16:40.267+00,,2.97,real
abc0019713,2023-08-23 00:11:19.57+00,,0.0,real
abc0026754,2023-08-28 03:20:49.637+00,,4.4451,real
abc0026747,2024-03-23 00:21:27.326+00,,-557006.1860000001,real
abc0026714,2024-02-15 00:18:34.715+00,,0.35840000000000005,test
abc0026789,2023-08-26 00:15:04.267+00,,0.0,test
abc0026815,2023-08-27 00:15:15.646+00,,0.0,test
abc0026635,2023-08-28 11:06:35.25+00,,0.0,real
abc0026658,2023-09-13 10:38:49.671+00,,-39.04,test
abc0026818,2023-08-29 00:15:21.197+00,,0.0,test
abc0026766,2023-10-31 00:16:36.929+00,,-6.0938,test
abc0026833,2023-08-29 10:21:57.793+00,,0.0,real
abc0026836,2023-08-30 04:24:53.549+00,,-2294.0400000000004,real
abc0025834,2024-03-14 11:34:13.156+00,,100.63350000000001,test
abc0026535,2024-03-11 06:37:59.823+00,,1852.4308,test
abc0026862,2023-08-31 00:15:22.086+00,,12.968800000000002,test
abc0026887,2023-09-06 19:06:22.145+00,,-3.5045,test
abc0024306,2023-09-06 00:14:05.507+00,,0.0,test
abc0026950,2023-09-07 07:26:05.582+00,,18.9272,test
abc0023948,2023-09-13 03:50:05.016+00,,6.547199999999999,real
abc0026648,2023-09-14 00:15:22.791+00,,-11.2359,real
abc0026955,2023-09-07 00:15:48.875+00,,0.0,test
abc0025254,2024-03-12 00:31:43.705+00,,-758587.5,real
abc0026943,2023-09-09 21:50:22.127+00,,4.455,test
abc0025395,2023-12-30 14:57:04.829+00,,-2820.8511000000003,real
abc0023583,2024-03-12 09:33:04.217+00,,0.0,real
abc0026921,2023-09-18 07:08:10.838+00,,60.6023,test
abc0026768,2023-10-23 21:21:31.988+00,,-43.0017,test
abc0026925,2023-09-10 00:15:23.618+00,,0.0,test
abc0026973,2023-09-10 00:15:25.416+00,,0.0,test
abc0026878,2023-09-10 07:10:56.101+00,,-3.2830999999999997,test
abc0026978,2023-09-17 21:29:08.527+00,,32.3277,test
abc0024441,2023-09-11 07:15:12.314+00,,0.0,real
abc0026985,2023-09-11 07:21:31.714+00,,873.18,test
abc0024053,2023-09-11 08:57:55.14+00,,0.0,real
abc0026983,2023-09-11 14:04:29.375+00,,-1.7978999999999998,test
abc0012513,2023-09-12 05:43:22.965+00,,11.904,test
abc0027001,2024-03-12 02:43:15.41+00,,-3437.9500000000003,real
abc0026828,2023-09-22 15:18:14.816+00,,21.139999999999997,test
abc0026788,2023-09-28 00:16:11.604+00,,2951.8981000000003,test
abc0027003,2023-09-14 00:15:35.327+00,,0.0,test
abc0024349,2023-09-15 19:42:20.426+00,,0.0,real
abc0023609,2023-09-20 02:01:00.252+00,,0.0,real
abc0027000,2023-11-21 00:17:10.614+00,,-24.961200000000005,real
abc0027000,2023-09-18 02:51:53.548+00,,7.2467,test
abc0027007,2023-10-23 06:56:30.438+00,,-0.7172999999999999,real
abc0027008,2023-12-19 00:17:47.12+00,,-5307.1841,real
abc0027002,2023-12-15 00:17:52.359+00,,-3454.4483,real
abc0023566,2024-03-12 19:41:23.139+00,,0.0,real
abc0009854,2023-09-21 00:06:07.619+00,,0.0,test
abc0022415,2023-09-22 00:13:12.764+00,,0.0,real
abc0027071,2023-09-23 03:52:47.551+00,,1300.6433,test
abc0026828,2024-01-10 14:05:33.526+00,,-68048.2812,real
abc0023587,2023-10-10 03:41:08.693+00,,0.0,real
abc0025688,2023-10-26 15:44:08.494+00,,-98428.1,real
abc0021669,2023-09-26 00:13:04.009+00,,0.0,real
abc0027097,2023-09-27 17:38:46.379+00,,1.3986999999999998,test
abc0026546,2023-09-27 02:04:01.595+00,,-9900.0,real
abc0027109,2023-10-03 06:40:29.124+00,,2.0291,test
abc0027039,2023-09-27 03:47:45.564+00,,1.97,test
abc0018067,2023-09-27 07:52:25.358+00,,0.0,real
abc0026658,2023-09-27 07:55:57.521+00,,0.0,real
abc0025774,2023-11-08 11:36:49.957+00,,48.2328,test
abc0027013,2024-03-01 00:19:49.458+00,,-9769.8,real
abc0027114,2023-09-28 00:16:23.618+00,,0.0,test
abc0027114,2024-03-16 00:20:37.62+00,,-49823.6126,real
abc0027145,2023-09-29 22:11:05.153+00,,0.0,real
abc0026871,2023-09-30 00:15:55.59+00,,0.0,test
abc0023528,2024-01-28 12:52:19.475+00,,16.830000000001746,real
abc0027164,2023-10-02 07:21:43.262+00,,1.5169000000000001,test
abc0026853,2024-01-11 00:18:31.3+00,,-97816.18460000001,real
abc0027103,2023-10-03 00:16:09.697+00,,0.0,real
abc0027166,2023-10-03 00:16:12.1+00,,0.0,test
abc0020786,2023-10-03 07:30:37.163+00,,0.0,real
abc0026295,2023-10-03 07:30:44.398+00,,0.0,real
abc0022023,2023-10-03 09:09:48.327+00,,0.0,real
abc0016636,2023-10-03 10:34:04.155+00,,0.0,real
abc0026969,2023-10-04 00:16:05.475+00,,0.0,test
abc0027103,2023-10-04 00:16:10.818+00,,0.0,test
abc0027169,2023-10-04 00:16:13.308+00,,0.0,test
abc0027169,2024-03-23 07:43:01.934+00,,-124996.98520000001,real
abc0027105,2023-10-06 00:16:06.056+00,,0.0,test
abc0025689,2023-10-26 15:28:11.678+00,,-49009.67999999999,real
abc0027309,2023-10-14 00:16:38.377+00,,5.91,real
abc0027309,2023-10-07 00:16:24.084+00,,0.0,test
abc0027295,2023-10-10 00:16:18.334+00,,0.0,real
abc0023544,2023-10-13 07:04:11.85+00,,0.03999999999996362,real
abc0027346,2023-10-12 11:07:31.23+00,,91.76259999999999,test
abc0027102,2023-10-12 00:16:25.204+00,,0.0,test
abc0027116,2023-10-12 00:16:25.833+00,,0.0,test
abc0027318,2023-10-12 13:44:13.251+00,,1.4479,test
abc0026535,2024-02-11 09:38:16.214+00,,775.0374,real
abc0027332,2023-10-13 00:16:25.446+00,,0.0,real
abc0027342,2024-03-22 00:20:58.721+00,,-3556.5838000000003,real
abc0027343,2024-03-17 12:41:57.936+00,,388.2962,real
abc0023550,2023-10-13 06:41:29.44+00,,0.0,real
abc0016683,2023-10-21 10:48:03.886+00,,503.55920000000003,test
abc0025528,2023-11-04 13:42:31.128+00,,0.0,real
abc0025548,2023-10-18 00:46:07.864+00,,0.0,real
abc0027415,2024-03-21 14:26:29.672+00,,231.575,test
abc0027412,2023-10-31 14:41:19.237+00,,11.513499999999956,test
abc0026890,2023-10-25 03:58:34.703+00,,1559.6262000000002,test
abc0027416,2023-10-19 00:16:37.645+00,,0.0,real
abc0027143,2023-10-19 03:39:06.355+00,,0.0,real
abc0027432,2023-10-24 09:57:22.614+00,,1043.7354,test
abc0027188,2024-02-28 00:18:42.543+00,,-246922.8003,real
abc0025899,2023-10-21 00:15:59.678+00,,0.0,real
abc0027417,2023-10-21 00:16:55.644+00,,0.0,real
abc0027065,2023-10-21 04:40:58.369+00,,0.0,real
abc0026768,2024-01-30 08:10:16.871+00,,39.314499999999995,real
abc0027466,2023-10-23 00:17:00.509+00,,0.0,test
abc0027469,2023-10-23 06:13:05.975+00,,1.6547999999999998,test
abc0027076,2023-10-24 03:08:01.209+00,,-2976.0,real
abc0022761,2023-10-24 00:14:10.694+00,,0.0,real
abc0027306,2024-01-11 00:29:00.121+00,,-34733.466199999995,real
abc0027494,2023-10-25 00:17:09.703+00,,0.0,real
abc0026890,2023-10-25 12:22:08.748+00,,1.0494,real
abc0027508,2023-12-24 00:18:38.686+00,,-84.1392,real
abc0027465,2023-10-26 01:39:05.494+00,,0.0,real
abc0027094,2023-11-23 02:34:21.901+00,,897.8756000000001,test
abc0026789,2023-11-15 00:26:34.775+00,,-160149.891,real
abc0027413,2024-02-24 00:19:20.661+00,,-24170.972700000002,real
abc0027533,2023-10-30 00:17:31.981+00,,0.0,test
abc0026719,2023-10-31 00:16:35.154+00,,0.0,test
abc0027541,2023-10-31 00:17:05.063+00,,0.0,test
abc0026719,2023-10-31 02:33:17.84+00,,0.0,real
abc0023576,2023-11-01 02:00:00.052+00,,0.0,real
abc0027541,2024-03-19 00:21:21.113+00,,-992730.7341,real
abc0027441,2023-11-01 00:17:21.697+00,,0.0,real
abc0027474,2023-11-22 06:19:35.396+00,,14.067900000000002,test
abc0023533,2023-12-11 22:11:54.097+00,,0.0,real
abc0027549,2023-12-09 18:13:19.471+00,,148.8729,real
abc0027360,2024-03-04 00:31:48.144+00,,-30752.0,real
abc0027519,2023-11-01 14:24:16.331+00,,59.0901,real
abc0023539,2024-01-24 13:41:35.29+00,,0.0,real
abc0027578,2024-02-07 10:05:15.937+00,,-343.24999999999994,real
abc0027538,2024-03-22 00:21:09.045+00,,26576.4711,test
abc0027587,2023-11-03 11:10:51.215+00,,5.91,test
abc0027585,2023-11-03 00:17:27.461+00,,0.0,test
abc0026667,2023-11-03 02:12:24.596+00,,0.0,real
abc0027335,2024-02-28 12:24:04.013+00,,-358.4626,test
abc0027140,2023-11-07 05:54:58.491+00,,7.2791,real
abc0027141,2023-11-24 00:17:52.01+00,,-8391.550399999998,real
abc0024025,2023-11-08 08:04:04.561+00,,0.0,real
abc0027635,2024-01-31 03:54:30.067+00,,-1100.87,real
abc0027650,2023-11-10 08:21:47.243+00,,0.0,real
abc0027643,2024-03-15 03:27:25.216+00,,-13355.86,real
abc0027626,2023-11-11 07:15:25.592+00,,0.0,real
abc0027627,2024-03-23 00:22:08.682+00,,-43931.220199999996,real
abc0027617,2024-02-29 13:44:57.793+00,,-7966.0581999999995,real
abc0027676,2023-11-13 21:06:55.935+00,,158.25,test
abc0017459,2023-11-15 03:16:51.495+00,,0.0,real
abc0027458,2023-11-16 00:17:27.1+00,,0.0,real
abc0027538,2024-03-12 00:32:27.003+00,,-136929.454,real
abc0027678,2023-11-16 00:17:35.956+00,,0.0,test
abc0027556,2023-11-17 11:14:32.567+00,,0.0,real
abc0027713,2024-03-22 03:33:40.376+00,,-89.25380000000001,test
abc0027719,2023-11-18 00:17:42.117+00,,0.0,test
abc0027714,2023-11-24 02:59:19.628+00,,261.4783,test
abc0027563,2023-11-21 00:17:31.191+00,,-21.3457,real
abc0027094,2023-11-20 00:08:19.874+00,,0.0,real
abc0027731,2023-11-28 00:18:04.392+00,,290.9033,test
abc0027734,2024-02-27 00:19:33.143+00,,-381736.1008,real
abc0027716,2023-11-21 00:17:37.294+00,,0.0,real
abc0027738,2023-11-21 00:17:38.214+00,,0.0,real
abc0027716,2023-11-21 06:00:15.003+00,,4977.780000000001,test
abc0027132,2024-01-27 18:56:23.856+00,,6.0518,real
abc0027072,2024-03-09 00:19:51.861+00,,-110776.59150000001,real
abc0027742,2023-11-21 20:33:08.486+00,,0.0,real
abc0027675,2023-12-06 04:12:53.885+00,,-229.2388,test
abc0027645,2023-11-22 00:17:47.384+00,,0.0,test
abc0027675,2024-03-23 08:34:15.469+00,,-25064.663999999997,real
abc0027739,2023-11-22 00:17:51.295+00,,0.0,test
abc0027474,2024-02-07 11:24:50.776+00,,7558.7391,real
abc0027654,2023-11-22 12:31:06.573+00,,0.0,real
abc0027072,2023-11-23 00:17:34.671+00,,0.0,test
abc0027655,2023-11-29 00:27:35.447+00,,-410195.37200000003,real
abc0027755,2024-03-16 00:21:06.645+00,,-166788.0531,real
abc0027657,2023-12-18 12:26:32.138+00,,40.296299999999995,test
abc0027762,2023-12-05 04:06:05.829+00,,-381740.38,real
abc0027516,2024-01-05 20:11:53.938+00,,-332.45740000000006,test
abc0027695,2023-11-24 00:18:13.429+00,,0.0,real
abc0027645,2024-03-22 23:49:23.773+00,,76.9923,real
abc0026350,2023-11-29 07:54:23.139+00,,-33.0235,real
abc0027354,2024-02-17 00:19:18.994+00,,-48961.561799999996,real
abc0027339,2023-11-27 06:06:04.579+00,,9.89,test
abc0027338,2023-12-18 07:28:29.945+00,,17.9751,test
abc0027713,2023-11-29 00:18:06.351+00,,0.0,real
abc0025345,2024-03-04 06:54:31.96+00,,-15282.95,real
abc0027633,2024-02-20 03:37:45.652+00,,4880.545,test
abc0027747,2024-02-04 22:08:42.93+00,,1156.6071,test
abc0027835,2024-03-12 02:44:56.344+00,,-1809.48,real
abc0020335,2023-12-05 02:13:20.105+00,,0.0,real
abc0026953,2024-03-08 00:19:46.465+00,,-174107.0439,real
abc0027634,2023-12-06 06:18:21.458+00,,0.0,real
abc0017469,2023-12-06 13:36:10.847+00,,0.0,real
abc0027866,2024-01-11 00:19:13.599+00,,-201.1942,real
abc0027634,2023-12-07 00:18:20.847+00,,0.0,test
abc0027358,2023-12-08 02:42:07.342+00,,0.0,real
abc0027892,2023-12-10 00:18:28.571+00,,0.0,test
abc0027864,2024-02-06 12:45:14.821+00,,45.3297,real
abc0027633,2024-03-20 00:21:13.151+00,,-60727.19589999999,real
abc0027871,2023-12-11 00:18:22.064+00,,0.0,test
abc0027793,2024-03-14 00:31:49.702+00,,-8120.4592,real
abc0027106,2023-12-11 22:55:27.271+00,,0.0,real
abc0027756,2024-03-20 09:40:17.14+00,,321.95640000000003,test
abc0027919,2024-03-18 13:42:37.726+00,,-2.19,test
abc0024001,2024-03-12 08:17:57.28+00,,-16.477400000000003,real
abc0027564,2023-12-15 00:18:14.209+00,,-1799.2198,real
abc0027931,2023-12-13 10:43:17.817+00,,0.0,real
abc0027551,2023-12-14 00:18:18.225+00,,0.0,real
abc0027564,2023-12-14 00:18:18.79+00,,0.0,test
abc0027565,2023-12-14 00:18:18.844+00,,0.0,test
abc0027931,2023-12-14 00:18:34.363+00,,0.0,test
abc0027119,2024-01-24 17:17:14.122+00,,51.0947,test
abc0027943,2024-02-15 11:38:34.791+00,,117.215,test
abc0027696,2024-03-13 07:34:48.776+00,,69503.459,test
abc0027338,2023-12-16 14:04:27.608+00,,-10.2627,real
abc0027947,2024-03-14 08:39:11.505+00,,-17.138199999999998,real
abc0027947,2023-12-16 15:57:35.33+00,,6.4282,test
abc0027560,2023-12-19 00:18:08.314+00,,-1615.928,real
abc0027946,2024-01-12 01:55:35.88+00,,1348.0118,test
abc0025668,2023-12-20 16:03:47.376+00,,0.0,real
abc0026784,2024-01-04 08:12:15.842+00,,172.7169,test
abc0026784,2024-02-23 16:52:35.641+00,,5.515499999999999,real
abc0028000,2023-12-22 00:18:45.356+00,,0.0,test
abc0027558,2023-12-27 00:19:14.054+00,,-1943.2971,real
abc0028005,2024-02-15 04:20:34.182+00,,-112650.12999999999,real
abc0027832,2024-03-20 19:48:29.362+00,,-37589.079999999994,real
abc0027134,2023-12-22 17:38:45.646+00,,0.0,real
abc0027996,2024-01-11 12:23:27.139+00,,-1496.1041,test
abc0027696,2024-03-23 07:23:20.645+00,,-74854.0436,real
abc0023531,2023-12-24 04:48:31.308+00,,0.0,real
abc0018203,2023-12-24 16:35:08.529+00,,0.0,real
abc0027917,2024-03-22 03:30:29.4+00,,2333.3503,test
abc0027946,2024-03-12 00:20:52.369+00,,-11412.5647,real
abc0027990,2024-03-23 07:25:14.788+00,,-155988.452,real
abc0027988,2024-01-09 03:28:12.767+00,,0.2561,test
abc0028040,2024-01-22 16:34:22.937+00,,-490.53,real
abc0028015,2024-03-23 04:08:34.597+00,,-101585.40329999999,real
abc0027187,2024-03-22 14:34:52.719+00,,-70955.0,real
abc0027990,2023-12-29 09:54:06.908+00,,2.9548,test
abc0027376,2024-02-29 05:10:06.15+00,,175.9725,test
abc0028050,2023-12-29 01:19:32.924+00,,0.0,real
abc0027376,2024-03-20 17:45:07.305+00,,226.84859999999998,real
abc0028065,2023-12-29 13:58:41.191+00,,0.0,real
abc0027969,2024-01-04 00:19:21.476+00,,0.0,test
abc0028008,2024-01-04 00:19:23.184+00,,0.0,test
abc0027775,2024-01-04 14:54:40.831+00,,0.0794,real
abc0028114,2024-01-30 07:26:29.41+00,,86.345,test
abc0028041,2024-03-11 17:08:54.112+00,,122.43,real
abc0028115,2024-01-06 00:19:15.034+00,,0.0,test
abc0028153,2024-03-11 15:50:14.96+00,,30.7249,test
abc0027996,2024-03-23 00:22:27.267+00,,-105964.1991,real
abc0027987,2024-03-22 13:42:44.379+00,,-154932.75,real
abc0028044,2024-02-06 00:19:21.41+00,,94.88270000000001,real
abc0016631,2024-01-11 19:32:49.662+00,,0.0,real
abc0027375,2024-03-06 06:07:04.436+00,,-59.045000000000016,test
abc0028166,2024-01-12 00:19:40.59+00,,0.0,test
abc0028017,2024-01-18 06:50:05.997+00,,24.507600000000004,test
abc0028016,2024-03-22 07:52:09.431+00,,-116573.70000000001,real
abc0027691,2024-01-12 09:45:11.981+00,,0.0,real
abc0027927,2024-01-14 15:18:46.343+00,,-1.88,test
abc0028191,2024-01-14 00:19:38.649+00,,0.0,test
abc0027988,2024-02-27 00:19:44.733+00,,-28267.1565,real
abc0026728,2024-01-16 00:18:23.905+00,,0.0,test
abc0026903,2024-01-16 00:18:31.278+00,,0.0,test
abc0028161,2024-01-26 03:34:03.954+00,,-398690.49,real
abc0028168,2024-01-17 00:19:10.272+00,,0.0,test
abc0028215,2024-01-17 00:19:12.296+00,,0.0,test
abc0028176,2024-03-22 22:56:38.579+00,,-20.705799999999996,real
abc0028017,2024-03-23 08:18:14.954+00,,-126122.81319999998,real
abc0028176,2024-02-26 12:01:16.293+00,,38.1487,test
abc0028219,2024-01-18 00:19:32.76+00,,0.0,test
abc0027375,2024-01-18 07:06:46.807+00,,0.0,real
abc0027870,2024-02-02 03:03:19.555+00,,-4195.102,real
abc0027335,2024-03-19 05:42:37.796+00,,9.9099,real
abc0028200,2024-01-19 00:19:27.397+00,,0.0,test
abc0028202,2024-01-19 00:19:27.493+00,,0.0,test
abc0028221,2024-03-23 00:22:38.663+00,,-90.45179999999999,test
abc0028227,2024-01-19 00:19:28.613+00,,0.0,test
abc0026796,2024-03-23 07:54:17.029+00,,-10364.2565,real
abc0028140,2024-03-21 23:18:10.333+00,,-5049.0,real
abc0027993,2024-01-23 00:19:21.885+00,,-9857.738000000001,real
abc0028236,2024-01-20 00:19:32.539+00,,0.0,test
abc0028063,2024-03-17 22:09:10.38+00,,-26.492399999999996,test
abc0027859,2024-01-29 02:59:42.912+00,,-200.0,real
abc0028238,2024-03-22 17:17:21.396+00,,-22868.698099999998,real
abc0012953,2024-03-08 06:06:10.372+00,,-0.6310000000000016,real
abc0021907,2024-01-24 08:07:27.339+00,,0.9,real
abc0028063,2024-03-23 00:22:30.73+00,,1055.0613999999998,real
abc0021306,2024-01-26 22:35:12.051+00,,0.0,real
abc0027187,2024-01-27 00:18:59.427+00,,0.0,test
abc0028154,2024-01-27 00:19:40.985+00,,0.0,test
abc0028182,2024-02-19 09:40:13.294+00,,284.86199999999997,test
abc0028294,2024-01-27 00:19:47.218+00,,0.0,test
abc0028326,2024-01-31 11:51:11.886+00,,14.775,test
abc0028327,2024-01-30 00:19:30.952+00,,0.0,test
abc0027756,2024-03-20 13:53:52.727+00,,63624.17999999999,real
abc0028278,2024-03-07 00:29:26.26+00,,-37505.8973,real
abc0028162,2024-03-13 15:27:56.188+00,,-36349.8,real
abc0028264,2024-01-31 00:19:24.787+00,,0.0,test
abc0028332,2024-01-31 00:19:27.703+00,,0.0,real
abc0028335,2024-03-11 03:48:07.637+00,,-9446.048400000001,real
abc0027917,2024-03-20 08:04:02.159+00,,-700.9199999999998,real
abc0028363,2024-02-02 00:19:43.602+00,,0.0,test
abc0028368,2024-03-19 00:22:01.724+00,,-516.3047,real
abc0028371,2024-02-10 00:19:40.37+00,,70.14,test
abc0028370,2024-02-06 00:19:35.933+00,,1.97,test
abc0024950,2024-02-05 02:54:46.134+00,,0.0,real
abc0028335,2024-02-06 00:19:34.442+00,,0.0,test
abc0028398,2024-02-06 00:19:37.179+00,,0.0,test
abc0026994,2024-02-17 00:19:04.897+00,,-4800.2859,real
abc0027949,2024-03-12 11:49:51.506+00,,0.9702,real
abc0028401,2024-02-07 00:19:37.208+00,,0.0,test
abc0028406,2024-02-07 00:19:37.394+00,,0.0,test
abc0028407,2024-02-07 00:19:37.448+00,,0.0,real
abc0028409,2024-02-07 00:19:37.547+00,,0.0,test
abc0021594,2024-02-07 07:47:56.232+00,,0.0,real
abc0025052,2024-02-07 07:48:20.072+00,,0.0,real
abc0028297,2024-02-13 00:30:34.737+00,,-3193.0121,real
abc0027984,2024-03-13 05:46:55.821+00,,553.73,real
abc0027949,2024-03-11 11:59:24.421+00,,26.1063,test
abc0028360,2024-02-09 00:19:41.099+00,,0.0,test
abc0028424,2024-03-08 00:29:59.532+00,,-677339.0578999999,real
abc0028305,2024-02-19 08:21:07.337+00,,50.22999999999999,test
abc0028434,2024-02-16 08:02:43.522+00,,-0.09999999999999964,real
abc0026714,2024-03-07 08:23:06.802+00,,-1069.15,real
abc0028150,2024-03-18 00:33:57.491+00,,-449128.0,real
abc0028396,2024-03-01 11:41:47.587+00,,-5246.49,real
abc0025652,2024-02-15 00:17:48.965+00,,0.0,test
abc0028471,2024-02-15 00:19:51.214+00,,0.0,test
abc0028177,2024-02-28 13:35:01.338+00,,-198.42000000000002,test
abc0019166,2024-02-15 08:10:28.215+00,,0.0,real
abc0028420,2024-02-15 12:54:55.84+00,,0.0,real
abc0027688,2024-03-22 18:42:21.083+00,,-26691.64,real
abc0024761,2024-02-28 20:36:34.749+00,,-34104.0,real
abc0028492,2024-02-17 00:20:11.778+00,,0.0,test
abc0028497,2024-02-17 00:20:12.024+00,,0.0,test
abc0028431,2024-02-19 00:20:04.241+00,,0.0,test
abc0028329,2024-03-21 15:20:16.358+00,,-3035.0044000000007,real
abc0028281,2024-02-21 00:20:03.737+00,,0.0,test
abc0028374,2024-02-23 00:20:08.1+00,,14.6467,real
abc0028527,2024-02-21 00:20:15.556+00,,0.0,test
abc0028534,2024-02-23 08:33:43.421+00,,1.8389999999999997,real
abc0028532,2024-03-07 00:20:39.837+00,,14.891700000000004,real
abc0027848,2024-02-21 08:02:46.581+00,,-82.80000000000001,test
abc0028531,2024-03-02 00:20:39.01+00,,0.2799999999999998,real
abc0028305,2024-03-22 12:07:55.959+00,,-565.6831,real
abc0028496,2024-02-22 15:51:32.629+00,,-45.42,test
abc0028496,2024-03-18 14:12:09.11+00,,6915.45,real
abc0028547,2024-03-08 00:21:01.592+00,,-7.350200000000002,real
abc0027826,2024-03-13 00:32:00.622+00,,-6624.1756000000005,real
abc0026550,2024-02-23 00:18:47.118+00,,0.0,test
abc0026781,2024-02-23 00:18:57.199+00,,0.0,test
abc0028559,2024-02-23 00:20:16.782+00,,0.0,test
abc0028306,2024-03-13 08:39:26.008+00,,10.3752,test
abc0028560,2024-02-24 00:20:14.285+00,,0.0,test
abc0028460,2024-03-21 12:54:53.37+00,,-50020.0,real
abc0027078,2024-02-28 00:18:37.577+00,,-108701.7149,real
abc0028038,2024-02-26 03:35:34.477+00,,0.0,real
abc0028587,2024-02-26 10:41:14.554+00,,22.32,real
abc0024762,2024-02-26 16:36:23.36+00,,0.0,real
abc0024763,2024-02-26 16:36:42.036+00,,0.0,real
abc0003154,2024-02-26 16:37:07.2+00,,0.0,real
abc0022693,2024-02-26 16:42:25.461+00,,0.0,real
abc0028592,2024-02-27 00:20:12.64+00,,0.0,test
abc0028591,2024-03-14 00:21:28.322+00,,-21790.2752,real
abc0028595,2024-02-27 19:03:05.846+00,,0.0,real
abc0028490,2024-03-23 07:59:21.722+00,,-21769.18299999999,real
abc0028493,2024-02-28 00:19:39.29+00,,0.0,test
abc0028372,2024-03-21 02:21:19.779+00,,-105105.0,real
abc0028607,2024-02-29 00:20:39.703+00,,0.0,test
abc0028342,2024-03-18 09:47:48.687+00,,883.1400000000002,real
abc0027687,2024-02-29 13:19:57.109+00,,0.0,real
abc0028148,2024-03-11 09:05:57.864+00,,19.7,test
abc0007227,2024-03-02 00:05:29.75+00,,0.0,test
abc0028015,2024-03-04 08:37:42.988+00,,0.994,test
abc0028567,2024-03-03 00:20:51.554+00,,0.0,real
abc0028638,2024-03-03 00:20:54.845+00,,0.0,test
abc0028639,2024-03-04 00:21:05.718+00,,0.0,test
abc0028608,2024-03-19 08:25:08.289+00,,-29.539999999999996,test
abc0023440,2024-03-05 09:24:20.222+00,,0.0,real
abc0028177,2024-03-23 02:25:33.583+00,,-32.6,real
abc0026767,2024-03-06 00:19:44.593+00,,0.0,test
abc0028597,2024-03-22 14:31:58.255+00,,-2103.3883000000005,real
abc0028371,2024-03-06 07:13:23.693+00,,22.36,real
abc0028672,2024-03-06 23:49:05.7+00,,0.0,real
abc0026677,2024-03-07 00:19:15.494+00,,0.0,test
abc0027834,2024-03-07 06:50:54.913+00,,0.0,real
abc0023559,2024-03-07 18:59:55.784+00,,0.0,real
abc0028689,2024-03-08 00:21:08.251+00,,0.0,test
abc0028461,2024-03-20 08:15:10.847+00,,-6558.1900000000005,real
abc0028697,2024-03-15 11:17:12.521+00,,1153.0784,real
abc0027418,2024-03-10 10:32:57.438+00,,0.0,real
abc0028714,2024-03-22 00:22:07.289+00,,69.39,real
abc0028741,2024-03-22 08:03:00.793+00,,125.15519999999998,test
abc0028748,2024-03-19 08:09:25.569+00,,-25.33,test
abc0028729,2024-03-14 00:21:34.637+00,,0.0,test
abc0028737,2024-03-14 00:21:35.026+00,,0.0,test
abc0025834,2024-03-15 04:21:26.815+00,,0.0,real
abc0027950,2024-03-22 08:44:07.012+00,,1.2199999999999998,real
abc0028368,2024-03-19 00:22:01.749+00,,4.995,real
abc0028744,2024-03-20 00:22:06.989+00,,-3941.0090000000005,real
abc0028816,2024-03-19 00:22:24.079+00,,0.0,test
abc0028652,2024-03-19 04:48:26.388+00,,0.0,real
abc0028652,2024-03-23 00:22:59.794+00,,-21.1965,test
abc0028511,2024-03-20 00:21:55.637+00,,0.0,test
abc0028522,2024-03-23 00:22:53.439+00,,-43.8471,test
abc0028821,2024-03-20 00:22:10.748+00,,0.0,test
abc0028473,2024-03-20 14:08:47.128+00,,0.0,real
abc0028539,2024-03-22 00:21:58.464+00,,-0.615,real
abc0028829,2024-03-23 06:19:48.506+00,,8846.615,real
abc0028781,2024-03-22 13:49:28.553+00,,7550.26,real
abc0027514,2024-03-21 14:46:04.199+00,,19.8,test
abc0027514,2024-03-22 00:21:07.663+00,,0.0,real
abc0027747,2024-03-22 00:21:19.587+00,,0.0,real
abc0028237,2024-03-22 00:21:43.799+00,,0.0,test
abc0028539,2024-03-22 00:21:58.456+00,,0.0,test
abc0028721,2024-03-22 00:22:07.639+00,,0.0,test
abc0028721,2024-03-22 00:22:07.654+00,,0.0,real
abc0028817,2024-03-22 05:33:25.283+00,,11.7805,test
abc0028829,2024-03-22 00:22:13.085+00,,0.0,test
abc0021501,2024-03-23 00:17:24.744+00,,0.0,real
abc0028850,2024-03-23 00:23:09.548+00,,0.0,test
abc0028750,2024-03-23 07:24:12.367+00,,1074.5164,real
