merchant_id,account_age_days,balance,days_since_last_tx,dropped_out
abc0001025,1879,0.0,1260,1
abc0001026,1863,-16.03,410,0
abc0001027,1861,-274623.2186,398,0
abc0001028,1858,-299447.5256,606,0
abc0001029,1858,-1304446.15,1236,1
abc0001030,1857,0.0,1260,1
abc0001031,1855,0.0,1260,0
abc0001032,1835,0.0,1260,1
abc0001033,1829,0.0,1260,1
abc0001034,1829,0.0,1260,1
abc0001035,1824,-6.0,1260,0
abc0001036,1824,0.0,1260,0
abc0001037,1823,3.0,1260,1
abc0001038,1818,-365874.5,1260,1
abc0001039,1816,0.0,1260,1
abc0001040,1815,0.0,1260,1
abc0001041,1806,-8603.0863,368,0
abc0001042,1803,0.0,1260,1
abc0001043,1799,0.0,1260,1
abc0001044,1799,-1945.4479,384,0
abc0001045,1795,-10359.3,1260,1
abc0001046,1795,0.0,1260,1
abc0001047,1795,9.68,1260,1
abc0001047,1795,0.0,1260,1
abc0001048,1795,-200.1,913,1
abc0001049,1794,0.0,1260,1
abc0001050,1788,-20757.07,798,1
abc0001051,1787,-113.32,1036,1
abc0001052,1779,62.0209,776,1
abc0001053,1779,-5135.78,1039,0
abc0001054,1778,2.87,1260,1
abc0001054,1778,0.0,1260,1
abc0001055,1775,94.24,1260,1
abc0001056,1775,0.0,1260,1
abc0001057,1774,0.0,1260,1
abc0001058,1773,0.0,1260,1
abc0001059,1773,0.0,1260,1
abc0001060,1773,0.0,1260,1
abc0001061,1773,0.0,1260,1
abc0001062,1773,0.0,1260,1
abc0001063,1773,0.0,1260,1
abc0001064,1773,0.0,1260,1
abc0001065,1773,-8245.013500000001,519,0
abc0001066,1770,0.0,1260,1
abc0001067,1770,0.0,1260,1
abc0001068,1770,-10.0,1079,0
abc0001069,1768,0.0,1260,1
abc0001070,1767,0.0,1260,1
abc0001071,1767,0.0,1260,1
abc0001072,1767,0.0,1260,1
abc0001073,1767,0.0,1260,1
abc0001074,1767,0.0,1260,1
abc0001075,1767,0.0,1260,1
abc0001076,1767,0.0,1260,1
abc0001077,1767,4.96,381,0
abc0001078,1766,-1134.8806000000002,1018,1
abc0001079,1766,0.0,1260,0
abc0001080,1765,-166.9425,1019,1
abc0001081,1758,2.76,1260,1
abc0001082,1753,0.0,1260,1
abc0001082,1753,0.0,1260,1
abc0001083,1751,2.36,1260,1
abc0001084,1747,619.71,1260,1
abc0001084,1747,0.0,1260,1
abc0001085,1746,-121.33,1260,1
abc0001086,1745,-245.0,1260,1
abc0001086,1745,57893.38,1157,1
abc0001087,1745,0.0,1260,1
abc0001088,1745,0.0,1260,1
abc0001089,1744,0.0,1260,1
abc0001090,1743,0.0,1260,1
abc0001091,1743,0.0,1260,1
abc0001092,1742,0.0,1260,1
abc0001093,1742,0.0,1260,1
abc0001094,1741,0.0,1260,1
abc0001095,1740,50.0,1260,0
abc0001096,1738,0.0,1260,1
abc0001097,1738,0.0,1260,1
abc0001098,1737,0.0,1260,1
abc0001099,1735,0.0,1260,1
abc0001100,1734,0.0,1260,1
abc0001100,1734,0.0,1260,1
abc0001101,1734,0.0,1260,1
abc0001102,1734,0.0,1260,1
abc0001103,1733,0.0,1260,1
abc0001104,1733,0.0,1260,1
abc0001105,1733,38.92,1260,1
abc0001106,1732,0.0,1260,1
abc0001107,1731,0.0,1260,1
abc0001108,1731,0.0,1260,1
abc0001109,1728,0.0,1260,1
abc0001110,1726,7215634.84,715,1
abc0001110,1726,0.0,1260,1
abc0001111,1726,0.0,1260,1
abc0001112,1724,872.29,1260,1
abc0001112,1724,0.0,1260,1
abc0001113,1724,0.0,1260,1
abc0001114,1721,0.0,1260,1
abc0001115,1721,0.0,1260,1
abc0001116,1721,2.24,1260,1
abc0001117,1720,0.0,1260,1
abc0001118,1720,0.0,1260,1
abc0001119,1719,0.0,1260,0
abc0001120,1717,0.0,1260,1
abc0001121,1717,0.0,1260,1
abc0001122,1717,0.0,1260,1
abc0001123,1717,0.0,1260,1
abc0001124,1717,0.0,1260,1
abc0001125,1717,0.0,1260,1
abc0001126,1717,0.0,1260,1
abc0001127,1716,-353.91,1260,1
abc0001128,1716,0.0,1260,1
abc0001129,1716,-650.001,357,0
abc0001129,1716,21.236,654,0
abc0001130,1716,0.0,1260,1
abc0001131,1716,0.0,1260,1
abc0001132,1715,2.0,528,0
abc0001133,1715,0.0,1260,0
abc0001134,1714,0.0,1260,1
abc0001135,1714,0.0,1260,1
abc0001136,1714,0.0,1260,1
abc0001137,1713,0.0,1260,1
abc0001138,1713,0.0,1260,1
abc0001139,1713,0.0,1260,1
abc0001140,1712,0.0,1260,1
abc0001141,1712,0.0,1260,1
abc0001142,1712,0.0,1260,1
abc0001143,1712,0.0,1260,1
abc0001144,1712,85.0,1260,1
abc0001145,1711,0.0,1260,1
abc0001145,1711,0.0,1260,1
abc0001146,1711,0.0,1260,1
abc0001147,1710,0.0,1260,1
abc0001148,1709,0.0,1260,1
abc0001149,1708,0.0,1260,1
abc0001150,1707,0.0,1260,1
abc0001151,1707,0.0,1260,1
abc0001152,1707,0.0,1260,1
abc0001153,1705,-204.01,1260,1
abc0001154,1705,0.0,1260,1
abc0001155,1705,-37243.122500000005,357,0
abc0001156,1705,0.0,1260,1
abc0001157,1705,-78.72590000000001,401,0
abc0001158,1704,0.0,1260,1
abc0001159,1704,0.0,1260,1
abc0001160,1704,-413.24,1186,1
abc0001161,1703,0.0,1260,1
abc0001162,1703,38.77,1260,1
abc0001163,1702,0.0,1260,1
abc0001164,1702,0.0,1260,0
abc0001165,1702,0.0,1260,1
abc0001166,1702,0.0,1260,1
abc0001167,1702,0.0,1150,0
abc0001168,1701,0.0,1260,1
abc0001171,1700,0.0,1260,1
abc0001172,1700,0.0,1260,1
abc0001173,1700,0.0,1260,1
abc0001174,1700,0.0,1260,1
abc0001175,1699,0.0,1260,1
abc0001176,1699,0.0,1260,1
abc0001177,1699,0.0,1260,1
abc0001178,1698,0.0,1260,1
abc0001179,1698,0.0,1260,1
abc0001180,1698,0.0,1260,1
abc0001181,1698,0.0,1260,1
abc0001182,1698,0.0,1260,1
abc0001183,1697,0.0,1260,1
abc0001184,1697,0.0,1260,1
abc0001185,1697,0.0,1260,1
abc0001186,1697,0.0,1260,1
abc0001187,1697,0.15,1260,1
abc0001188,1697,0.0,1260,1
abc0001189,1696,0.0,1260,1
abc0001190,1696,-6151.360000000001,1260,1
abc0001191,1696,-847419.6618000001,356,0
abc0001192,1696,0.0,1260,1
abc0001193,1695,0.0,1260,1
abc0001194,1695,0.0,1260,1
abc0001195,1695,0.0,1260,1
abc0001196,1694,0.0,1260,0
abc0001197,1694,0.0,1260,1
abc0001198,1694,0.0,1260,1
abc0001199,1694,-125.0,1260,1
abc0001200,1693,0.0,1260,1
abc0001201,1693,0.0,1260,1
abc0001202,1692,0.0,1260,1
abc0001203,1692,0.0,1260,1
abc0001204,1692,0.0,1260,1
abc0001205,1692,0.0,1260,1
abc0001206,1692,0.0,1260,1
abc0001207,1691,6.0,1260,1
abc0001208,1691,0.0,1260,1
abc0001209,1691,0.0,1260,1
abc0001210,1690,0.0,1260,1
abc0001211,1690,0.0,1260,1
abc0001212,1689,0.0,1260,1
abc0001213,1689,0.0,1260,1
abc0001214,1688,0.0,1260,1
abc0001215,1688,0.0,1260,1
abc0001216,1687,0.0,1260,1
abc0001217,1687,0.0,1260,1
abc0001218,1686,0.0,1260,1
abc0001219,1686,0.0,1260,1
abc0001220,1686,0.0,1260,1
abc0001221,1686,0.0,1260,1
abc0001222,1685,0.0,1260,1
abc0001223,1685,0.0,1260,1
abc0001224,1685,-20.93,906,0
abc0001225,1684,0.0,1260,1
abc0001226,1684,0.0,1260,1
abc0001227,1684,0.1,1260,1
abc0001227,1684,0.0,1260,1
abc0001228,1683,0.0,1260,1
abc0001229,1683,0.0,1260,1
abc0001230,1683,0.0,1260,1
abc0001231,1683,0.0,1260,1
abc0001232,1682,0.0,1260,1
abc0001233,1682,0.0,1260,1
abc0001234,1682,0.0,1260,1
abc0001235,1681,0.0,1260,1
abc0001235,1681,384.48,1260,1
abc0001236,1681,0.0,1260,1
abc0001237,1680,0.0,1260,1
abc0001238,1680,0.0,1260,1
abc0001239,1680,0.0,1260,1
abc0001240,1679,0.0,1260,1
abc0001241,1679,0.0,1260,1
abc0001242,1679,0.0,1260,1
abc0001243,1679,0.0,1260,1
abc0001244,1678,0.0,1260,1
abc0001245,1678,0.0,1260,1
abc0001246,1678,0.0,1260,1
abc0001247,1678,0.0,1260,1
abc0001248,1678,0.0,1260,1
abc0001249,1677,0.0,1260,1
abc0001250,1677,0.0,1260,1
abc0001251,1677,0.0,1260,1
abc0001252,1677,1.17,1260,1
abc0001253,1676,0.0,1260,1
abc0001254,1676,0.0,1260,1
abc0001255,1676,0.0,1260,1
abc0001256,1676,0.0,1260,1
abc0001257,1676,-3.1999999999999997,729,0
abc0001258,1675,0.0,1260,1
abc0001259,1675,0.0,1260,1
abc0001260,1675,0.0,1260,1
abc0001261,1674,0.0,1260,0
abc0001262,1674,0.0,1260,1
abc0001263,1674,0.0,1260,1
abc0001264,1673,0.0,1260,1
abc0001265,1673,0.0,1260,1
abc0001266,1673,0.0,1260,1
abc0001267,1672,0.0,1260,1
abc0001268,1672,0.0,1260,1
abc0001269,1671,0.0,1260,1
abc0001270,1670,0.0,1260,1
abc0001271,1670,0.0,1260,1
abc0001272,1669,0.0,1260,1
abc0001273,1669,-285.35,1107,1
abc0001274,1669,0.0,1260,1
abc0001275,1668,0.0,1260,1
abc0001276,1668,0.0,1260,1
abc0001277,1668,0.0,1260,1
abc0001278,1668,0.0,1260,1
abc0001279,1667,0.0,1260,1
abc0001280,1667,0.0,1260,1
abc0001281,1667,0.0,1260,1
abc0001282,1667,0.0,1260,1
abc0001283,1666,0.0,1260,1
abc0001284,1666,0.0,1260,1
abc0001285,1666,0.0,1260,1
abc0001286,1665,0.0,1260,1
abc0001287,1664,0.0,1260,1
abc0001288,1663,0.0,1260,1
abc0001289,1663,0.0,1260,1
abc0001290,1663,0.0,1260,1
abc0001291,1663,0.0,1260,1
abc0001292,1663,0.0,1260,1
abc0001293,1663,0.0,1260,1
abc0001294,1663,0.0,1260,1
abc0001295,1663,0.0,1260,1
abc0001296,1663,0.0,1260,1
abc0001297,1663,0.0,1260,1
abc0001298,1663,0.0,1260,1
abc0001299,1662,0.0,1260,1
abc0001300,1662,0.0,1260,1
abc0001301,1662,0.0,1260,1
abc0001302,1662,0.0,1260,1
abc0001303,1662,0.0,1260,1
abc0001304,1662,0.0,1260,1
abc0001305,1661,0.0,1260,1
abc0001306,1661,0.0,1260,1
abc0001307,1661,0.0,1260,1
abc0001308,1661,0.0,1260,1
abc0001309,1661,0.0,1260,1
abc0001310,1660,0.0,1260,1
abc0001311,1659,0.0,1260,1
abc0001312,1659,0.0,1260,1
abc0001313,1658,0.0,1260,1
abc0001314,1658,0.0,1260,1
abc0001314,1658,0.0,1260,1
abc0001315,1656,0.0,1260,1
abc0001316,1656,10.68,1260,1
abc0001317,1656,0.0,1260,1
abc0001317,1656,717.15,1260,1
abc0001318,1656,0.0,1260,1
abc0001319,1655,0.0,1260,1
abc0001320,1655,0.0,1260,1
abc0001321,1654,0.0,1260,1
abc0001322,1654,-118.8,1260,1
abc0001323,1653,0.0,1260,1
abc0001324,1653,-130.37,1260,1
abc0001325,1653,-9391.9337,653,1
abc0001326,1653,-23179.4457,534,1
abc0001327,1653,-1335.35,715,1
abc0001328,1653,0.0,1260,1
abc0001329,1653,-1077.74,1260,1
abc0001330,1653,0.0,1260,1
abc0001331,1653,-4849.013700000001,466,1
abc0001332,1653,-3278.43,1032,1
abc0001333,1653,0.0,1260,1
abc0001334,1653,0.0,1260,1
abc0001335,1653,0.0,1260,1
abc0001336,1653,0.0,1260,1
abc0001337,1653,0.0,1260,1
abc0001338,1653,0.0,1260,1
abc0001339,1653,0.0,1260,1
abc0001340,1652,0.0,1260,1
abc0001341,1652,0.0,1260,1
abc0001342,1651,0.0,1260,1
abc0001343,1649,0.0,1260,1
abc0001344,1649,0.0,1260,1
abc0001345,1649,0.0,1260,1
abc0001346,1648,0.0,1260,1
abc0001347,1648,0.0,1260,1
abc0001348,1648,0.0,1260,1
abc0001349,1648,0.0,1260,1
abc0001350,1648,0.0,1260,1
abc0001351,1648,-427949.0776,356,0
abc0001352,1647,-1275.99,1260,1
abc0001352,1647,-195.83,1260,1
abc0001353,1646,0.0,1260,1
abc0001354,1646,0.0,1260,1
abc0001354,1646,0.0,1260,1
abc0001355,1646,0.0,1260,1
abc0001356,1646,0.0,1260,1
abc0001357,1645,0.0,1260,1
abc0001358,1645,0.0,1260,1
abc0001359,1645,0.0,1260,1
abc0001360,1645,0.0,1260,1
abc0001361,1643,0.0,1260,1
abc0001362,1643,0.0,1260,1
abc0001363,1643,0.0,1260,1
abc0001364,1642,0.0,1260,1
abc0001365,1642,0.0,1260,1
abc0001366,1642,16915.18,1260,1
abc0001366,1642,0.0,1260,1
abc0001367,1642,0.0,1260,1
abc0001368,1641,0.0,1260,1
abc0001369,1641,0.0,1260,1
abc0001370,1641,-993.59,1260,1
abc0001371,1641,0.0,1260,1
abc0001372,1641,0.0,1260,1
abc0001373,1641,-410.1,1260,1
abc0001374,1641,-2023.4100000000003,942,1
abc0001375,1641,0.0,1260,1
abc0001376,1641,-297.81,1260,1
abc0001377,1641,0.0,1260,1
abc0001378,1641,0.0,1260,1
abc0001379,1641,0.0,1260,1
abc0001379,1641,0.0,1260,1
abc0001380,1640,0.0,1260,1
abc0001381,1640,0.0,1260,1
abc0001382,1640,0.0,1260,1
abc0001383,1640,0.0,1260,1
abc0001384,1640,-216887.65,715,1
abc0001385,1640,0.0,1260,1
abc0001386,1639,0.0,1260,1
abc0001387,1639,0.0,1260,1
abc0001388,1639,0.0,1260,1
abc0001389,1639,0.0,1260,1
abc0001390,1639,0.0,1260,1
abc0001391,1639,0.0,1260,1
abc0001392,1638,18.0,1260,1
abc0001393,1638,0.0,1260,1
abc0001394,1636,0.0,1260,1
abc0001395,1636,0.0,1260,1
abc0001396,1636,0.0,1260,1
abc0001397,1634,0.0,1260,1
abc0001398,1634,0.0,1260,1
abc0001399,1634,0.0,1260,1
abc0001400,1633,0.0,1260,1
abc0001401,1633,0.0,1260,1
abc0001402,1633,0.0,1260,1
abc0001403,1632,-60.4,1260,1
abc0001404,1632,0.0,1260,1
abc0001405,1632,0.0,1260,1
abc0001406,1632,0.0,1260,1
abc0001407,1632,0.0,1260,1
abc0001408,1632,-93.05,1215,1
abc0001409,1632,0.0,1260,1
abc0001410,1632,0.0,1260,1
abc0001411,1632,0.0,1260,1
abc0001412,1632,0.0,1260,1
abc0001413,1631,0.0,1260,1
abc0001414,1631,0.0,1260,0
abc0001415,1631,0.0,1260,1
abc0001416,1631,0.0,1260,1
abc0001417,1631,0.0,1260,1
abc0001418,1631,0.0,1260,1
abc0001419,1630,-1027533.9296,359,0
abc0001420,1630,0.0,1260,1
abc0001421,1629,0.0,1260,1
abc0001422,1629,15.3,1260,1
abc0001422,1629,0.0,1260,1
abc0001423,1629,0.0,1260,1
abc0001424,1629,0.0,1260,1
abc0001424,1629,0.0,1260,1
abc0001425,1628,0.0,1260,1
abc0001426,1628,0.0,1260,1
abc0001427,1628,0.0,1260,1
abc0001428,1628,0.0,1260,1
abc0001429,1628,0.0,1260,1
abc0001430,1627,0.0,1260,1
abc0001430,1627,0.0,1240,1
abc0001431,1627,0.0,1260,1
abc0001432,1627,0.0,1260,1
abc0001433,1627,0.0,1260,1
abc0001434,1627,0.0,1260,1
abc0001435,1626,29.37,1142,1
abc0001436,1626,0.0,1260,1
abc0001437,1626,-419.95,1260,1
abc0001438,1626,-805.6608999999999,466,1
abc0001439,1626,0.0,1260,1
abc0001440,1625,-1175.0,1260,1
abc0001441,1625,0.0,1260,1
abc0001442,1624,0.0,1260,1
abc0001443,1624,0.0,1260,1
abc0001444,1624,0.0,1260,1
abc0001445,1624,-29.95,1260,1
abc0001446,1624,0.0,1260,1
abc0001447,1624,0.0,1260,1
abc0001448,1624,0.0,1260,1
abc0001449,1624,0.0,1260,1
abc0001450,1624,0.0,1260,1
abc0001451,1624,0.0,1260,1
abc0001452,1623,0.0,1260,1
abc0001509,1621,0.0,1260,1
abc0001509,1621,0.0,1260,1
abc0001510,1621,0.0,1260,1
abc0001511,1620,93.0,1260,0
abc0001512,1620,0.0,1260,0
abc0001513,1620,0.0,1260,0
abc0001514,1620,0.0,1260,1
abc0001515,1620,108.52,1260,1
abc0001515,1620,0.0,1260,1
abc0001516,1620,-10.0,1260,1
abc0001517,1620,0.0,1260,1
abc0001518,1620,0.0,1260,1
abc0001519,1620,0.0,1260,1
abc0001520,1619,0.0,1260,0
abc0001521,1619,0.0,1260,0
abc0001522,1619,0.0,1260,0
abc0001523,1619,0.0,1260,0
abc0001524,1619,0.0,1260,1
abc0001525,1619,0.0,1260,1
abc0001526,1618,0.0,1260,1
abc0001527,1618,0.0,1260,1
abc0001528,1618,0.0,1260,1
abc0001529,1618,-378.559,466,1
abc0001530,1618,0.0,1260,1
abc0001532,1618,0.0,1260,1
abc0001533,1618,0.0,1260,1
abc0001534,1618,0.0,1260,1
abc0001535,1618,0.0,1260,1
abc0001540,1618,0.0,1260,1
abc0001541,1616,0.0,1260,1
abc0001542,1616,0.0,1260,1
abc0001543,1616,0.0,1260,1
abc0001544,1616,0.0,1260,1
abc0001545,1616,0.0,1260,1
abc0001546,1616,-16185.3584,492,0
abc0001547,1616,0.0,1260,1
abc0001548,1615,0.0,1260,1
abc0001549,1614,0.0,1260,1
abc0001549,1614,0.0,1260,1
abc0001550,1614,0.0,1260,1
abc0001550,1614,0.0,1260,1
abc0001552,1614,0.0,1260,1
abc0001553,1614,0.0,1260,1
abc0001554,1614,0.0,1260,1
abc0001555,1614,-323.0,1260,1
abc0001556,1614,-99987.7952,357,0
abc0001557,1614,0.0,1260,1
abc0001558,1614,0.0,1260,1
abc0001559,1614,0.0,1260,1
abc0001560,1613,0.0,1260,1
abc0001561,1613,0.0,1260,1
abc0001562,1613,0.0,1260,1
abc0001563,1613,0.0,1260,1
abc0001564,1613,0.0,1260,1
abc0001565,1613,1201.39,1260,1
abc0001565,1613,0.0,1260,1
abc0001566,1612,0.0,1260,1
abc0001567,1612,22.2,1260,1
abc0001568,1612,0.0,1260,1
abc0001569,1612,0.0,1260,1
abc0001570,1611,0.0,1260,1
abc0001571,1610,0.0,1260,1
abc0001572,1610,0.0,1260,1
abc0001573,1610,0.0,1260,1
abc0001574,1610,-1.0,1260,1
abc0001575,1609,0.0,1260,1
abc0001576,1609,0.0,1260,1
abc0001577,1609,0.0,1260,1
abc0001578,1609,0.0,1260,1
abc0001579,1608,0.0,1260,1
abc0001580,1608,0.0,1260,1
abc0001581,1607,0.0,1260,0
abc0001582,1607,-29081.235,715,0
abc0001582,1607,16215.87,1011,0
abc0001583,1607,0.0,1260,0
abc0001584,1607,0.0,1260,0
abc0001585,1607,0.0,1260,0
abc0001586,1607,0.0,1260,0
abc0001587,1607,0.0,1260,1
abc0001588,1607,0.0,1260,1
abc0001589,1607,0.0,1260,1
abc0001590,1606,0.0,1260,1
abc0001591,1606,0.0,1260,1
abc0001592,1606,-131611.16530000002,364,0
abc0001593,1606,-21.4,1260,1
abc0001594,1606,0.0,1260,1
abc0001595,1606,0.0,1260,1
abc0001596,1606,0.0,1260,1
abc0001597,1606,0.0,1260,1
abc0001598,1605,0.0,1260,1
abc0001599,1605,0.0,1260,1
abc0001600,1605,1048.9,1260,1
abc0001600,1605,0.0,1260,1
abc0001601,1605,0.0,1260,1
abc0001602,1605,0.0,1260,1
abc0001603,1604,-94.69,1110,1
abc0001604,1604,0.0,1260,1
abc0001605,1604,0.0,1260,1
abc0001606,1604,0.0,1260,1
abc0001607,1604,-41.0,1260,1
abc0001608,1604,0.0,1260,1
abc0001609,1604,0.0,1260,1
abc0001609,1604,0.0,1260,1
abc0001610,1603,0.0,1260,1
abc0001611,1603,-41.5,1260,1
abc0001612,1603,0.0,1260,1
abc0001613,1603,0.0,1260,1
abc0001614,1602,0.0,1260,1
abc0001615,1602,0.0,1260,1
abc0001616,1602,0.0,1260,1
abc0001617,1602,0.0,1260,1
abc0001618,1602,0.0,1260,1
abc0001619,1601,0.0,1260,1
abc0001620,1601,0.0,1260,1
abc0001621,1600,0.5,1260,1
abc0001622,1600,-10.470000000000002,742,1
abc0001623,1600,0.0,1260,1
abc0001624,1600,0.0,1260,1
abc0001625,1599,0.0,1260,1
abc0001626,1599,0.0,1260,1
abc0001627,1599,-102.01000000000002,1260,1
abc0001628,1599,-36.73,1260,1
abc0001629,1599,0.0,1260,1
abc0001630,1598,0.0,1260,1
abc0001631,1598,0.0,1260,1
abc0001632,1598,0.0,1260,1
abc0001633,1598,0.0,1260,1
abc0001634,1598,0.0,1260,1
abc0001635,1597,-63359196.11000001,356,0
abc0001636,1597,0.0,1260,1
abc0001637,1596,0.0,1260,1
abc0001638,1596,0.0,1260,1
abc0001639,1596,0.0,1260,1
abc0001640,1596,0.0,1260,1
abc0001641,1596,0.0,1260,1
abc0001642,1596,0.0,1260,1
abc0001642,1596,0.0,1260,1
abc0001643,1596,0.0,1260,1
abc0001644,1596,0.0,1260,1
abc0001645,1595,0.0,1260,1
abc0001646,1595,0.0,1260,1
abc0001647,1595,0.0,1260,1
abc0001648,1594,0.0,1260,1
abc0001649,1594,0.0,1260,1
abc0001655,1593,0.0,1260,1
abc0001656,1593,0.0,1260,1
abc0001657,1592,0.0,1260,1
abc0001658,1592,0.0,1260,1
abc0001659,1592,0.0,1260,1
abc0001660,1592,0.0,1260,1
abc0001661,1592,0.0,1260,1
abc0001662,1592,0.0,1260,1
abc0001663,1591,0.0,1260,1
abc0001664,1591,-6487.57,1260,1
abc0001665,1591,0.0,1260,1
abc0001666,1591,-200.88,1110,1
abc0001667,1591,0.0,1260,1
abc0001668,1591,0.0,1260,1
abc0001669,1591,0.0,1260,1
abc0001670,1591,-119.61,1260,1
abc0001671,1591,0.0,1260,1
abc0001672,1591,-109.13,1260,1
abc0001673,1591,0.0,1260,1
abc0001674,1591,0.0,1260,1
abc0001675,1591,0.0,1260,1
abc0001676,1591,0.0,1260,1
abc0001676,1591,0.0,1260,1
abc0001677,1590,0.0,1260,1
abc0001678,1590,0.0,1260,1
abc0001679,1590,0.0,1260,1
abc0001680,1590,0.0,1260,1
abc0001681,1590,0.0,1260,1
abc0001681,1590,493.0,1260,1
abc0001682,1589,0.0,1260,1
abc0001683,1589,0.0,1260,1
abc0001684,1589,0.0,1260,1
abc0001685,1589,0.0,1260,1
abc0001686,1589,0.0,1260,1
abc0001687,1589,0.0,1260,1
abc0001688,1588,0.0,1260,1
abc0001689,1588,-1861.05,1179,1
abc0001690,1587,0.0,1260,1
abc0001691,1587,0.0,1260,1
abc0001692,1587,-40266.21799999999,715,1
abc0001693,1586,0.0,1260,1
abc0001693,1586,0.0,1260,1
abc0001694,1586,0.0,1260,1
abc0001695,1586,0.0,1260,1
abc0001696,1586,0.0,1260,1
abc0001697,1586,0.0,1260,1
abc0001698,1586,0.0,1260,1
abc0001699,1586,0.0,1260,1
abc0001701,1585,0.0,1260,0
abc0001702,1585,0.0,1260,1
abc0001703,1585,0.0,1260,1
abc0001704,1585,0.0,1260,1
abc0001704,1585,0.0,1260,1
abc0001705,1584,0.0,1260,1
abc0001706,1584,0.0,1260,1
abc0001707,1584,0.0,1260,1
abc0001708,1584,0.0,1260,1
abc0001709,1583,0.0,1260,1
abc0001710,1583,0.0,1260,1
abc0001711,1583,0.0,1260,1
abc0001712,1583,0.0,1260,1
abc0001713,1583,0.0,1260,1
abc0001714,1583,9725.2,1195,1
abc0001714,1583,-110.0,1260,1
abc0001715,1582,0.0,1260,1
abc0001715,1582,0.0,1260,1
abc0001716,1582,0.0,1260,1
abc0001717,1582,0.0,1260,1
abc0001718,1581,0.0,1260,1
abc0001719,1581,0.0,1260,1
abc0001720,1581,0.0,1260,1
abc0001721,1581,0.0,1260,1
abc0001722,1581,0.0,1260,1
abc0001723,1581,0.0,1260,1
abc0001724,1580,0.0,1260,1
abc0001725,1580,0.0,1260,1
abc0001726,1580,0.0,1260,1
abc0001727,1580,0.0,1260,1
abc0001728,1580,0.0,1260,1
abc0001729,1580,0.0,1260,1
abc0001729,1580,0.0,1260,1
abc0001730,1580,0.1,1260,1
abc0001730,1580,0.0,1260,1
abc0001731,1579,0.0,1260,1
abc0001732,1579,-5.2624,455,0
abc0001733,1579,0.0,1260,1
abc0001734,1579,0.0,1260,1
abc0001735,1577,364.7791,396,0
abc0001736,1577,0.0,1260,1
abc0001737,1577,0.25,1260,1
abc0001738,1577,0.0,1260,1
abc0001738,1577,0.0,1260,1
abc0001739,1576,10.0,1260,1
abc0001739,1576,1.01,1260,1
abc0001740,1576,0.0,1260,1
abc0001741,1576,0.0,1260,1
abc0001742,1576,0.0,1260,1
abc0001743,1576,0.0,1260,0
abc0001744,1576,0.0,1260,1
abc0001745,1576,0.0,1260,1
abc0001746,1575,0.0,1260,0
abc0001747,1575,0.0,1260,1
abc0001748,1574,0.0,1260,1
abc0001749,1573,0.0,1260,1
abc0001750,1573,0.0,1260,1
abc0001751,1573,0.0,1260,1
abc0001752,1573,0.0,1260,1
abc0001753,1572,0.0,1260,1
abc0001754,1572,0.0,1260,1
abc0001755,1572,0.0,1260,1
abc0001756,1572,0.0,1260,1
abc0001757,1572,0.0,1260,1
abc0001758,1572,10.5,1260,1
abc0001759,1571,19932.4,1260,1
abc0001759,1571,48.5,1260,1
abc0001760,1571,0.0,1260,1
abc0001760,1571,0.0,1260,1
abc0001761,1571,0.0,1260,1
abc0001762,1571,0.0,1260,1
abc0001763,1570,0.0,1260,1
abc0001764,1570,0.0,1260,1
abc0001765,1569,-45911.2,1260,0
abc0001766,1569,0.0,1260,1
abc0001767,1569,0.0,1260,1
abc0001768,1569,0.0,1260,1
abc0001769,1568,0.0,1260,1
abc0001770,1568,0.0,1260,1
abc0001771,1568,0.0,1260,1
abc0001772,1568,0.0,1260,1
abc0001773,1568,0.0,1260,1
abc0001774,1567,0.0,1260,1
abc0001775,1567,0.0,1260,1
abc0001776,1567,0.0,1260,1
abc0001777,1567,0.0,1260,1
abc0001778,1567,0.0,1260,1
abc0001779,1567,0.0,1260,1
abc0001780,1567,0.0,1260,1
abc0001781,1567,0.0,1260,1
abc0001782,1566,0.0,1260,1
abc0001783,1566,0.0,1260,1
abc0001784,1565,0.0,1260,1
abc0001785,1565,0.0,1260,1
abc0001786,1565,0.0,1260,1
abc0001787,1565,0.0,1260,1
abc0001788,1564,0.0,1260,1
abc0001789,1564,0.0,1260,1
abc0001790,1564,0.0,1260,1
abc0001791,1563,0.0,1260,1
abc0001792,1563,0.0,1260,1
abc0001793,1563,0.0,1260,1
abc0001794,1563,0.0,1260,1
abc0001795,1563,0.0,1260,1
abc0001796,1563,0.0,1260,1
abc0001797,1563,0.0,1260,1
abc0001798,1563,0.0,1260,1
abc0001799,1563,0.0,1260,1
abc0001800,1563,0.0,1260,1
abc0001801,1563,0.0,1260,1
abc0001802,1562,0.0,1260,1
abc0001803,1562,1294.34,1260,1
abc0001803,1562,0.0,1260,1
abc0001804,1562,0.0,1260,1
abc0001805,1561,-90733.1941,358,0
abc0001806,1561,0.0,1260,1
abc0001807,1560,0.0,1260,1
abc0001808,1559,0.0,1260,1
abc0001809,1559,0.0,1260,1
abc0001810,1558,0.0,1260,1
abc0001811,1558,0.0,1260,1
abc0001812,1558,0.0,1260,1
abc0001813,1558,274.18,927,0
abc0001814,1558,0.0,1260,1
abc0001814,1558,0.0,1260,1
abc0001815,1558,905.84,1260,1
abc0001815,1558,0.0,1260,1
abc0001816,1558,135.29,1260,1
abc0001816,1558,0.0,1260,1
abc0001817,1558,0.0,1260,1
abc0001817,1558,0.0,1260,1
abc0001819,1558,2962.85,1260,1
abc0001819,1558,0.0,1260,1
abc0001820,1558,0.0,1260,1
abc0001821,1558,125766.13,1260,1
abc0001821,1558,0.0,1260,1
abc0001822,1558,49012.41,1260,1
abc0001822,1558,0.0,1260,1
abc0001823,1558,121.37,1260,1
abc0001823,1558,0.0,1260,1
abc0001824,1558,2487.04,1123,1
abc0001824,1558,0.0,1260,1
abc0001825,1558,0.0,1260,1
abc0001826,1558,708.95,1221,1
abc0001826,1558,0.0,1260,1
abc0001829,1558,0.0,1260,1
abc0001830,1558,0.0,1260,1
abc0001830,1558,0.0,1260,1
abc0001831,1558,0.0,1260,1
abc0001832,1558,0.0,1260,1
abc0001833,1558,0.0,1260,1
abc0001833,1558,0.0,1260,1
abc0001834,1558,0.0,1260,1
abc0001834,1558,0.0,1260,1
abc0001835,1558,0.0,1260,1
abc0001836,1558,780.07,1260,1
abc0001836,1558,0.0,1260,1
abc0001837,1558,0.0,1260,1
abc0001837,1558,0.0,1260,1
abc0001838,1558,0.0,1260,1
abc0001842,1558,0.0,1260,1
abc0001843,1558,80437.29,870,1
abc0001843,1558,0.0,1260,1
abc0001844,1558,0.0,1260,1
abc0001847,1558,142.64,1260,1
abc0001847,1558,0.0,1260,1
abc0001848,1558,0.0,1260,1
abc0001848,1558,0.0,1260,1
abc0001849,1558,0.0,1260,1
abc0001850,1558,0.0,1260,1
abc0001850,1558,0.0,1260,1
abc0001851,1558,0.0,1260,1
abc0001851,1558,0.0,1260,1
abc0001852,1558,0.0,1260,1
abc0001853,1558,0.0,1260,1
abc0001853,1558,0.0,1260,1
abc0001854,1558,0.6,1260,1
abc0001854,1558,0.0,1260,1
abc0001855,1557,0.0,1260,1
abc0001856,1557,0.0,1260,1
abc0001856,1557,0.0,1260,1
abc0001857,1557,0.0,1260,1
abc0001857,1557,0.0,1260,1
abc0001858,1557,-4410.29,1180,0
abc0001859,1557,0.0,1260,1
abc0001860,1557,1314.56,1260,1
abc0001860,1557,0.0,1260,1
abc0001861,1557,9.0,1260,1
abc0001861,1557,0.0,1260,1
abc0001862,1557,0.0,1260,1
abc0001863,1557,0.0,1260,1
abc0001863,1557,0.0,1260,1
abc0001864,1557,0.0,1260,1
abc0001865,1557,30283.58,1095,1
abc0001865,1557,0.0,1260,1
abc0001867,1557,-1836.77,1093,1
abc0001868,1557,0.0,1260,1
abc0001869,1557,0.0,1260,1
abc0001871,1557,0.0,1260,1
abc0001871,1557,0.0,1260,1
abc0001872,1557,0.0,1260,1
abc0001873,1557,0.0,1260,1
abc0001874,1557,0.0,1260,1
abc0001875,1557,0.0,1260,1
abc0001877,1557,0.0,1260,1
abc0001878,1557,0.0,1260,1
abc0001879,1557,914.14,1115,1
abc0001879,1557,0.0,1260,1
abc0001880,1557,919.34,1151,1
abc0001880,1557,0.0,1260,1
abc0001881,1557,51.08,1142,1
abc0001881,1557,0.0,1260,1
abc0001884,1557,2938.47,1260,1
abc0001884,1557,0.0,1260,1
abc0001885,1557,0.0,1260,1
abc0001885,1557,0.0,1260,1
abc0001887,1557,0.0,1260,1
abc0001888,1556,7669.58,1260,1
abc0001888,1556,0.0,1260,1
abc0001889,1556,0.0,1260,1
abc0001890,1556,6719.36,1260,1
abc0001890,1556,0.0,1260,1
abc0001891,1556,458.62,1260,1
abc0001891,1556,0.0,1260,1
abc0001892,1556,481.95,1260,1
abc0001892,1556,0.0,1260,1
abc0001893,1556,0.0,1260,1
abc0001893,1556,0.0,1260,1
abc0001894,1556,1009.1,715,1
abc0001894,1556,0.0,1260,1
abc0001895,1556,0.0,1260,1
abc0001896,1556,0.0,1260,1
abc0001897,1556,620951.81,715,1
abc0001897,1556,0.0,1260,1
abc0001898,1556,100.1,1260,1
abc0001898,1556,0.0,1260,1
abc0001900,1556,0.0,1260,1
abc0001901,1556,0.0,1260,1
abc0001901,1556,0.0,1260,1
abc0001902,1556,8605.31,1260,1
abc0001902,1556,0.0,1260,1
abc0001903,1556,0.0,1260,1
abc0001904,1556,0.0,1260,1
abc0001904,1556,0.0,1260,1
abc0001905,1555,250.6,1260,1
abc0001905,1555,0.0,1260,1
abc0001906,1555,0.0,1260,1
abc0001906,1555,0.0,1260,1
abc0001907,1555,0.0,1260,1
abc0001907,1555,0.0,1260,1
abc0001908,1555,0.0,1260,1
abc0001909,1555,282.14,1260,1
abc0001909,1555,0.0,1260,1
abc0001910,1555,593.12,1260,1
abc0001910,1555,0.0,1260,1
abc0001911,1555,0.0,1260,1
abc0001912,1555,40959.91,715,1
abc0001912,1555,0.0,1260,1
abc0001913,1555,0.0,1260,1
abc0001914,1555,0.0,1260,1
abc0001915,1555,18986.31,1260,1
abc0001915,1555,0.0,1260,1
abc0001916,1555,0.0,1260,1
abc0001917,1555,0.0,1260,1
abc0001918,1555,0.0,1260,1
abc0001919,1555,70833.63,1005,1
abc0001919,1555,0.0,1260,1
abc0001920,1555,0.0,1260,1
abc0001921,1555,0.0,1260,1
abc0001921,1555,0.0,1260,1
abc0001922,1555,0.0,1260,1
abc0001923,1555,0.0,1260,0
abc0001924,1554,0.0,1260,1
abc0001925,1554,0.0,1260,1
abc0001926,1554,0.0,1260,1
abc0001927,1554,0.0,1260,1
abc0001928,1554,-2.26,1260,1
abc0001929,1554,0.0,1260,1
abc0001930,1554,0.0,1260,1
abc0001931,1554,0.0,1260,1
abc0001932,1554,0.0,1260,1
abc0001932,1554,0.0,1260,1
abc0001933,1554,0.0,1260,1
abc0001934,1554,0.0,1260,1
abc0001934,1554,0.0,1260,1
abc0001935,1554,0.0,1260,1
abc0001936,1554,0.0,1260,1
abc0001936,1554,0.0,1260,1
abc0001938,1554,125.0,1260,1
abc0001938,1554,0.0,1260,1
abc0001939,1554,38035.83,715,1
abc0001939,1554,0.0,1260,1
abc0001940,1554,0.0,1260,1
abc0001940,1554,0.0,1260,1
abc0001941,1554,0.0,1260,1
abc0001942,1554,38388.14,1260,1
abc0001942,1554,0.0,1260,1
abc0001943,1554,282.23,1260,1
abc0001943,1554,0.0,1260,1
abc0001944,1554,0.0,1260,1
abc0001945,1554,150.0,1260,1
abc0001948,1553,5.45,1260,1
abc0001948,1553,0.0,1260,1
abc0001949,1553,0.0,1260,1
abc0001949,1553,0.0,1260,1
abc0001950,1553,0.0,1260,1
abc0001950,1553,0.0,1260,1
abc0001951,1553,0.0,1260,1
abc0001952,1553,0.0,1260,1
abc0001952,1553,0.0,1260,1
abc0001953,1553,0.0,1260,1
abc0001953,1553,0.0,1260,1
abc0001954,1553,0.0,1260,1
abc0001954,1553,0.0,1260,1
abc0001955,1553,0.0,1260,1
abc0001956,1553,0.0,1260,1
abc0001956,1553,0.0,1260,1
abc0001957,1553,0.0,1260,1
abc0001958,1553,24.07,1260,1
abc0001959,1553,0.0,1260,1
abc0001960,1553,382.02,1260,1
abc0001960,1553,0.0,1260,1
abc0001961,1553,0.0,1260,1
abc0001961,1553,0.0,1260,1
abc0001962,1552,0.0,1260,1
abc0001963,1552,0.0,1260,1
abc0001963,1552,0.0,1260,1
abc0001964,1552,0.0,1260,1
abc0001965,1552,9.48,1260,1
abc0001965,1552,0.0,1260,1
abc0001966,1552,0.0,1260,1
abc0001967,1552,0.0,1260,1
abc0001967,1552,0.0,1260,1
abc0001968,1552,2130.4439999999995,734,0
abc0001969,1552,0.0,1260,1
abc0001970,1552,0.0,1260,1
abc0001970,1552,0.0,1260,1
abc0001971,1552,176.37,1260,1
abc0001971,1552,0.0,1260,1
abc0001972,1552,0.0,1260,1
abc0001973,1552,0.0,1260,1
abc0001974,1552,0.0,1260,1
abc0001975,1552,12940.9,1151,1
abc0001975,1552,55.07,1186,1
abc0001976,1552,0.0,1260,1
abc0001977,1552,0.0,1260,1
abc0001978,1552,0.0,1260,1
abc0001979,1552,0.0,1260,1
abc0001980,1552,0.0,1260,1
abc0001980,1552,0.0,1260,1
abc0001981,1552,0.0,1260,1
abc0001981,1552,0.0,1260,1
abc0001983,1552,0.0,1260,1
abc0001983,1552,0.0,1260,1
abc0001985,1552,0.0,1260,1
abc0001986,1552,0.0,1260,1
abc0001986,1552,0.0,1260,1
abc0001987,1552,3796.89,1014,1
abc0001987,1552,0.0,1260,1
abc0001988,1552,-297.23,1093,1
abc0001989,1552,28654.98,1117,1
abc0001989,1552,0.0,1260,1
abc0001990,1551,0.0,1260,1
abc0001991,1551,0.0,1260,1
abc0001991,1551,0.0,1260,1
abc0001992,1551,0.0,1260,1
abc0001992,1551,0.0,1260,1
abc0001993,1551,0.0,1260,1
abc0001994,1551,0.0,1260,1
abc0001995,1551,0.0,1260,1
abc0001996,1551,0.0,1260,1
abc0001997,1551,0.0,1260,1
abc0001998,1551,0.0,1260,1
abc0001999,1551,42.0,1260,1
abc0002000,1551,59.69,1260,1
abc0002000,1551,0.0,1260,1
abc0002001,1551,0.0,1260,1
abc0002002,1551,0.0,1260,1
abc0002003,1551,0.0,1260,1
abc0002004,1551,0.0,1260,1
abc0002004,1551,0.0,1260,1
abc0002005,1551,0.0,1260,1
abc0002006,1551,0.0,1260,1
abc0002006,1551,0.0,1260,1
abc0002008,1551,0.0,1260,1
abc0002010,1551,65503.9,715,1
abc0002010,1551,0.0,1260,1
abc0002011,1551,0.0,1260,1
abc0002012,1551,8689137.19,715,1
abc0002012,1551,0.0,1260,1
abc0002014,1551,0.0,1550,0
abc0002014,1551,0.0,1260,0
abc0002019,1550,52.24,1142,1
abc0002020,1550,1296.79,1550,1
abc0002022,1550,0.0,1346,1
abc0002024,1550,0.0,1550,1
abc0002025,1550,28822.21,1550,1
abc0002027,1550,-210.0,1523,1
abc0002027,1550,12229.56,894,1
abc0002028,1550,0.0,1346,1
abc0002029,1550,9121.97,1059,1
abc0002031,1550,0.0,1346,1
abc0002032,1550,359.99,1527,1
abc0002032,1550,0.0,1346,1
abc0002035,1550,3398.16,1443,1
abc0002037,1550,0.0,1346,1
abc0002040,1549,0.0,1549,1
abc0002040,1549,0.0,1346,1
abc0002041,1549,0.0,1346,1
abc0002043,1549,0.0,720,0
abc0002046,1549,0.0,1346,1
abc0002047,1549,327.0,1475,1
abc0002049,1549,39678.5,1394,1
abc0002055,1549,1.0,1549,1
abc0002058,1549,0.0,1346,1
abc0002059,1549,0.0,1346,1
abc0002061,1549,0.0,1346,1
abc0002062,1549,0.0,1549,1
abc0002065,1548,49.18,1498,1
abc0002067,1548,0.0,1403,0
abc0002070,1548,0.0,1548,1
abc0002071,1548,6.78,1498,1
abc0002072,1548,24121.56,1548,1
abc0002073,1548,0.0,1346,1
abc0002074,1548,-1375.3492,751,1
abc0002075,1548,-111.63,1186,1
abc0002076,1548,1194.22,1194,1
abc0002082,1548,0.0,1346,1
abc0002083,1548,0.0,1346,1
abc0002084,1548,0.0,1346,1
abc0002085,1548,0.0,1346,1
abc0002086,1548,531.75,1543,1
abc0002089,1548,0.0,1346,1
abc0002090,1548,10.92,1519,1
abc0002092,1548,102.1,1144,1
abc0002094,1548,1.0,1548,1
abc0002098,1548,16911.95,1198,1
abc0002098,1548,0.0,1346,1
abc0002099,1548,0.0,1346,1
abc0002100,1547,0.0,1346,1
abc0002101,1547,0.0,1346,1
abc0002102,1547,0.0,1346,1
abc0002103,1547,6098.05,1467,1
abc0002104,1547,0.0,1346,1
abc0002107,1547,0.0,1346,1
abc0002108,1547,0.53,1547,1
abc0002112,1547,0.0,1346,1
abc0002113,1547,0.0,1346,1
abc0002120,1547,0.0,1346,1
abc0002124,1547,59.0,1498,1
abc0002126,1547,-1.7999999999999998,1498,1
abc0002127,1546,3.0,1546,1
abc0002129,1546,0.0,1346,1
abc0002130,1546,0.0,1346,1
abc0002132,1546,2922.89,1228,1
abc0002134,1546,83520.83,1014,1
abc0002134,1546,0.0,1144,1
abc0002137,1546,0.0,1546,1
abc0002138,1546,17.47,1546,1
abc0002143,1545,0.0,1545,1
abc0002143,1545,41896.53,1026,1
abc0002144,1545,0.0,1346,1
abc0002145,1545,64.03,1496,1
abc0002147,1545,0.0,1346,1
abc0002148,1545,33.12,1491,1
abc0002153,1545,0.0,1346,1
abc0002155,1545,0.0,1346,1
abc0002159,1545,0.0,1346,1
abc0002160,1545,0.0,1346,1
abc0002164,1544,-10581.31,1400,0
abc0002166,1544,-10356.48,1400,0
abc0002168,1544,-466881.45,715,0
abc0002171,1544,-10891.83,1403,0
abc0002172,1544,4.0,1544,1
abc0002174,1544,0.0,1512,1
abc0002176,1544,-5216.15,1498,0
abc0002177,1544,-70.83,1403,0
abc0002178,1544,-1587.38,1145,0
abc0002181,1544,0.0,1544,1
abc0002183,1544,0.0,1346,1
abc0002184,1544,0.0,1544,1
abc0002185,1544,0.0,1544,1
abc0002186,1544,0.0,1346,1
abc0002189,1543,0.0,1346,1
abc0002190,1543,1128.07,1087,1
abc0002192,1543,0.0,1346,1
abc0002194,1543,0.0,1346,1
abc0002197,1543,2845.0,1425,1
abc0002198,1543,0.0,1346,1
abc0002199,1543,0.0,1543,1
abc0002202,1543,7.3,1543,1
abc0002205,1543,0.0,1346,1
abc0002211,1543,0.0,1346,1
abc0002213,1543,0.0,1346,1
abc0002214,1543,0.0,1346,1
abc0002215,1543,11115.05,1223,1
abc0002216,1542,0.56,1542,1
abc0002217,1542,0.0,1346,1
abc0002218,1542,0.0,1346,1
abc0002222,1542,-15929.95,1400,0
abc0002225,1542,0.0,1346,1
abc0002228,1542,-69.99,1498,0
abc0002230,1542,-6562.7,1498,0
abc0002233,1542,140.0,1528,1
abc0002237,1542,51.38,1542,1
abc0002239,1542,0.0,1346,1
abc0002242,1542,89.99,1498,1
abc0002242,1542,430.95,1427,1
abc0002243,1542,1926.5,1542,1
abc0002244,1542,-1078.52,1460,1
abc0002246,1541,30772.06,1172,1
abc0002246,1541,0.0,1346,1
abc0002247,1541,0.0,1346,1
abc0002248,1541,0.0,1346,1
abc0002250,1541,347.42,1541,1
abc0002254,1541,2911.8,1502,1
abc0002255,1541,1172.39,1541,1
abc0002258,1541,0.0,994,1
abc0002260,1541,5756.78,1411,1
abc0002261,1540,19.83,1540,1
abc0002263,1540,0.0,1346,1
abc0002264,1540,993.58,1066,1
abc0002265,1540,0.0,1346,1
abc0002266,1540,-165.02,1166,1
abc0002267,1540,0.0,1346,1
abc0002269,1540,3622.33,1401,1
abc0002275,1540,1314.99,1261,1
abc0002276,1540,0.0,1346,1
abc0002277,1540,0.0,1346,1
abc0002278,1540,0.0,1346,1
abc0002280,1539,0.0,1346,1
abc0002282,1539,0.0,1539,1
abc0002283,1539,2.95,1498,1
abc0002285,1539,2885.41,1032,1
abc0002293,1538,7039.99,1527,1
abc0002294,1538,0.0,1346,1
abc0002301,1538,25.24,1534,1
abc0002303,1538,8160.92,1026,1
abc0002304,1538,21.11,1536,1
abc0002305,1538,306.82,715,1
abc0002306,1538,0.0,1346,1
abc0002308,1538,0.0,1346,1
abc0002313,1538,1.23,1498,1
abc0002315,1538,8951.13,1124,1
abc0002316,1538,0.0,1346,1
abc0002317,1538,5219.84,1163,1
abc0002318,1538,0.0,1346,1
abc0002320,1537,0.0,1537,1
abc0002321,1537,0.0,1537,1
abc0002322,1537,0.0,1346,1
abc0002323,1537,0.0,1346,1
abc0002325,1537,0.0,1346,1
abc0002327,1537,0.0,1346,1
abc0002330,1537,0.0,1346,1
abc0002332,1537,0.0,1346,1
abc0002334,1537,0.0,1537,1
abc0002335,1537,0.0,1346,1
abc0002337,1537,6.0,1537,1
abc0002340,1537,0.0,1346,1
abc0002341,1537,0.0,1346,1
abc0002342,1537,0.0,1346,1
abc0002344,1537,0.0,1346,1
abc0002346,1537,0.0,1346,1
abc0002348,1536,-268.48,1346,1
abc0002349,1536,-12018.049999999996,715,0
abc0002351,1536,4177.77,1008,1
abc0002353,1536,1242.07,1487,1
abc0002354,1536,0.2,1536,1
abc0002357,1536,0.0,1346,1
abc0002358,1536,0.0,1346,1
abc0002359,1536,99.83,1346,1
abc0002360,1536,899.9,1207,1
abc0002362,1536,21.25,1446,1
abc0002362,1536,0.0,1346,1
abc0002364,1536,3867.29,1167,1
abc0002366,1536,0.0,1346,1
abc0002372,1536,33330.03,996,1
abc0002375,1536,0.0,1346,1
abc0002376,1536,0.0,1346,1
abc0002377,1536,0.0,1346,1
abc0002378,1536,0.0,1346,1
abc0002379,1535,0.0,1346,1
abc0002381,1535,0.0,1535,1
abc0002382,1535,0.0,1346,1
abc0002383,1535,0.0,1346,1
abc0002384,1535,0.0,1346,1
abc0002395,1535,0.0,1346,1
abc0002400,1535,0.0,1346,1
abc0002401,1534,1346.36,1123,1
abc0002401,1534,0.0,814,1
abc0002402,1534,-110.58,1353,1
abc0002404,1534,0.0,1346,1
abc0002405,1534,3162.85,1304,1
abc0002409,1534,0.0,1346,1
abc0002410,1534,48.55,1498,1
abc0002413,1534,0.0,1346,1
abc0002414,1533,0.0,1533,1
abc0002415,1533,0.0,1346,1
abc0002416,1533,103.86,1512,1
abc0002419,1533,0.0,1533,1
abc0002420,1533,576.07,1531,1
abc0002421,1533,0.0,1346,1
abc0002422,1533,0.0,1346,1
abc0002424,1533,3278703.2104,826,1
abc0002424,1533,0.0,1100,1
abc0002427,1532,830.1351,837,1
abc0002429,1532,0.0,1346,1
abc0002435,1532,3064.83,1365,1
abc0002436,1532,0.0,1346,1
abc0002438,1532,0.0,1346,1
abc0002440,1531,0.0,1346,1
abc0002441,1531,0.0,1531,1
abc0002441,1531,0.0,1531,1
abc0002444,1531,0.0,1531,1
abc0002445,1531,0.0,1346,1
abc0002446,1531,0.0,1346,1
abc0002449,1531,0.0,1346,1
abc0002450,1531,0.0,1346,1
abc0002453,1531,0.0,1346,1
abc0002455,1531,1.0,1531,1
abc0002456,1531,0.0,1346,1
abc0002461,1530,0.0,1346,1
abc0002463,1530,4.0,1528,1
abc0002467,1530,0.0,1346,1
abc0002469,1530,0.0,1530,1
abc0002472,1530,0.0,1346,1
abc0002474,1529,0.0,1346,1
abc0002475,1529,0.0,1346,1
abc0002477,1529,0.0,1346,1
abc0002480,1529,31.6,1527,1
abc0002483,1529,-153.02999999999997,715,1
abc0002486,1529,312.14,1292,1
abc0002490,1528,0.0,1346,1
abc0002492,1528,0.0,1346,1
abc0002493,1528,0.0,1346,1
abc0002494,1528,-4865.32,1464,1
abc0002495,1528,-6765.94,996,1
abc0002496,1528,0.0,1346,1
abc0002497,1528,0.0,1346,1
abc0002499,1528,0.0,1346,1
abc0002500,1528,0.0,1346,1
abc0002501,1528,0.0,1346,1
abc0002503,1528,0.0,1346,1
abc0002504,1528,0.0,1346,1
abc0002505,1528,0.0,1238,1
abc0002508,1528,9910.48,1528,1
abc0002511,1528,0.0,1346,1
abc0002514,1527,0.0,1346,1
abc0002515,1527,-1307.5300000000002,931,1
abc0002516,1527,0.0,1346,1
abc0002517,1527,1764.38,1223,1
abc0002519,1527,996.72,1325,1
abc0002522,1527,0.0,1346,1
abc0002523,1527,0.0,1346,1
abc0002524,1527,394.87,995,1
abc0002531,1527,10023.29,715,1
abc0002532,1527,0.0,1346,1
abc0002533,1527,0.0,1346,1
abc0002534,1527,58.53,1494,1
abc0002535,1527,35.41,1514,1
abc0002536,1526,0.0,1346,1
abc0002539,1526,0.0,1346,1
abc0002540,1526,394.12,1222,1
abc0002542,1526,0.0,1346,1
abc0002544,1526,0.0,1346,1
abc0002545,1526,0.0,1346,1
abc0002549,1526,61.71,1277,1
abc0002551,1526,1269.05,1467,1
abc0002552,1526,0.0,1346,1
abc0002554,1526,8013.77,1526,1
abc0002557,1526,7.59,1526,1
abc0002565,1525,0.0,1346,1
abc0002566,1525,5585.04,1110,1
abc0002567,1525,0.0,1346,1
abc0002568,1525,0.0,1346,1
abc0002570,1525,0.0,1346,1
abc0002577,1525,0.0,1346,1
abc0002585,1525,0.0,1346,1
abc0002586,1525,0.0,1346,1
abc0002596,1524,0.0,1346,1
abc0002598,1524,0.0,1346,1
abc0002599,1524,0.0,1346,1
abc0002600,1524,0.0,1346,1
abc0002602,1524,0.0,1524,1
abc0002603,1524,68.46,1342,1
abc0002605,1524,1.0,1498,1
abc0002606,1524,0.0,1346,1
abc0002607,1524,3247.78,1461,1
abc0002612,1523,758.59,1346,1
abc0002613,1523,0.0,1346,1
abc0002614,1523,0.0,1346,1
abc0002615,1523,0.0,1346,1
abc0002616,1523,0.0,1346,1
abc0002616,1523,0.0,1346,1
abc0002618,1523,6.01,1500,1
abc0002620,1523,0.0,1346,1
abc0002623,1523,331.04,1463,1
abc0002624,1523,177.82,1178,1
abc0002626,1523,60.9,1498,1
abc0002627,1523,0.0,1346,1
abc0002629,1522,0.0,1346,1
abc0002630,1522,0.0,1346,1
abc0002631,1522,-372.63,682,1
abc0002632,1522,0.0,1346,1
abc0002632,1522,0.0,1346,1
abc0002634,1522,0.0,1346,1
abc0002635,1522,0.0,1346,1
abc0002637,1522,0.0,1346,1
abc0002638,1522,9.48,1522,1
abc0002643,1522,0.0,1346,1
abc0002645,1522,0.0,1346,1
abc0002646,1522,0.0,1346,1
abc0002647,1522,0.0,1522,1
abc0002648,1522,0.0,1346,1
abc0002649,1522,0.0,1346,1
abc0002653,1522,119.0,1496,1
abc0002654,1522,51.82,1463,1
abc0002655,1522,0.0,1346,1
abc0002657,1521,0.0,1346,1
abc0002657,1521,0.0,1346,1
abc0002659,1521,0.0,1521,1
abc0002667,1521,0.0,1346,1
abc0002670,1521,0.0,1346,1
abc0002675,1521,-12.39,1430,1
abc0002681,1521,0.0,1346,1
abc0002684,1521,0.0,1346,1
abc0002687,1521,0.0,1346,1
abc0002692,1520,0.0,1346,0
abc0002693,1520,105566.53,1368,1
abc0002697,1520,0.0,1346,1
abc0002698,1520,0.0,1346,1
abc0002700,1520,0.0,1346,1
abc0002702,1520,0.0,1346,1
abc0002703,1520,0.0,1346,1
abc0002704,1520,0.0,1346,1
abc0002704,1520,0.0,1346,1
abc0002705,1520,0.0,1346,1
abc0002707,1520,0.0,1346,1
abc0002716,1519,134.4,1493,1
abc0002721,1519,0.0,1346,1
abc0002722,1519,0.0,1346,1
abc0002724,1519,0.0,1346,1
abc0002727,1519,0.0,1346,1
abc0002728,1519,0.0,1346,1
abc0002729,1519,0.0,1346,1
abc0002730,1519,1089.65,1480,1
abc0002736,1518,50.08,1498,1
abc0002736,1518,0.0,1427,1
abc0002737,1518,0.0,1346,1
abc0002740,1518,0.0,1346,1
abc0002741,1518,0.0,1346,1
abc0002742,1518,4042.05,1457,1
abc0002743,1518,24543.0336,825,1
abc0002743,1518,193.0928,666,1
abc0002744,1518,0.0,1346,1
abc0002746,1518,0.0,1346,1
abc0002748,1518,0.0,1346,1
abc0002750,1518,0.0,1346,1
abc0002752,1518,0.0,1346,1
abc0002761,1517,0.0,1346,1
abc0002762,1517,0.0,1346,1
abc0002763,1517,0.0,1346,1
abc0002766,1517,0.0,1346,1
abc0002769,1516,47.6,1516,1
abc0002770,1516,2998.07,826,1
abc0002771,1516,0.0,1346,1
abc0002773,1516,75.97,1413,1
abc0002774,1516,0.0,1346,1
abc0002779,1516,0.0,1346,1
abc0002784,1515,20.0,1515,1
abc0002785,1515,0.0,1346,1
abc0002785,1515,0.0,1346,1
abc0002790,1515,-24807.35,1036,1
abc0002795,1515,0.0,1346,1
abc0002801,1515,0.0,1346,1
abc0002807,1515,0.0,1346,1
abc0002808,1515,0.0,1515,1
abc0002809,1515,0.0,1346,1
abc0002810,1515,0.0,1346,1
abc0002811,1515,0.0,1346,1
abc0002812,1515,0.0,1346,1
abc0002813,1515,7.09,1514,1
abc0002822,1514,-108080.8994,357,0
abc0002825,1514,50.0,1355,1
abc0002826,1514,0.0,1346,1
abc0002827,1514,0.0,1346,1
abc0002830,1514,0.0,1346,1
abc0002834,1514,0.0,1346,1
abc0002837,1514,208.0,1051,1
abc0002840,1514,0.0,1346,1
abc0002845,1513,0.0,1346,1
abc0002846,1513,15.04,1465,1
abc0002847,1513,2020.13,1402,1
abc0002848,1513,0.0,1346,1
abc0002849,1513,0.0,1346,1
abc0002852,1513,0.0,1346,1
abc0002854,1513,0.0,1346,1
abc0002858,1513,0.0,1346,1
abc0002859,1513,103.67,1433,1
abc0002860,1513,0.0,1346,1
abc0002862,1513,0.0,1346,1
abc0002865,1512,-250121.27,357,0
abc0002866,1512,0.0,1346,1
abc0002867,1512,0.0,1346,1
abc0002869,1512,-96.09300000000002,786,1
abc0002870,1512,0.0,1346,1
abc0002872,1512,0.0,1346,1
abc0002873,1512,61.69,1433,1
abc0002874,1512,0.0,1346,1
abc0002875,1512,0.0,1346,1
abc0002877,1512,22.0,1510,1
abc0002880,1512,0.0,1346,1
abc0002882,1512,0.0,1346,1
abc0002883,1512,50.0,1230,1
abc0002884,1512,0.0,1346,1
abc0002888,1511,2.0,1498,1
abc0002889,1511,0.0,1346,1
abc0002891,1511,0.0,1346,1
abc0002893,1511,0.0,1346,1
abc0002897,1511,0.0,1346,1
abc0002900,1511,86.5,1511,1
abc0002902,1510,1516.22,1169,1
abc0002905,1510,0.0,1346,1
abc0002906,1510,0.0,1346,1
abc0002909,1510,-3190.9782,365,0
abc0002911,1510,0.0,1346,1
abc0002916,1510,0.0,1346,1
abc0002918,1510,0.0,1346,1
abc0002919,1510,0.0,1346,1
abc0002920,1510,0.0,1346,1
abc0002922,1510,0.0,1346,1
abc0002926,1509,-818.64,1101,1
abc0002929,1509,486.3,1509,1
abc0002932,1509,0.0,1346,1
abc0002933,1509,0.0,1346,1
abc0002935,1509,7.06,1395,1
abc0002935,1509,0.0,1346,1
abc0002937,1509,100.0,1497,1
abc0002939,1509,7.72,1499,1
abc0002944,1509,1.52,1500,1
abc0002951,1508,71.63,1498,1
abc0002957,1508,0.0,1346,1
abc0002958,1508,0.0,1346,1
abc0002959,1508,0.0,1346,1
abc0002962,1508,159.99,1444,1
abc0002965,1508,0.0,1346,1
abc0002968,1507,490.0,1102,1
abc0002971,1507,0.0,1346,1
abc0002972,1507,0.0,1346,1
abc0002973,1507,500.09,1489,1
abc0002974,1507,0.0,1346,1
abc0002980,1507,0.0,1346,1
abc0002981,1507,0.0,1346,1
abc0002983,1507,0.0,1346,1
abc0002984,1507,0.0,1346,1
abc0002986,1507,0.0,1346,1
abc0002989,1507,59.71,1506,1
abc0002990,1507,-14057.398,468,0
abc0002991,1507,0.0,1346,1
abc0002992,1506,0.0,1346,1
abc0002996,1506,759.3757999999999,688,0
abc0002997,1506,350.26,1365,1
abc0002999,1506,0.0,1346,1
abc0003000,1506,0.0,1346,1
abc0003003,1506,0.0,1346,1
abc0003010,1506,170.0,1505,1
abc0003011,1506,0.0,1346,1
abc0003012,1505,0.0,1346,1
abc0003014,1505,-1764.2375000000002,393,0
abc0003015,1505,0.0,1346,1
abc0003017,1505,0.0,1346,1
abc0003018,1505,0.0,1346,1
abc0003020,1505,14754.4,979,1
abc0003020,1505,170.0,867,1
abc0003021,1505,0.0,1346,1
abc0003025,1505,0.0,1346,1
abc0003026,1505,-4.9,1498,1
abc0003027,1504,0.0,1346,1
abc0003028,1504,0.0,1346,1
abc0003030,1504,0.0,1346,1
abc0003031,1504,0.0,1346,1
abc0003033,1504,-156917.78389999998,715,0
abc0003040,1504,0.0,1504,1
abc0003040,1504,0.0,1504,1
abc0003042,1504,55.36,1498,1
abc0003043,1504,0.0,1346,1
abc0003044,1504,0.0,1346,1
abc0003045,1504,18518.49,1504,1
abc0003046,1504,0.0,1346,1
abc0003048,1503,0.49,1469,1
abc0003049,1503,0.0,1346,1
abc0003050,1503,0.0,1346,1
abc0003054,1503,35.6,1217,1
abc0003056,1503,0.0,1346,1
abc0003058,1503,437.12,1415,1
abc0003059,1503,0.0,1346,1
abc0003060,1503,20782.47,1125,1
abc0003063,1503,236.29,1420,1
abc0003064,1503,0.0,1346,1
abc0003069,1502,2169.57,1011,1
abc0003069,1502,1019.7301,753,1
abc0003071,1502,2678.26,1311,1
abc0003075,1502,-22.25,1491,1
abc0003076,1502,0.0,1346,1
abc0003078,1502,0.0,1127,1
abc0003079,1502,0.0,1346,1
abc0003085,1502,9413.45,1255,1
abc0003086,1502,0.0,1346,1
abc0003096,1501,0.0,1346,1
abc0003097,1501,0.0,1346,1
abc0003098,1501,0.0,1346,1
abc0003102,1501,0.0,1346,1
abc0003103,1501,1085.4,985,1
abc0003105,1501,0.0,1226,1
abc0003111,1501,0.0,1346,1
abc0003112,1501,4.28,1500,1
abc0003113,1501,0.0,1346,1
abc0003115,1501,0.0,1501,1
abc0003118,1501,514.13,1140,1
abc0003120,1501,-930.0,1487,1
abc0003127,1500,0.0,1346,0
abc0003128,1500,0.0,1346,1
abc0003129,1500,2276.93,1421,1
abc0003130,1500,2290.98,1042,1
abc0003133,1500,112.0,1434,1
abc0003146,1500,21.34,1499,1
abc0003147,1500,3.55,1498,1
abc0003150,1500,0.0,1346,1
abc0003154,1499,0.0,382,1
abc0003155,1499,0.0,1346,1
abc0003156,1499,0.0,1346,1
abc0003159,1499,120.32,1475,1
abc0003161,1499,8041.29,1209,1
abc0003163,1499,0.0,1346,1
abc0003165,1499,0.0,1346,1
abc0003171,1499,0.0,1499,1
abc0003172,1499,25.65,1357,1
abc0003173,1499,0.0,1346,1
abc0003175,1499,0.78,1498,1
abc0003178,1499,0.0,1346,1
abc0003178,1499,0.0,1346,1
abc0003180,1499,0.0,1346,1
abc0003181,1498,0.0,1346,1
abc0003183,1498,0.0,1346,1
abc0003184,1498,0.0,1346,1
abc0003185,1498,0.0,1498,1
abc0003187,1498,37461.18,1121,1
abc0003188,1498,3205.34,1471,1
abc0003189,1498,25385.96,1119,1
abc0003191,1498,0.0,1346,1
abc0003195,1498,697.36,920,1
abc0003195,1498,0.0,1346,1
abc0003198,1497,0.0,1346,1
abc0003200,1497,0.0,1346,1
abc0003205,1497,0.0,1346,1
abc0003206,1497,0.0,1346,1
abc0003207,1497,0.0,1346,1
abc0003208,1497,0.0,1346,1
abc0003213,1497,0.0,1346,1
abc0003214,1497,283.05,1409,1
abc0003215,1497,0.0,1346,1
abc0003216,1497,0.0,1346,1
abc0003217,1496,0.0,1346,1
abc0003219,1496,0.0,1346,1
abc0003220,1496,350.3,1417,1
abc0003221,1496,0.0,1346,1
abc0003222,1496,0.0,1346,1
abc0003223,1496,0.0,1346,1
abc0003226,1496,0.0,1346,1
abc0003227,1496,0.0,1346,1
abc0003230,1496,0.0,1346,1
abc0003231,1496,11577.26,1412,1
abc0003232,1496,1950.0,1127,1
abc0003233,1496,0.0,1346,1
abc0003235,1496,0.0,1346,1
abc0003238,1496,0.0,1346,1
abc0003239,1496,5.01,1494,1
abc0003240,1496,0.0,1346,1
abc0003241,1496,0.0,1346,1
abc0003243,1495,0.0,1346,1
abc0003250,1495,0.0,1346,1
abc0003251,1495,0.0,1346,1
abc0003252,1495,0.0,1346,1
abc0003254,1495,0.0,1346,1
abc0003256,1495,0.0,1346,1
abc0003257,1495,152.3,1478,1
abc0003260,1495,0.0,1346,1
abc0003265,1495,0.0,1346,1
abc0003267,1495,0.0,1346,1
abc0003270,1494,-4005.08,1298,1
abc0003271,1494,0.0,1346,1
abc0003272,1494,0.0,1346,1
abc0003273,1494,0.0,1346,1
abc0003273,1494,0.0,1346,1
abc0003274,1494,0.0,1346,1
abc0003277,1494,0.0,1346,1
abc0003279,1494,526.66,1254,1
abc0003279,1494,0.0,1346,1
abc0003280,1494,0.0,1346,1
abc0003281,1494,0.0,1346,1
abc0003283,1494,212.0,715,1
abc0003284,1494,-1312.89,1250,1
abc0003285,1494,0.0,1346,1
abc0003289,1494,0.0,1494,1
abc0003290,1494,14.54,1494,1
abc0003291,1494,0.0,1346,1
abc0003293,1494,0.0,1346,1
abc0003294,1494,5.72,1491,1
abc0003301,1493,1.0,1493,1
abc0003302,1493,0.0,1346,1
abc0003304,1493,107.01,1065,1
abc0003306,1493,27.33,1482,1
abc0003310,1493,5.0,1493,1
abc0003314,1493,0.0,708,1
abc0003318,1493,-2621.6965,653,0
abc0003320,1493,0.0,1346,1
abc0003321,1493,0.0,1346,1
abc0003323,1493,0.0,1346,1
abc0003325,1493,0.0,1346,1
abc0003326,1493,0.0,1346,1
abc0003329,1492,0.0,1346,1
abc0003330,1492,579.32,1406,1
abc0003332,1492,0.0,1346,1
abc0003333,1492,116.89,1419,1
abc0003335,1492,0.0,1346,1
abc0003336,1492,0.0,1346,1
abc0003337,1492,13.31,1476,1
abc0003339,1492,0.0,1346,1
abc0003341,1492,-1029.2199999999998,1306,1
abc0003343,1492,0.0,1492,1
abc0003345,1492,0.0,1346,1
abc0003346,1492,0.0,1346,1
abc0003347,1492,0.0,1346,1
abc0003348,1492,0.0,1346,1
abc0003351,1491,-5496.3892,578,0
abc0003353,1491,6.4,1008,1
abc0003354,1491,-1709.13,1112,1
abc0003357,1491,0.0,1346,1
abc0003358,1491,0.0,1346,1
abc0003359,1491,0.0,1346,1
abc0003362,1491,10.21,1491,1
abc0003363,1491,-131.75,1470,1
abc0003364,1491,0.0,1346,1
abc0003365,1491,0.0,1346,1
abc0003369,1491,0.0,1346,1
abc0003370,1491,0.0,1346,1
abc0003371,1491,0.0,1346,1
abc0003373,1491,0.0,1346,1
abc0003374,1491,0.0,1346,1
abc0003376,1491,0.0,1346,1
abc0003377,1491,32.78,1450,1
abc0003378,1491,14.95,904,1
abc0003381,1491,0.0,1346,1
abc0003391,1490,5.72,1490,1
abc0003395,1490,0.0,1346,1
abc0003396,1490,0.0,1346,1
abc0003400,1490,0.0,1346,1
abc0003401,1490,7462.98,1052,1
abc0003401,1490,0.0,1346,1
abc0003403,1490,0.0,1346,1
abc0003404,1490,0.0,1346,1
abc0003408,1490,5.72,1490,1
abc0003410,1490,39.62,1487,1
abc0003411,1490,0.0,1346,1
abc0003413,1490,0.0,1346,1
abc0003414,1490,0.0,1346,1
abc0003416,1490,2.0,1488,1
abc0003417,1490,0.0,1346,1
abc0003420,1490,5650.32,1407,1
abc0003421,1490,0.0,1346,1
abc0003422,1490,0.0,1346,1
abc0003423,1490,0.0,1346,1
abc0003426,1490,0.0,1346,1
abc0003429,1489,2.03,1489,1
abc0003430,1489,-176.94,1346,1
abc0003432,1489,0.0,1346,1
abc0003433,1489,0.0,1346,1
abc0003434,1489,24.0,1380,1
abc0003435,1489,15864.11,1060,1
abc0003436,1489,0.0,1346,1
abc0003438,1489,0.0,1346,1
abc0003440,1489,0.0,1346,1
abc0003441,1489,0.0,1346,1
abc0003443,1489,0.0,1346,1
abc0003444,1489,0.0,1346,1
abc0003445,1489,0.0,1346,1
abc0003446,1489,0.0,1346,1
abc0003448,1489,0.0,1346,1
abc0003449,1489,10.05,1486,1
abc0003452,1489,0.0,1346,1
abc0003454,1488,0.0,1346,1
abc0003459,1488,0.0,1346,1
abc0003460,1488,16.39,1385,1
abc0003461,1488,429.19,1403,1
abc0003466,1488,0.0,1346,1
abc0003467,1488,0.0,1346,1
abc0003469,1488,0.0,1346,1
abc0003470,1488,0.0,1346,1
abc0003473,1488,0.0,1346,1
abc0003476,1488,0.0,1346,1
abc0003477,1488,0.0,1346,1
abc0003478,1488,277.3,1473,1
abc0003479,1488,0.0,1346,1
abc0003480,1488,0.0,1346,1
abc0003482,1488,0.0,1346,1
abc0003485,1487,0.0,1346,1
abc0003487,1487,0.0,1346,1
abc0003490,1487,0.0,1346,1
abc0003493,1487,0.0,1248,1
abc0003498,1487,1592.4,1487,1
abc0003500,1487,822.0,1442,1
abc0003502,1487,0.0,1346,1
abc0003504,1487,0.0,1346,1
abc0003505,1487,0.0,1346,1
abc0003510,1487,0.0,1346,1
abc0003512,1486,0.0,1346,1
abc0003513,1486,0.0,1486,1
abc0003519,1486,0.0,1346,1
abc0003520,1486,0.0,1346,1
abc0003524,1486,-552.87,1124,1
abc0003525,1486,0.0,1346,1
abc0003526,1486,293.52,1362,1
abc0003527,1486,0.0,1346,1
abc0003534,1486,-119.12,1346,1
abc0003535,1486,0.0,1346,1
abc0003539,1486,12270.29,1148,1
abc0003541,1486,0.0,1346,1
abc0003544,1486,0.0,1346,1
abc0003545,1486,18.07,1486,1
abc0003546,1485,0.0,1346,1
abc0003547,1485,0.0,1346,1
abc0003548,1485,0.0,1346,1
abc0003549,1485,28.38,1485,1
abc0003549,1485,0.0,1346,1
abc0003550,1485,0.0,1346,1
abc0003559,1485,0.0,1346,1
abc0003562,1485,5.25,1485,1
abc0003563,1485,-28.3576,435,0
abc0003565,1485,527.32,1348,1
abc0003570,1485,0.0,1346,1
abc0003574,1484,0.0,1346,1
abc0003575,1484,0.0,1346,1
abc0003577,1484,0.0,1346,1
abc0003578,1484,293.31,1484,1
abc0003580,1484,0.0,1484,1
abc0003584,1484,13.9,1460,1
abc0003587,1484,0.0,602,1
abc0003588,1484,1985.8,1055,1
abc0003589,1484,0.0,1346,1
abc0003591,1484,-2952.3731,837,1
abc0003592,1484,-1060.31,1346,1
abc0003594,1484,0.0,1346,1
abc0003597,1484,0.0,1346,1
abc0003601,1484,11.0,1484,1
abc0003604,1483,0.0,1346,1
abc0003605,1483,0.0,1346,1
abc0003609,1483,0.0,1346,1
abc0003610,1483,0.0,1346,1
abc0003611,1483,0.0,1346,1
abc0003612,1483,0.0,1346,1
abc0003613,1483,0.0,1346,1
abc0003614,1483,0.0,1346,1
abc0003616,1483,0.0,1346,1
abc0003617,1483,0.0,1346,1
abc0003619,1483,2.0,1483,1
abc0003623,1483,0.0,1346,1
abc0003625,1483,41.29,1280,1
abc0003626,1483,0.0,1346,1
abc0003627,1483,0.0,862,1
abc0003628,1483,0.0,1346,1
abc0003629,1483,4738.6,1479,1
abc0003630,1483,0.0,1346,1
abc0003634,1483,0.0,1346,1
abc0003635,1483,0.0,1346,1
abc0003638,1482,5.28,1400,1
abc0003642,1482,0.0,1346,1
abc0003643,1482,0.0,1346,1
abc0003644,1482,0.0,1346,1
abc0003645,1482,379.67,932,1
abc0003645,1482,35.0,1073,1
abc0003649,1482,0.0,1346,1
abc0003650,1482,0.0,1346,1
abc0003652,1482,0.0,1346,1
abc0003654,1482,0.0,1346,1
abc0003656,1482,52.848,841,1
abc0003657,1482,0.0,1346,1
abc0003658,1482,0.0,1346,1
abc0003659,1482,0.0,1346,1
abc0003661,1481,0.0,1346,1
abc0003662,1481,0.0,1346,1
abc0003663,1481,0.0,1346,1
abc0003666,1481,0.0,1346,1
abc0003668,1481,763.09,1194,1
abc0003669,1481,0.0,1346,1
abc0003670,1481,0.0,1207,1
abc0003671,1481,0.0,1346,1
abc0003676,1481,0.0,1346,1
abc0003677,1481,-125.0,1466,1
abc0003686,1480,4247.0922,839,1
abc0003687,1480,0.0,1346,1
abc0003688,1480,0.0,1346,1
abc0003692,1480,10209.0,1053,1
abc0003694,1480,0.0,1346,1
abc0003695,1480,-815.47,1113,1
abc0003696,1480,0.0,1346,1
abc0003698,1480,0.0,1346,1
abc0003699,1480,0.0,1346,1
abc0003702,1480,0.0,1346,1
abc0003707,1479,0.0,1346,1
abc0003712,1479,0.0,1346,1
abc0003717,1479,0.0,1346,1
abc0003718,1479,0.0,1346,1
abc0003719,1479,19789.77,1132,1
abc0003720,1479,0.0,1346,1
abc0003721,1479,-65.15,1067,1
abc0003726,1479,0.0,1346,1
abc0003729,1479,16.74,1477,1
abc0003732,1478,0.0,1346,1
abc0003735,1478,1749.0,1166,1
abc0003736,1478,0.0,1346,1
abc0003738,1478,637.88,1085,1
abc0003740,1478,0.0,1346,1
abc0003741,1478,17.03,1469,1
abc0003743,1478,0.0,1141,1
abc0003747,1478,0.0,1346,1
abc0003748,1478,0.0,1346,1
abc0003752,1477,0.0,1346,1
abc0003753,1477,0.0,1346,1
abc0003755,1477,0.0,1346,1
abc0003757,1477,-988712.6278,380,0
abc0003760,1477,2970.83,1023,1
abc0003761,1477,3.0,1477,1
abc0003762,1477,2292.8,1163,1
abc0003763,1477,51.8,1428,1
abc0003764,1477,-1551.0700000000002,715,0
abc0003769,1477,0.0,1346,1
abc0003770,1477,2225.47,1013,1
abc0003773,1477,0.0,1346,1
abc0003775,1477,9363.31,1334,1
abc0003778,1477,0.0,1346,1
abc0003783,1476,593.63,1458,1
abc0003784,1476,0.0,1346,1
abc0003785,1476,-197.03,686,1
abc0003791,1476,-303.7,710,1
abc0003792,1476,0.0,1346,1
abc0003794,1476,0.0,1346,1
abc0003799,1476,0.0,1346,1
abc0003800,1476,0.0,1346,1
abc0003801,1476,0.0,1346,1
abc0003802,1475,0.0,1346,1
abc0003805,1475,0.0,1346,1
abc0003807,1475,0.0,1346,1
abc0003810,1475,0.0,1346,1
abc0003812,1475,0.0,1346,1
abc0003812,1475,0.0,1330,1
abc0003824,1475,0.0,1346,1
abc0003825,1475,0.0,1346,1
abc0003828,1475,0.0,1346,1
abc0003829,1475,0.0,1346,1
abc0003830,1474,0.0,1346,1
abc0003834,1474,15.0,1470,1
abc0003835,1474,0.39,1115,1
abc0003836,1474,0.0,1346,1
abc0003841,1474,0.0,1346,1
abc0003842,1474,0.0,1346,1
abc0003843,1474,-19.33,693,0
abc0003846,1474,703.9,1473,1
abc0003847,1474,1991.92,1453,1
abc0003848,1474,0.0,1346,1
abc0003851,1473,24283.06,1059,1
abc0003852,1473,0.0,1346,1
abc0003853,1473,0.0,1346,1
abc0003856,1473,0.0,1346,1
abc0003857,1473,0.0,1346,1
abc0003858,1473,0.0,1346,1
abc0003860,1473,0.0,1346,1
abc0003862,1473,0.0,1346,1
abc0003864,1473,0.0,1346,1
abc0003869,1473,0.0,1346,1
abc0003871,1473,0.0,1346,1
abc0003872,1473,-109.12,369,1
abc0003873,1472,0.0,1346,1
abc0003877,1472,0.0,1346,1
abc0003879,1472,-10554.51,1346,1
abc0003880,1472,0.0,1346,1
abc0003882,1472,0.0,1346,1
abc0003884,1472,4950.64,1418,1
abc0003886,1472,0.0,1346,1
abc0003888,1472,0.0,1346,1
abc0003892,1472,0.0,1346,1
abc0003892,1472,0.0,1346,1
abc0003894,1472,30.0,1439,1
abc0003899,1472,0.0,1346,1
abc0003902,1472,49.98,1368,1
abc0003909,1471,-25474.29,1177,1
abc0003912,1471,0.0,1346,1
abc0003913,1471,0.0,1346,1
abc0003915,1471,0.0,1346,1
abc0003916,1471,0.0,1346,1
abc0003917,1471,0.0,1346,1
abc0003919,1471,22.0,1456,1
abc0003920,1471,0.0,1346,1
abc0003923,1471,0.0,1346,1
abc0003923,1471,79.9,872,1
abc0003925,1471,396.81,1091,1
abc0003928,1471,1.0,1471,1
abc0003929,1471,0.0,1346,1
abc0003930,1471,324673.01,1006,1
abc0003931,1470,0.0,1346,1
abc0003932,1470,0.0,1346,1
abc0003934,1470,0.0,1346,1
abc0003935,1470,0.0,1346,1
abc0003937,1470,0.0,1346,1
abc0003940,1470,0.0,1346,1
abc0003941,1470,0.0,1346,1
abc0003942,1470,0.0,1346,1
abc0003946,1470,0.0,1346,1
abc0003948,1470,0.0,1346,1
abc0003949,1470,6.2,1456,1
abc0003951,1470,-434.72,710,1
abc0003951,1470,31032.95,1024,1
abc0003955,1469,0.0,1346,1
abc0003956,1469,0.0,1346,1
abc0003958,1469,0.0,1346,1
abc0003964,1469,838.0,1467,1
abc0003965,1469,0.0,1346,1
abc0003966,1469,0.0,1346,1
abc0003967,1469,0.0,1346,1
abc0003969,1469,0.0,1346,1
abc0003971,1469,-80635.10639999999,357,0
abc0003973,1468,0.0,1346,1
abc0003975,1468,0.0,1346,1
abc0003977,1468,0.0,1346,1
abc0003978,1468,1.0,1468,1
abc0003979,1468,0.0,1346,1
abc0003983,1468,0.0,1468,1
abc0003984,1468,0.0,1346,1
abc0003985,1468,0.0,1346,1
abc0003991,1468,6.06,1467,1
abc0003992,1468,0.0,1346,1
abc0003993,1468,-1093.11,715,1
abc0003994,1467,0.0,1346,1
abc0003996,1467,0.0,1346,1
abc0003997,1467,146.86,1000,1
abc0003998,1467,-8413.1859,743,0
abc0004001,1467,-16753.023299999997,366,0
abc0004002,1467,0.0,1346,1
abc0004003,1467,708.93,1374,1
abc0004004,1467,7.0,1337,1
abc0004006,1467,0.0,1346,1
abc0004009,1467,0.0,1346,1
abc0004010,1467,0.0,1346,1
abc0004011,1467,0.0,1346,1
abc0004012,1467,2059.53,1466,1
abc0004013,1467,0.0,1346,1
abc0004015,1467,0.0,1346,1
abc0004018,1467,23157.66,1393,1
abc0004019,1467,-247.56,1346,1
abc0004020,1467,0.0,1346,1
abc0004021,1467,0.0,1346,1
abc0004025,1466,64.85,1414,1
abc0004026,1466,-418466.4731,568,0
abc0004028,1466,0.0,1346,1
abc0004029,1466,0.0,1346,1
abc0004030,1466,0.0,1346,1
abc0004031,1466,176.68,1449,1
abc0004033,1466,0.0,1346,1
abc0004035,1466,0.0,1346,1
abc0004036,1466,0.0,1346,1
abc0004037,1466,0.0,1346,1
abc0004038,1466,0.0,1346,1
abc0004039,1466,0.0,1346,1
abc0004040,1466,0.0,1346,1
abc0004043,1466,0.0,1346,1
abc0004047,1466,108.02,1458,1
abc0004048,1466,0.0,1346,1
abc0004051,1466,0.0,1346,1
abc0004057,1465,0.0,1346,1
abc0004059,1465,0.0,1346,1
abc0004061,1465,0.0,1346,1
abc0004064,1465,0.0,1346,1
abc0004066,1465,0.0,1346,1
abc0004067,1465,0.0,1346,1
abc0004072,1465,0.0,1346,1
abc0004073,1465,26.8,1459,1
abc0004075,1465,0.0,1346,1
abc0004080,1465,-50.07,991,0
abc0004084,1464,10.61,1446,1
abc0004084,1464,4158.58,992,1
abc0004085,1464,0.0,1346,1
abc0004086,1464,10307.8,1085,1
abc0004088,1464,0.0,1346,1
abc0004089,1464,81010.1,1308,1
abc0004093,1464,4.4,1106,1
abc0004094,1464,33866.39,1120,1
abc0004094,1464,0.0,1252,1
abc0004095,1464,0.0,1346,1
abc0004098,1464,0.0,1346,1
abc0004098,1464,0.0,1346,1
abc0004099,1464,0.0,1346,1
abc0004102,1464,2.16,1344,1
abc0004103,1464,0.0,1346,1
abc0004109,1464,0.0,1346,1
abc0004111,1463,30.59,1234,1
abc0004119,1463,0.0,1346,1
abc0004122,1463,0.0,1346,1
abc0004124,1463,0.0,1346,1
abc0004126,1463,0.0,1346,1
abc0004130,1463,0.0,1346,1
abc0004131,1463,4.0,1462,1
abc0004132,1462,0.0,1346,1
abc0004137,1462,0.0,1346,1
abc0004139,1462,0.0,1346,1
abc0004140,1462,0.0,1346,1
abc0004142,1462,0.0,1346,1
abc0004143,1462,0.0,1346,1
abc0004145,1462,18.82,1462,1
abc0004147,1462,0.0,1346,1
abc0004150,1461,0.0,1346,1
abc0004151,1461,0.0,1346,1
abc0004154,1461,-821.33,666,0
abc0004155,1461,0.0,1346,1
abc0004157,1461,494.46,1074,1
abc0004161,1461,0.0,1346,1
abc0004162,1461,0.0,1346,1
abc0004163,1461,0.0,1346,1
abc0004164,1461,0.0,1346,1
abc0004165,1461,0.0,1346,1
abc0004167,1461,0.0,1346,1
abc0004172,1461,124.44,1455,1
abc0004175,1461,0.0,1346,1
abc0004177,1460,0.0,1346,1
abc0004178,1460,143672.65,1154,1
abc0004180,1460,0.0,1346,1
abc0004182,1460,39.5,1346,1
abc0004183,1460,0.0,1403,0
abc0004192,1460,30.2539,589,0
abc0004194,1460,747.9900000000001,1272,1
abc0004195,1460,168.9,938,1
abc0004196,1460,29.89,1261,1
abc0004198,1460,3256.69,1220,1
abc0004201,1460,30.0,1177,1
abc0004203,1460,1.77,1458,1
abc0004204,1460,0.0,1059,1
abc0004207,1460,-1289.81,1246,1
abc0004208,1460,0.0,1401,1
abc0004209,1459,0.0,1346,1
abc0004211,1459,5196.58,1007,1
abc0004217,1459,0.0,1346,1
abc0004219,1459,0.0,1346,1
abc0004222,1459,0.0,1346,1
abc0004224,1459,0.0,1346,1
abc0004225,1459,0.0,1346,1
abc0004229,1459,0.0,1346,1
abc0004230,1459,0.0,1346,1
abc0004231,1459,0.0,1346,1
abc0004233,1459,17.0,1456,1
abc0004234,1459,44.5,1361,1
abc0004236,1459,0.0,1346,1
abc0004240,1459,0.0,1346,1
abc0004241,1459,0.0,1346,1
abc0004250,1458,1.0,1454,1
abc0004251,1458,0.0,1346,1
abc0004252,1458,0.0,1346,1
abc0004253,1458,0.0,1346,1
abc0004255,1458,0.0,1346,1
abc0004256,1458,0.0,1346,1
abc0004257,1458,0.0,1346,1
abc0004261,1458,0.0,1346,1
abc0004264,1458,264.05,1457,1
abc0004265,1458,7989.32,1014,1
abc0004266,1458,810.0,1260,1
abc0004267,1458,0.0,1346,1
abc0004270,1457,-4999.25,1170,0
abc0004271,1457,0.0,1346,1
abc0004272,1457,0.0,1346,1
abc0004273,1457,0.0,1346,1
abc0004278,1457,0.0,1346,1
abc0004279,1457,17.55,1451,1
abc0004280,1457,129.53,1165,1
abc0004280,1457,0.0,1346,1
abc0004287,1457,0.0,1346,1
abc0004288,1457,0.0,1346,1
abc0004289,1457,506.89,1324,1
abc0004289,1457,0.0,1346,1
abc0004291,1457,0.0,1346,1
abc0004292,1457,0.0,1346,1
abc0004294,1457,22091.11,1356,1
abc0004295,1457,0.0,1346,1
abc0004296,1457,0.0,1346,1
abc0004303,1456,0.0,1346,1
abc0004305,1456,0.0,1346,1
abc0004307,1456,255.36,1169,1
abc0004308,1456,0.0,1209,1
abc0004309,1456,0.0,1346,1
abc0004310,1456,0.0,1346,1
abc0004313,1456,0.0,1346,1
abc0004313,1456,0.0,1346,1
abc0004315,1456,0.0,1346,1
abc0004319,1455,-310.0,1387,1
abc0004320,1455,6.92,1455,1
abc0004322,1455,0.0,1346,1
abc0004325,1455,1180.6899999999998,1167,1
abc0004327,1455,0.0,1346,1
abc0004328,1455,0.0,1346,1
abc0004331,1455,0.0,1346,1
abc0004333,1455,0.0,1346,1
abc0004336,1455,0.0,1346,1
abc0004338,1454,-1858.3658,521,1
abc0004339,1454,0.0,1454,1
abc0004342,1454,2666.2,1177,1
abc0004343,1454,0.0,1346,1
abc0004348,1454,15.0,1453,1
abc0004352,1454,0.0,1346,1
abc0004355,1453,0.0,1346,1
abc0004358,1453,47623.29,1453,1
abc0004359,1453,873.98,1432,1
abc0004360,1453,0.0,1346,1
abc0004364,1453,0.0,1346,1
abc0004366,1453,0.0,1346,1
abc0004367,1453,1940.0,1445,1
abc0004368,1453,0.0,1346,1
abc0004369,1453,0.0,1346,1
abc0004380,1453,0.0,1346,1
abc0004386,1453,0.0,1346,1
abc0004387,1452,0.0,1346,1
abc0004387,1452,0.0,1346,1
abc0004388,1452,-1362.2778,834,1
abc0004389,1452,-7.73,1368,1
abc0004390,1452,211.29,1405,1
abc0004391,1452,0.0,1346,1
abc0004392,1452,-183.02,1355,1
abc0004393,1452,328.1266,385,1
abc0004394,1452,0.0,1346,1
abc0004403,1452,313.56,1452,1
abc0004404,1452,0.0,1346,1
abc0004405,1452,51.98,1145,1
abc0004406,1452,1502.09,1366,1
abc0004408,1452,0.0,1346,1
abc0004409,1452,0.0,1346,1
abc0004412,1452,-15.0,1253,1
abc0004413,1452,0.0,1346,1
abc0004414,1452,0.0,1346,1
abc0004419,1451,0.0,1346,1
abc0004424,1451,-67326.82,1045,0
abc0004426,1451,0.0,1346,1
abc0004427,1451,120.0,1447,1
abc0004429,1451,0.0,1346,1
abc0004434,1451,0.0,1346,1
abc0004434,1451,0.0,1346,1
abc0004435,1451,0.0,1346,1
abc0004437,1451,1.37,1451,1
abc0004439,1451,2162346.62,868,1
abc0004439,1451,0.0,1184,1
abc0004441,1451,0.0,1346,1
abc0004442,1451,98.15,1039,1
abc0004444,1451,0.0,1346,1
abc0004445,1451,0.0,1346,1
abc0004447,1451,127.86,1384,1
abc0004448,1451,1953.39,975,1
abc0004450,1451,44.22,1234,1
abc0004452,1451,0.0,1346,1
abc0004455,1450,38.29,1449,1
abc0004458,1450,287.23,1410,1
abc0004461,1450,0.0,1346,1
abc0004463,1450,0.0,1346,1
abc0004464,1450,0.0,1346,1
abc0004468,1450,6.0,1450,1
abc0004469,1450,25.04,1450,1
abc0004470,1450,7163.25,1023,0
abc0004470,1450,85.96050000000002,730,0
abc0004476,1450,1745.76,1263,1
abc0004477,1450,488.14,1445,1
abc0004479,1450,0.0,1346,1
abc0004482,1450,0.0,1275,1
abc0004483,1450,0.0,1346,1
abc0004484,1450,0.0,1346,1
abc0004485,1450,0.0,1346,1
abc0004486,1450,0.0,1346,1
abc0004487,1449,0.0,1346,1
abc0004490,1449,62.0,1017,1
abc0004491,1449,0.0,1346,1
abc0004496,1449,0.0,1346,1
abc0004501,1449,0.0,1346,1
abc0004503,1449,0.0,1346,1
abc0004504,1449,12.97,1287,1
abc0004505,1449,0.0,1346,1
abc0004507,1449,0.0,1346,1
abc0004511,1449,0.0,1346,1
abc0004512,1449,6.01,1448,1
abc0004516,1448,15.0,1441,1
abc0004518,1448,0.0,1346,1
abc0004521,1448,3.0,1447,1
abc0004522,1448,0.0,1346,1
abc0004523,1448,0.0,1346,1
abc0004524,1448,0.0,1346,1
abc0004526,1448,0.0,1346,1
abc0004527,1448,0.0,1346,1
abc0004528,1448,-8278.67,1248,1
abc0004529,1448,39.74,1161,1
abc0004530,1448,0.0,1346,1
abc0004532,1448,0.0,1346,1
abc0004537,1447,0.0,1346,1
abc0004538,1447,0.0,1346,1
abc0004539,1447,2.0,1447,1
abc0004539,1447,14734.8,1008,1
abc0004542,1447,0.0,1346,1
abc0004543,1447,0.0,1346,1
abc0004544,1447,0.3,1447,1
abc0004554,1447,0.0,1346,1
abc0004556,1447,0.0,1346,1
abc0004558,1447,0.0,1346,1
abc0004561,1447,0.0,1346,1
abc0004562,1447,10.0,1446,1
abc0004567,1447,1652.55,1392,1
abc0004569,1446,0.0,1346,1
abc0004570,1446,0.0,1346,1
abc0004577,1446,0.0,1346,1
abc0004579,1446,0.0,1346,1
abc0004580,1446,0.0,1346,0
abc0004584,1446,12.5,996,1
abc0004585,1446,275.0,1394,1
abc0004589,1446,0.0,1346,1
abc0004591,1446,0.0,1346,1
abc0004592,1446,0.0,1346,1
abc0004596,1445,0.0,1346,1
abc0004603,1445,6643.39,925,1
abc0004604,1445,0.0,1346,1
abc0004605,1445,-6067.94,366,0
abc0004609,1445,0.0,1346,1
abc0004610,1445,0.0,1346,1
abc0004611,1445,55.32,1445,1
abc0004614,1445,0.0,1346,1
abc0004618,1444,0.0,1323,0
abc0004620,1444,0.0,1346,1
abc0004625,1444,58.47,1427,1
abc0004626,1444,0.0,1346,1
abc0004627,1444,-280.0,1442,1
abc0004629,1444,0.0,1346,1
abc0004631,1444,0.0,1346,1
abc0004637,1443,0.0,1346,1
abc0004639,1443,0.0,1346,1
abc0004641,1443,80.4016,857,1
abc0004642,1443,-88.0,1428,1
abc0004642,1443,10.0,1427,1
abc0004643,1443,0.0,1346,1
abc0004644,1443,14472.71,1316,1
abc0004645,1443,0.0,1346,1
abc0004646,1443,0.0,1346,1
abc0004655,1443,0.0,1346,1
abc0004656,1443,10.0,1442,1
abc0004658,1443,0.0,1346,1
abc0004659,1443,0.0,1346,1
abc0004660,1443,0.0,1346,1
abc0004660,1443,0.0,1346,1
abc0004662,1443,1823.1,1107,1
abc0004664,1443,0.0,1346,1
abc0004665,1442,0.0,1346,1
abc0004666,1442,1797.12,1316,1
abc0004669,1442,505.54,1236,1
abc0004670,1442,40.81,1212,1
abc0004671,1442,0.0,1346,1
abc0004673,1442,0.0,1346,1
abc0004675,1442,0.0,1346,1
abc0004676,1442,0.0,1346,1
abc0004677,1441,0.0,1346,1
abc0004679,1441,0.0,1346,1
abc0004682,1441,0.0,1346,1
abc0004684,1441,351.54,1357,1
abc0004686,1441,0.0,1346,1
abc0004690,1440,0.0,1346,1
abc0004693,1440,50.92,1428,1
abc0004696,1440,37.95,1440,1
abc0004698,1440,0.0,1346,1
abc0004701,1440,0.0,1346,1
abc0004703,1440,0.0,1346,1
abc0004706,1440,0.0,1346,1
abc0004708,1439,-38271.7476,430,0
abc0004709,1439,-1237.0973,683,0
abc0004713,1439,0.0,1430,1
abc0004714,1439,0.0,930,1
abc0004715,1439,821.87,1260,1
abc0004716,1439,0.0,1346,1
abc0004717,1439,0.0,1346,1
abc0004718,1439,0.0,1346,1
abc0004719,1439,0.0,1346,1
abc0004720,1439,0.0,1346,1
abc0004721,1439,0.0,1346,1
abc0004722,1439,0.0,1346,1
abc0004723,1439,0.0,1346,1
abc0004729,1439,0.0,1346,1
abc0004730,1438,0.0,1346,1
abc0004732,1438,0.0,1346,1
abc0004733,1438,20.0,1438,1
abc0004734,1438,0.0,1346,1
abc0004738,1438,86.89,1169,1
abc0004740,1438,0.0,1346,1
abc0004741,1438,0.0,1346,1
abc0004742,1438,608.36,1340,1
abc0004743,1438,0.0,1346,1
abc0004744,1438,5.01,1423,1
abc0004745,1438,19.97,1432,1
abc0004746,1438,0.0,1346,1
abc0004748,1438,1214.74,1375,1
abc0004749,1438,0.0,1346,1
abc0004751,1438,0.0,1346,1
abc0004752,1437,0.0,1346,1
abc0004753,1437,-6386.88,1346,1
abc0004754,1437,292.04,1382,1
abc0004755,1437,0.0,1346,1
abc0004758,1437,0.0,1346,1
abc0004760,1437,150.23,1373,1
abc0004761,1437,0.0,1346,1
abc0004767,1437,251.62,1000,1
abc0004767,1437,308.264,718,1
abc0004769,1437,0.0,1346,1
abc0004771,1437,0.0,1346,1
abc0004772,1437,0.0,1346,1
abc0004774,1437,0.0,1346,1
abc0004775,1436,0.0,1346,1
abc0004777,1436,0.0,1346,1
abc0004777,1436,0.0,1346,1
abc0004778,1436,0.0,1346,1
abc0004778,1436,0.0,1346,1
abc0004779,1436,0.0,1346,1
abc0004785,1436,0.0,1346,1
abc0004788,1436,108967.92,1096,1
abc0004788,1436,0.0,1152,1
abc0004790,1436,15.0,1431,1
abc0004791,1436,12.456399999999974,758,1
abc0004795,1436,0.0,1346,1
abc0004796,1436,0.0,1346,1
abc0004797,1436,0.0,1436,1
abc0004797,1436,0.0,1436,1
abc0004806,1435,0.0,1346,1
abc0004807,1435,0.0,1346,1
abc0004808,1435,0.0,1133,1
abc0004809,1435,0.0,1346,1
abc0004810,1435,188.04999999999995,1191,1
abc0004816,1435,0.0,1346,1
abc0004817,1435,0.0,1346,1
abc0004818,1435,0.0,1346,1
abc0004820,1435,0.0,1346,1
abc0004822,1435,-6055.66,1194,1
abc0004823,1435,0.0,1346,1
abc0004828,1434,0.0,1346,1
abc0004830,1434,0.0,1346,1
abc0004831,1434,-164.99,1368,1
abc0004832,1434,0.0,1346,1
abc0004834,1434,33.05,1225,1
abc0004836,1434,1992.47,1226,1
abc0004838,1434,0.0,1346,1
abc0004839,1434,40.0,1382,1
abc0004840,1434,0.0,1326,1
abc0004841,1434,0.0,1346,1
abc0004841,1434,0.0,1346,1
abc0004842,1434,0.0,1346,1
abc0004845,1434,-1.37,994,1
abc0004845,1434,-0.01,994,1
abc0004848,1433,30.0,1014,1
abc0004849,1433,0.0,1346,1
abc0004851,1433,0.0,1346,1
abc0004852,1433,0.0,1346,1
abc0004853,1433,0.0,1346,1
abc0004854,1433,0.0,1346,1
abc0004855,1433,0.0,1346,1
abc0004856,1433,0.0,1346,1
abc0004857,1433,0.0,1346,1
abc0004863,1433,1128.24,1426,1
abc0004865,1433,0.0,1346,1
abc0004868,1432,0.0,1346,1
abc0004875,1432,0.0,1346,1
abc0004878,1432,-876.24,1421,0
abc0004881,1432,0.0,1346,1
abc0004882,1432,0.0,1346,1
abc0004883,1432,0.0,1346,1
abc0004885,1432,1685.76,1358,1
abc0004888,1432,0.0,1346,1
abc0004889,1432,0.0,1346,1
abc0004890,1432,0.0,1346,1
abc0004891,1432,0.0,1346,1
abc0004894,1432,14581.0,1193,1
abc0004895,1432,209.1,1431,1
abc0004897,1432,0.0,1346,1
abc0004898,1432,17.87,1431,1
abc0004899,1432,270.31,1417,1
abc0004902,1432,0.0,1346,1
abc0004904,1431,86.69,1367,1
abc0004905,1431,7.510000000000001,996,1
abc0004907,1431,0.0,1346,1
abc0004910,1431,370.0,1374,1
abc0004911,1431,0.0,1346,1
abc0004911,1431,0.0,1346,1
abc0004912,1431,66.89,1320,1
abc0004914,1431,0.0,1346,1
abc0004915,1431,0.0,1346,1
abc0004916,1431,-2829.2446,360,0
abc0004917,1431,0.0,1346,1
abc0004918,1431,188179.3,1010,1
abc0004921,1431,88.49,1282,1
abc0004922,1431,0.0,1431,1
abc0004923,1431,68.41,1147,1
abc0004924,1431,0.0,1346,1
abc0004925,1431,0.0,1346,1
abc0004927,1431,69.56,1260,1
abc0004928,1431,0.0,1346,1
abc0004929,1431,0.0,1346,1
abc0004930,1431,0.0,1346,1
abc0004932,1430,71.4,1104,1
abc0004933,1430,0.0,1346,1
abc0004934,1430,0.0,1346,1
abc0004936,1430,-24.01,1368,1
abc0004937,1430,0.0,1346,1
abc0004944,1430,30.05,1430,1
abc0004945,1430,0.0,1346,1
abc0004946,1430,15380.71,1008,1
abc0004947,1430,0.0,1346,1
abc0004954,1430,0.0,1346,1
abc0004955,1430,0.0,1346,1
abc0004958,1430,0.0,1324,1
abc0004959,1429,1804.22,1061,1
abc0004960,1429,-126.43,1155,1
abc0004962,1429,0.0,1346,1
abc0004963,1429,0.0,1346,1
abc0004967,1429,0.0,1346,1
abc0004969,1429,0.0,1346,1
abc0004970,1429,0.0,1346,1
abc0004972,1429,32280.22,1260,1
abc0004974,1429,0.0,1346,1
abc0004975,1429,0.0,1346,1
abc0004980,1429,0.0,1346,1
abc0004982,1429,0.0,1346,1
abc0004984,1428,-21570.1615,462,0
abc0004986,1428,0.0,1346,1
abc0004986,1428,0.0,1346,1
abc0004991,1428,0.0,1346,1
abc0004992,1428,0.0,1346,1
abc0004995,1428,0.0,1346,1
abc0005000,1428,0.0,953,1
abc0005005,1428,0.0,1346,1
abc0005009,1427,0.0,1346,1
abc0005011,1427,0.0,1346,1
abc0005014,1427,6421.6,1423,1
abc0005015,1427,0.0,1346,1
abc0005017,1427,216.0,862,1
abc0005018,1427,0.0,1346,1
abc0005019,1427,0.0,1346,1
abc0005020,1427,0.0,1346,1
abc0005022,1427,0.0,1346,1
abc0005023,1427,0.0,1346,1
abc0005026,1427,11486.53,971,1
abc0005027,1427,0.0,1346,1
abc0005029,1427,0.0,1346,1
abc0005035,1426,44.49,1372,1
abc0005036,1426,888.51,1211,1
abc0005041,1426,0.0,1346,1
abc0005044,1426,0.0,1346,1
abc0005046,1426,0.0,1346,1
abc0005048,1426,0.0,1346,1
abc0005049,1426,0.0,1346,1
abc0005050,1425,-120.52,1340,1
abc0005051,1425,0.0,1346,1
abc0005052,1425,0.0,1346,1
abc0005054,1425,11.6,1422,1
abc0005055,1425,-22906501.6258,548,0
abc0005058,1425,32.3,1411,1
abc0005058,1425,0.0,1076,1
abc0005061,1425,0.0,1346,1
abc0005063,1425,0.0,1346,1
abc0005064,1425,0.0,1346,1
abc0005065,1425,0.0,1346,1
abc0005067,1425,-152.83,1138,1
abc0005069,1425,19.22,1382,1
abc0005072,1425,0.0,1346,1
abc0005073,1425,0.0,1346,1
abc0005074,1425,1444.47,1424,1
abc0005076,1425,0.0,1346,1
abc0005080,1424,0.0,1346,1
abc0005081,1424,-118.86,1177,1
abc0005082,1424,0.0,1112,1
abc0005087,1424,0.0,1346,1
abc0005089,1424,0.0,1346,1
abc0005091,1423,0.0,1346,1
abc0005092,1423,0.0,851,0
abc0005093,1423,-224963.7927,568,0
abc0005094,1423,0.0,1281,0
abc0005095,1423,-51952.7768,578,0
abc0005098,1423,0.0,1346,1
abc0005099,1423,0.0,1346,1
abc0005101,1423,0.0,1346,1
abc0005103,1423,-442.64,1254,1
abc0005105,1423,0.0,1346,1
abc0005107,1423,15.23,1386,1
abc0005108,1422,0.0,1346,1
abc0005110,1422,0.0,1319,1
abc0005113,1422,596.33,1020,1
abc0005116,1422,0.0,1346,1
abc0005122,1422,2999.0,1384,1
abc0005123,1422,13.86,1422,1
abc0005124,1422,0.0,1346,1
abc0005126,1422,0.0,1346,1
abc0005128,1422,0.0,1346,1
abc0005129,1422,0.0,1346,1
abc0005132,1421,0.0,1346,1
abc0005134,1421,0.0,1346,1
abc0005135,1421,6.45,1421,1
abc0005137,1421,0.0,1346,1
abc0005143,1421,0.0,1346,1
abc0005144,1421,0.0,1346,1
abc0005146,1421,0.0,1346,1
abc0005149,1420,828.31,1395,1
abc0005152,1420,0.0,1346,1
abc0005153,1420,0.0,1346,1
abc0005156,1420,0.0,1346,1
abc0005157,1420,0.0,1346,1
abc0005163,1420,0.0,1346,1
abc0005165,1420,0.0,1346,1
abc0005167,1420,0.0,1346,1
abc0005170,1420,69.79,1420,1
abc0005171,1420,0.0,1346,1
abc0005172,1420,0.0,1346,1
abc0005175,1419,0.0,1346,1
abc0005176,1419,0.0,1346,1
abc0005179,1419,0.0,1346,1
abc0005182,1419,0.0,1346,1
abc0005190,1418,0.0,1346,1
abc0005191,1418,0.0,1346,1
abc0005193,1418,-2911.7330000000006,414,0
abc0005193,1418,0.0,550,0
abc0005194,1418,0.0,1346,1
abc0005195,1418,-1313667.38,356,0
abc0005196,1418,59.0339,424,0
abc0005201,1418,0.0,1346,1
abc0005202,1418,1079.23,1412,1
abc0005204,1418,9224.76,1398,1
abc0005207,1418,0.0,1346,1
abc0005208,1418,0.0,1346,1
abc0005211,1418,0.0,1418,1
abc0005212,1418,0.0,1346,1
abc0005215,1417,-7788.66,1145,0
abc0005216,1417,0.0,1346,1
abc0005219,1417,41.95,1414,1
abc0005221,1417,0.0,1346,1
abc0005222,1417,0.0,1346,1
abc0005224,1417,0.0,1346,1
abc0005226,1417,5.0,1365,1
abc0005227,1417,0.0,1346,1
abc0005228,1417,0.0,1346,1
abc0005230,1417,0.0,1346,1
abc0005231,1417,0.0,1346,1
abc0005232,1417,10.1,1417,1
abc0005233,1416,1095.55,1055,1
abc0005235,1416,-17162792.9743,356,0
abc0005237,1416,0.0,1346,1
abc0005238,1416,80.93,1298,1
abc0005239,1416,50.0,1297,1
abc0005240,1416,759.36,988,1
abc0005246,1416,38.3,1389,1
abc0005248,1416,0.0,1346,1
abc0005250,1416,0.0,1346,1
abc0005252,1416,25.27,1153,1
abc0005254,1416,4986.39,1106,1
abc0005257,1416,0.0,1346,1
abc0005259,1416,0.0,1346,1
abc0005263,1415,0.0,1346,1
abc0005268,1415,0.0,1346,1
abc0005272,1415,0.0,1346,1
abc0005274,1415,9.744,592,1
abc0005276,1415,11430.4,1064,1
abc0005277,1415,0.0,1346,1
abc0005279,1415,0.0,1346,1
abc0005284,1415,0.0,1346,1
abc0005285,1414,0.0,1346,1
abc0005291,1414,0.0,1346,1
abc0005292,1414,0.0,1346,1
abc0005299,1413,-350.0,1277,1
abc0005300,1413,0.0,1346,1
abc0005301,1413,44520.67,1007,1
abc0005303,1413,0.0,1346,1
abc0005307,1413,5506.66,1054,1
abc0005308,1413,0.0,1346,1
abc0005317,1413,0.0,1346,1
abc0005319,1413,0.0,1346,1
abc0005320,1413,0.0,1346,1
abc0005321,1413,156.07,1412,1
abc0005322,1413,0.0,1346,1
abc0005323,1412,0.0,1346,1
abc0005327,1412,-1141.3043,715,0
abc0005331,1412,0.0,1346,1
abc0005334,1412,656.68,1045,1
abc0005336,1412,35.0,1411,1
abc0005337,1412,0.0,1306,1
abc0005338,1411,0.0,1346,1
abc0005342,1411,0.0,1346,1
abc0005346,1411,-1750.84,1173,1
abc0005347,1411,0.0,1346,1
abc0005348,1411,0.0,1346,1
abc0005352,1411,0.0,1346,1
abc0005355,1411,0.0,1346,1
abc0005356,1411,0.0,1346,1
abc0005357,1411,0.0,1346,1
abc0005361,1411,0.0,1346,1
abc0005362,1411,7.32,1374,1
abc0005367,1410,20.0,1401,1
abc0005371,1410,0.0,1346,1
abc0005372,1410,0.0,1346,1
abc0005375,1410,0.0,1346,1
abc0005376,1410,190.3858,876,1
abc0005378,1410,950.33,999,1
abc0005379,1410,0.0,1346,1
abc0005380,1410,0.0,1346,1
abc0005386,1410,0.0,1346,1
abc0005388,1409,0.0,1346,1
abc0005391,1409,0.0,1346,1
abc0005396,1409,8824.66,1159,1
abc0005399,1409,0.0,1346,1
abc0005406,1408,0.0,1346,1
abc0005409,1408,-100.0,1401,1
abc0005413,1408,4008.87,839,1
abc0005419,1407,0.0,1346,1
abc0005423,1407,0.0,1346,1
abc0005425,1407,0.0,1346,1
abc0005426,1407,0.0,1346,1
abc0005427,1407,0.0,1346,1
abc0005429,1407,0.0,1346,1
abc0005430,1407,49.0,1406,1
abc0005431,1406,0.0,1346,1
abc0005432,1406,0.0,1346,1
abc0005433,1406,35104.14,1057,1
abc0005434,1406,8184.64,1296,1
abc0005436,1406,0.0,1346,1
abc0005438,1405,0.0,1346,1
abc0005443,1405,0.0,1346,1
abc0005444,1405,0.0,1346,1
abc0005446,1405,0.0,1346,1
abc0005446,1405,0.0,1346,1
abc0005451,1405,0.0,1346,1
abc0005456,1405,0.0,1346,1
abc0005457,1405,-7009.566000000001,583,0
abc0005465,1404,0.0,1346,1
abc0005470,1404,1.0,1397,1
abc0005477,1403,0.0,1346,1
abc0005478,1403,-1570.61,1191,1
abc0005479,1403,73.47,1281,1
abc0005483,1403,0.0,1346,1
abc0005484,1403,969.41,1242,1
abc0005485,1403,57.12,1347,1
abc0005486,1403,0.0,1346,1
abc0005486,1403,0.0,1129,1
abc0005487,1403,0.0,1346,1
abc0005488,1403,0.0,1346,1
abc0005489,1403,0.0,1346,1
abc0005490,1403,5.0,1400,1
abc0005491,1403,0.0,1346,1
abc0005494,1403,20.03,1268,1
abc0005495,1403,0.0,1346,1
abc0005505,1402,0.0,1269,1
abc0005516,1402,0.0,1346,1
abc0005517,1402,11.33,1332,1
abc0005521,1402,0.0,1346,1
abc0005522,1402,0.0,1346,1
abc0005524,1402,1039.5664000000002,793,1
abc0005526,1401,0.0,1346,1
abc0005532,1401,0.0,1346,1
abc0005533,1401,0.0,1346,1
abc0005540,1401,0.0,1346,1
abc0005541,1401,0.0,1346,1
abc0005542,1401,882.5,1210,1
abc0005544,1401,0.0,1346,1
abc0005548,1401,0.0,1346,1
abc0005549,1401,1015.09,1393,1
abc0005551,1400,0.0,1346,1
abc0005552,1400,-4102.21,1215,0
abc0005556,1400,0.0,1155,1
abc0005558,1400,0.0,1346,1
abc0005561,1400,0.0,1346,1
abc0005563,1400,0.0,1346,1
abc0005565,1400,0.0,1346,1
abc0005567,1400,0.0,1346,1
abc0005569,1400,0.0,1346,1
abc0005571,1399,0.0,1346,1
abc0005575,1399,0.0,1346,1
abc0005576,1399,0.0,1346,1
abc0005579,1399,-796.85,1125,1
abc0005581,1399,0.0,1346,1
abc0005583,1398,224.9,1333,1
abc0005588,1398,0.0,1346,1
abc0005589,1398,0.0,1339,1
abc0005590,1398,0.0,1346,1
abc0005592,1398,0.0,1346,1
abc0005594,1398,0.0,1282,1
abc0005595,1398,0.0,1346,1
abc0005596,1397,0.0,1346,1
abc0005599,1397,0.0,1346,1
abc0005600,1397,0.0,1276,1
abc0005602,1397,0.0,1346,1
abc0005605,1397,0.0,1346,1
abc0005606,1397,0.0,1346,1
abc0005607,1397,-1049.86,1060,1
abc0005608,1397,2891.22,1219,1
abc0005609,1397,0.0,1346,1
abc0005610,1397,0.0,1346,1
abc0005612,1397,0.0,1346,1
abc0005613,1397,0.0,1346,1
abc0005614,1397,0.0,1346,1
abc0005616,1397,-9.329999999999998,1314,1
abc0005619,1397,0.0,1346,1
abc0005620,1397,0.0,1346,1
abc0005623,1396,0.0,1346,1
abc0005626,1396,0.0,1346,1
abc0005633,1396,0.0,1346,1
abc0005634,1396,0.0,1346,1
abc0005637,1396,1915.48,1213,1
abc0005641,1396,798.0,1282,1
abc0005643,1395,0.0,1346,1
abc0005644,1395,0.0,1346,1
abc0005646,1395,0.0,1346,1
abc0005647,1395,0.0,1346,1
abc0005648,1395,0.0,1255,1
abc0005653,1395,5.0,1394,1
abc0005654,1395,23.99,1320,1
abc0005655,1395,10.0,1389,1
abc0005656,1394,-61.56999999999999,1340,1
abc0005660,1394,0.0,1346,1
abc0005662,1394,0.0,1346,1
abc0005664,1394,0.0,1346,1
abc0005665,1394,6.45,1149,1
abc0005667,1394,132.78,1391,1
abc0005669,1394,0.0,1346,1
abc0005675,1394,0.0,1346,1
abc0005676,1394,0.0,1346,1
abc0005680,1393,0.0,1346,1
abc0005684,1393,0.0,1346,1
abc0005686,1393,0.0,1346,1
abc0005687,1393,0.0,1346,1
abc0005689,1393,11372.99,1002,1
abc0005690,1393,-1753.9,1369,1
abc0005693,1393,0.0,1346,1
abc0005695,1393,-29.84,1229,1
abc0005697,1393,0.0,1346,1
abc0005698,1393,0.0,1346,1
abc0005699,1393,0.0,1346,1
abc0005702,1392,-10.96,1384,1
abc0005711,1392,0.0,1346,1
abc0005716,1392,4227.85,1182,1
abc0005724,1392,7.07,1376,1
abc0005727,1392,0.0,1346,1
abc0005729,1391,0.0,1346,1
abc0005730,1391,0.0,1346,1
abc0005731,1391,0.0,1346,1
abc0005735,1391,0.0,1391,1
abc0005740,1391,0.0,1346,1
abc0005752,1390,38.5,957,1
abc0005753,1390,0.0,1143,1
abc0005754,1390,0.0,1346,1
abc0005755,1390,0.0,1346,1
abc0005762,1390,0.0,1046,1
abc0005763,1390,0.0,1346,1
abc0005769,1390,7554.33,1301,1
abc0005770,1390,139.96,1380,1
abc0005771,1389,0.0,1346,1
abc0005773,1389,0.0,1346,1
abc0005785,1389,0.0,1346,1
abc0005788,1389,0.0,1346,1
abc0005790,1389,817.19,1115,1
abc0005791,1388,0.0,1346,1
abc0005793,1388,0.0,1346,1
abc0005799,1388,-261.36999999999995,1019,0
abc0005800,1388,0.0,1346,1
abc0005804,1388,0.0,1346,1
abc0005806,1388,0.0,1346,1
abc0005807,1388,0.0,1346,1
abc0005811,1388,0.0,1346,1
abc0005818,1387,0.0,1346,1
abc0005826,1387,0.0,1346,1
abc0005827,1387,-535.73,1382,1
abc0005828,1387,140.61,1292,1
abc0005830,1387,0.0,1346,1
abc0005830,1387,0.0,1078,1
abc0005833,1387,0.0,1346,1
abc0005834,1386,0.0,1346,1
abc0005837,1386,145.0,1377,1
abc0005841,1386,0.0,1346,1
abc0005842,1386,13.76,1283,1
abc0005844,1386,0.0,1346,1
abc0005845,1386,0.0,1346,1
abc0005849,1386,0.0,1346,1
abc0005855,1385,0.0,1346,1
abc0005858,1385,0.0,1346,1
abc0005872,1385,473.25,1270,1
abc0005873,1384,0.0,1346,1
abc0005875,1384,43328.44,1384,1
abc0005876,1384,0.0,1346,1
abc0005881,1384,0.0,1346,1
abc0005886,1383,0.0,1346,1
abc0005887,1383,5933.82,1263,1
abc0005900,1383,0.0,1264,1
abc0005901,1383,0.0,1346,1
abc0005902,1382,0.0,1346,1
abc0005908,1382,0.0,1346,1
abc0005911,1382,0.0,1346,1
abc0005914,1382,0.0,1346,1
abc0005916,1382,0.0,1346,1
abc0005918,1382,0.0,1337,1
abc0005921,1381,0.0,1346,1
abc0005923,1381,2.49,1381,1
abc0005926,1381,0.0,1346,1
abc0005930,1381,0.0,1346,1
abc0005932,1381,881.43,923,1
abc0005936,1381,0.0,1346,1
abc0005941,1380,0.0,1346,1
abc0005950,1380,0.0,1346,1
abc0005951,1380,0.0,1346,1
abc0005952,1380,0.0,1346,1
abc0005954,1380,6.08,1369,1
abc0005960,1379,0.0,1346,1
abc0005961,1379,0.0,1346,1
abc0005962,1379,0.0,1346,1
abc0005965,1379,0.0,1346,1
abc0005967,1379,0.0,1346,1
abc0005968,1379,0.0,1341,1
abc0005978,1378,0.0,1346,1
abc0005981,1378,0.0,1346,1
abc0005985,1377,0.0,1346,1
abc0005989,1377,1842.23,1240,1
abc0005989,1377,0.0,1137,1
abc0005991,1377,0.0,1346,1
abc0005992,1377,1128.8,1340,1
abc0005993,1377,154.88,1368,1
abc0005995,1376,0.0,1346,1
abc0005996,1376,0.0,1355,1
abc0005999,1376,-9909.0253,591,0
abc0006001,1376,0.0,1346,1
abc0006002,1376,0.0,1346,1
abc0006004,1376,-3848.6968,459,0
abc0006005,1376,0.0,1346,1
abc0006010,1376,0.0,1346,1
abc0006016,1376,0.0,1346,1
abc0006017,1376,0.0,1346,1
abc0006021,1376,0.0,1243,1
abc0006023,1376,0.0,1346,1
abc0006024,1376,0.0,1346,1
abc0006028,1375,-555.76,1340,1
abc0006030,1375,0.0,1230,1
abc0006033,1375,195.0,1041,1
abc0006034,1375,0.0,1346,1
abc0006039,1375,0.0,1346,1
abc0006040,1375,-4634.619999999999,715,1
abc0006041,1375,0.0,1346,1
abc0006043,1375,10.0,1375,1
abc0006044,1375,0.0,1346,1
abc0006049,1375,0.0,1346,1
abc0006054,1374,0.0,1346,1
abc0006055,1374,0.0,1346,1
abc0006056,1374,75.0,1300,1
abc0006057,1374,0.0,1346,1
abc0006065,1374,26.78,1151,1
abc0006069,1374,1050.01,1152,1
abc0006070,1374,0.0,1346,1
abc0006071,1374,0.0,1346,1
abc0006076,1374,0.0,1346,1
abc0006077,1374,10.0,1374,1
abc0006078,1374,0.0,1346,1
abc0006079,1373,0.0,1346,1
abc0006080,1373,0.0,1346,1
abc0006082,1373,0.0,1346,1
abc0006084,1373,-232847.269,357,0
abc0006088,1373,0.0,1346,1
abc0006089,1373,-62549.97,991,1
abc0006090,1373,0.0,1346,1
abc0006093,1373,-275.0,1254,1
abc0006093,1373,0.0,1232,1
abc0006096,1373,0.0,1346,1
abc0006110,1372,0.0,1346,1
abc0006111,1372,0.0,1346,1
abc0006114,1371,0.0,1346,1
abc0006115,1371,0.0,1346,1
abc0006117,1371,0.0,1346,1
abc0006117,1371,0.0,1346,1
abc0006120,1371,0.0,1346,1
abc0006124,1370,0.0,1346,1
abc0006125,1370,0.0,1346,1
abc0006126,1370,294.8979,856,1
abc0006128,1370,0.0,1346,1
abc0006129,1370,0.0,1346,1
abc0006129,1370,0.0,1346,1
abc0006131,1370,1866.55,1336,1
abc0006144,1369,0.0,1346,1
abc0006145,1369,0.0,1072,1
abc0006149,1369,0.0,1346,1
abc0006151,1369,0.0,1346,1
abc0006153,1369,0.0,1346,1
abc0006155,1369,-40.0,1365,1
abc0006156,1369,2.79,909,1
abc0006157,1369,0.0,1346,1
abc0006158,1369,-1527.91,715,1
abc0006161,1369,1.0,1369,1
abc0006161,1369,0.0,1294,1
abc0006165,1369,-50327.2,638,0
abc0006166,1368,0.0,1316,1
abc0006170,1368,-520275.9127,430,0
abc0006172,1368,0.0,1346,1
abc0006174,1368,0.0,813,1
abc0006177,1368,0.0,1346,1
abc0006178,1368,0.0,1346,1
abc0006180,1368,0.0,1346,1
abc0006181,1368,0.0,1346,1
abc0006189,1367,0.0,1346,1
abc0006191,1367,0.0,1346,1
abc0006192,1367,0.0,1346,1
abc0006194,1367,0.0,1346,1
abc0006194,1367,0.0,1346,1
abc0006197,1367,-1874.5582,715,0
abc0006199,1367,0.0,1151,1
abc0006202,1367,1191.8441,366,0
abc0006204,1367,0.0,1346,1
abc0006205,1367,0.0,1346,1
abc0006206,1367,0.0,1346,1
abc0006210,1366,0.0,1346,1
abc0006214,1366,0.0,1346,1
abc0006215,1366,17.0,1268,1
abc0006216,1366,0.0,1320,1
abc0006219,1366,0.0,1346,1
abc0006220,1366,0.0,1346,1
abc0006227,1365,0.0,1362,1
abc0006229,1365,0.0,1362,0
abc0006233,1365,0.0,1341,1
abc0006234,1365,0.0,1346,1
abc0006239,1365,0.0,1346,1
abc0006240,1365,6503.38,715,1
abc0006249,1364,23.6,1264,1
abc0006249,1364,0.0,1346,1
abc0006250,1364,0.0,1346,1
abc0006251,1364,0.0,1346,1
abc0006252,1364,0.0,1346,1
abc0006257,1364,0.0,1346,1
abc0006258,1364,0.0,1346,1
abc0006260,1364,20.0,1342,1
abc0006261,1363,0.0,1346,1
abc0006268,1363,0.0,1346,1
abc0006269,1363,0.0,1346,1
abc0006276,1363,29.0,1249,1
abc0006277,1363,0.0,1346,1
abc0006280,1362,0.0,1346,1
abc0006282,1362,0.0,1346,1
abc0006288,1362,0.0,1346,1
abc0006293,1362,16.129900000000003,612,1
abc0006295,1362,0.0,1346,1
abc0006298,1362,0.0,1346,1
abc0006299,1361,53696.09880000001,356,0
abc0006301,1361,0.0,1346,1
abc0006304,1361,0.0,1346,1
abc0006310,1361,0.0,1346,1
abc0006312,1361,0.0,1361,1
abc0006313,1361,48.0,1320,1
abc0006314,1361,47.47,1346,1
abc0006315,1361,0.0,1346,1
abc0006316,1361,-48.84,1264,1
abc0006319,1361,3.32,1360,1
abc0006326,1360,0.0,1346,1
abc0006331,1360,0.0,1346,1
abc0006334,1360,10.0,1346,1
abc0006334,1360,0.0,1346,1
abc0006342,1359,0.0,1354,0
abc0006347,1359,6.0,1358,1
abc0006348,1359,0.0,1346,1
abc0006350,1359,0.0,1346,1
abc0006351,1359,0.0,1346,1
abc0006354,1359,0.0,1346,1
abc0006367,1358,-1019.89,793,1
abc0006372,1358,0.0,1346,1
abc0006373,1358,494.54,1005,1
abc0006377,1358,0.0,1346,1
abc0006379,1357,0.0,1346,1
abc0006380,1357,0.0,1346,1
abc0006383,1357,0.0,1346,1
abc0006385,1357,363.0,1353,1
abc0006388,1357,0.0,1346,1
abc0006395,1356,0.0,1346,1
abc0006397,1356,5.0,1354,1
abc0006401,1356,0.0,1346,1
abc0006402,1356,15.0,1313,1
abc0006403,1356,0.0,836,1
abc0006406,1356,0.0,739,1
abc0006407,1356,0.0,1346,1
abc0006412,1355,0.0,1346,1
abc0006417,1355,19.57,1333,1
abc0006422,1355,8.0,1156,1
abc0006424,1355,0.0,1346,1
abc0006427,1355,0.0,1346,1
abc0006427,1355,0.0,1346,1
abc0006428,1354,1.01,1316,1
abc0006429,1354,0.0,1325,1
abc0006430,1354,0.0,1306,1
abc0006431,1354,0.0,1321,1
abc0006435,1354,0.0,1346,1
abc0006437,1354,1412.19,1142,1
abc0006438,1354,0.0,1346,1
abc0006439,1354,338.768,680,1
abc0006443,1353,0.0,1346,1
abc0006453,1353,1034.94,1316,1
abc0006456,1353,0.0,1346,1
abc0006458,1353,0.0,1346,1
abc0006462,1353,-66050.0,1235,1
abc0006465,1353,0.0,1346,1
abc0006468,1352,0.0,1346,1
abc0006468,1352,-80.99,1301,1
abc0006469,1352,0.0,1346,1
abc0006474,1352,0.0,1346,1
abc0006484,1352,0.0,1346,1
abc0006487,1352,0.0,1346,1
abc0006497,1352,-50759.99,659,1
abc0006498,1351,0.0,1346,1
abc0006508,1351,5.01,1351,1
abc0006509,1351,5.95,1313,1
abc0006509,1351,0.0,1320,1
abc0006510,1351,43.67,1282,1
abc0006511,1351,0.0,1346,1
abc0006516,1351,35.7,1346,1
abc0006517,1351,0.0,1346,1
abc0006518,1351,0.0,1346,1
abc0006519,1351,10.0,1346,1
abc0006523,1350,0.0,1346,1
abc0006532,1350,0.0,1318,1
abc0006535,1350,0.0,1346,1
abc0006537,1349,0.0,1346,1
abc0006538,1349,0.0,1346,1
abc0006538,1349,0.0,1346,1
abc0006545,1349,0.0,1346,1
abc0006546,1349,0.0,1279,1
abc0006547,1349,0.0,1346,1
abc0006548,1348,-258.12,1316,1
abc0006549,1348,0.0,1309,1
abc0006551,1348,0.0,1345,1
abc0006552,1348,55.0,1334,1
abc0006557,1348,0.0,1346,1
abc0006565,1347,7.12,1347,1
abc0006566,1347,-25211.2786,443,0
abc0006567,1347,0.0,1345,1
abc0006570,1347,0.0,1346,1
abc0006571,1347,0.0,1345,1
abc0006574,1347,29.57,1346,1
abc0006577,1347,0.0,1281,1
abc0006586,1346,0.0,1346,1
abc0006591,1346,1.77,1232,1
abc0006592,1346,0.0,1346,1
abc0006598,1346,0.0,1346,1
abc0006598,1346,311.54,1149,1
abc0006599,1346,0.0,1340,1
abc0006599,1346,-1600.0,1118,1
abc0006601,1346,-232.7500000000001,1098,0
abc0006603,1346,11.9,1346,1
abc0006604,1346,0.0,1346,1
abc0006605,1346,518.8,1341,1
abc0006607,1346,0.0,1346,1
abc0006609,1346,0.0,1346,1
abc0006620,1345,37.0909,742,1
abc0006622,1345,0.0,1345,1
abc0006623,1345,0.0,1345,1
abc0006625,1345,0.0,1345,1
abc0006626,1345,-1874.6300000000003,1296,1
abc0006628,1345,41.8029,594,1
abc0006629,1345,0.0,1345,1
abc0006630,1345,-31.48,1340,1
abc0006632,1345,0.0,1345,1
abc0006633,1345,0.0,1245,1
abc0006634,1345,0.0,1344,1
abc0006636,1344,0.0,1312,0
abc0006637,1344,0.0,1344,1
abc0006639,1344,0.0,1344,1
abc0006640,1344,0.0,1344,1
abc0006641,1344,0.0,1247,1
abc0006642,1344,0.0,1139,1
abc0006643,1344,0.0,1344,1
abc0006647,1344,0.0,1343,1
abc0006650,1343,0.0,1343,1
abc0006654,1343,0.0,1343,1
abc0006669,1342,-23.76,1342,1
abc0006674,1342,0.0,1342,1
abc0006675,1342,156.26,1323,1
abc0006677,1341,0.0,1336,1
abc0006687,1341,0.0,1159,1
abc0006691,1341,0.0,1322,1
abc0006696,1340,201.88,1112,1
abc0006698,1340,0.0,1340,1
abc0006699,1340,0.0,1340,1
abc0006700,1340,0.0,1340,1
abc0006704,1340,0.0,1340,1
abc0006706,1340,0.0,1340,1
abc0006709,1340,68.83,1182,1
abc0006712,1340,0.0,1340,1
abc0006715,1340,0.0,1340,1
abc0006716,1340,25.46,1319,1
abc0006718,1339,0.0,1339,1
abc0006720,1339,0.0,1339,1
abc0006721,1339,0.0,1339,1
abc0006724,1339,0.0,1337,1
abc0006726,1339,3258.07,862,1
abc0006728,1339,0.0,1339,1
abc0006729,1339,0.0,1339,1
abc0006733,1339,0.0,1339,1
abc0006734,1339,0.0,1339,1
abc0006735,1339,0.0,1339,1
abc0006736,1339,0.0,1338,1
abc0006737,1338,-3465.0314000000003,631,0
abc0006740,1338,290.74,859,1
abc0006744,1338,0.0,1319,1
abc0006746,1338,0.0,1338,1
abc0006748,1338,142.76,1325,1
abc0006756,1337,0.0,1337,1
abc0006761,1337,-299.0,1320,1
abc0006765,1336,191.22,1307,1
abc0006767,1336,172.74,1304,1
abc0006768,1336,935.0,1333,1
abc0006769,1336,0.0,1333,1
abc0006774,1336,0.0,1334,1
abc0006775,1336,0.0,1336,1
abc0006776,1336,0.0,1336,1
abc0006781,1335,273.0,1334,1
abc0006782,1335,0.0,1335,1
abc0006782,1335,0.0,1335,1
abc0006783,1335,0.0,1335,1
abc0006784,1335,15310.5,1005,1
abc0006785,1335,0.0,1335,1
abc0006786,1335,1878.0,1314,1
abc0006787,1335,20.86,1327,1
abc0006792,1334,0.0,1334,1
abc0006795,1334,-19361.0,715,1
abc0006802,1333,0.0,1333,1
abc0006804,1333,0.0,1333,1
abc0006809,1333,0.0,1304,1
abc0006810,1333,0.0,1333,1
abc0006812,1333,2381.86,1287,1
abc0006813,1333,46.64,1330,1
abc0006814,1333,0.0,1333,1
abc0006817,1332,-337.5013,773,1
abc0006818,1332,-2159859.4702000003,357,0
abc0006819,1332,-1721577.5871,357,0
abc0006820,1332,-2392591.89,715,0
abc0006821,1332,0.0,1331,0
abc0006822,1332,-59630.9853,567,0
abc0006823,1332,0.0,1332,1
abc0006826,1332,898.78,1323,0
abc0006827,1332,0.0,1330,1
abc0006829,1332,0.0,1332,1
abc0006831,1332,0.0,1330,1
abc0006834,1331,0.0,1331,1
abc0006837,1331,89.84,1331,1
abc0006840,1331,243.72,1186,1
abc0006841,1331,0.0,1328,1
abc0006842,1330,0.0,1330,1
abc0006853,1329,0.0,1329,1
abc0006861,1329,0.0,1329,1
abc0006864,1329,501.38,1275,1
abc0006865,1328,0.0,1328,1
abc0006872,1328,0.0,1328,1
abc0006873,1328,130.58,1320,1
abc0006875,1328,1377.52,990,1
abc0006877,1328,10.0,1320,1
abc0006879,1327,0.0,1327,0
abc0006882,1327,0.0,1327,1
abc0006885,1327,472.96,789,1
abc0006886,1327,0.0,1327,1
abc0006890,1327,0.0,1269,1
abc0006891,1327,0.0,1327,1
abc0006893,1327,0.0,1167,1
abc0006894,1327,0.0,1325,1
abc0006896,1326,0.0,1326,1
abc0006897,1326,0.0,1324,1
abc0006898,1326,0.0,1326,1
abc0006899,1326,0.0,1326,1
abc0006900,1326,1187.69,1094,1
abc0006904,1326,0.0,1324,0
abc0006907,1326,0.0,1326,1
abc0006909,1326,0.0,1326,1
abc0006914,1325,0.0,1325,1
abc0006917,1325,521.4,1181,1
abc0006918,1325,-2866.2796000000003,837,1
abc0006919,1325,0.0,1199,1
abc0006926,1325,0.0,1323,1
abc0006927,1325,0.0,1324,1
abc0006929,1324,0.0,1324,1
abc0006930,1324,0.0,1289,1
abc0006937,1324,2.1,1308,1
abc0006938,1324,0.0,1323,1
abc0006940,1324,0.0,1324,1
abc0006947,1323,0.0,1323,1
abc0006949,1323,0.0,1323,1
abc0006954,1323,0.0,1323,1
abc0006959,1322,0.0,1322,1
abc0006965,1322,0.0,1322,1
abc0006974,1321,30.0,887,0
abc0006976,1321,438.86,1082,1
abc0006977,1321,0.0,1321,1
abc0006979,1321,0.0,1248,1
abc0006985,1320,0.0,1316,1
abc0006989,1320,18.02,1201,1
abc0006993,1320,0.0,1320,1
abc0006994,1320,0.0,1319,1
abc0006995,1320,0.0,1320,1
abc0006996,1320,0.0,1320,1
abc0006998,1320,0.0,1320,1
abc0007000,1319,0.0,1319,1
abc0007007,1319,0.0,1319,1
abc0007008,1319,0.0,1319,1
abc0007011,1319,0.0,1319,1
abc0007015,1319,0.0,1123,1
abc0007020,1318,0.0,1318,1
abc0007022,1318,0.0,1251,1
abc0007025,1318,0.0,1318,1
abc0007030,1318,156.42,1309,1
abc0007031,1318,-16295.784,359,0
abc0007033,1318,0.0,1318,1
abc0007040,1317,0.0,1317,1
abc0007043,1317,0.0,1164,0
abc0007047,1317,0.0,1317,1
abc0007054,1316,0.0,1316,1
abc0007055,1316,0.0,1316,1
abc0007057,1316,0.0,1316,1
abc0007059,1316,0.0,1278,1
abc0007063,1316,-40894.7367,496,0
abc0007064,1316,0.0,1315,1
abc0007073,1314,0.0,1314,1
abc0007076,1314,0.0,1217,1
abc0007081,1314,0.0,1314,1
abc0007083,1314,0.0,1314,1
abc0007086,1313,0.0,1313,1
abc0007089,1313,0.0,1313,1
abc0007094,1313,0.0,1313,1
abc0007097,1313,35789.74,1127,1
abc0007098,1313,0.0,1313,1
abc0007098,1313,90.0,1006,1
abc0007099,1313,0.0,1313,1
abc0007101,1312,0.0,1312,1
abc0007102,1312,-3848045.84,361,0
abc0007104,1312,-419443717.88,356,0
abc0007105,1312,-42392066.95,356,0
abc0007108,1312,0.0,1312,1
abc0007117,1312,0.0,1312,1
abc0007118,1312,0.0,1312,1
abc0007124,1312,0.0,1305,1
abc0007132,1311,0.0,1305,1
abc0007139,1311,0.0,1311,1
abc0007145,1311,0.0,1309,1
abc0007147,1311,2.0,1289,1
abc0007149,1311,400.99,1246,1
abc0007154,1310,0.0,1310,1
abc0007158,1310,0.0,1310,1
abc0007163,1310,0.0,1305,1
abc0007164,1310,0.0,1310,1
abc0007171,1309,0.0,1309,1
abc0007172,1309,0.0,1281,1
abc0007174,1309,5.06,1192,1
abc0007177,1308,0.0,1282,1
abc0007178,1308,13.98,927,1
abc0007183,1308,0.0,1308,1
abc0007186,1308,0.0,1308,1
abc0007188,1308,0.0,1308,1
abc0007191,1308,0.0,1308,1
abc0007196,1307,0.0,1307,1
abc0007198,1307,0.0,1306,1
abc0007199,1307,0.0,1307,1
abc0007203,1307,0.0,1307,1
abc0007204,1307,1922.55,1204,1
abc0007213,1306,-3554757.4935,375,0
abc0007214,1306,0.0,1306,1
abc0007215,1306,0.0,1306,1
abc0007219,1306,0.0,1306,1
abc0007224,1306,361.088,680,1
abc0007224,1306,744.4,1031,1
abc0007226,1305,0.0,1305,1
abc0007227,1305,-348375.0503,358,0
abc0007228,1305,0.0,1305,1
abc0007232,1305,0.0,1305,1
abc0007238,1305,0.0,1301,1
abc0007240,1304,2.0,1166,1
abc0007241,1304,0.0,674,0
abc0007244,1304,0.0,1304,1
abc0007247,1304,0.0,1304,1
abc0007254,1304,1.0098,1220,1
abc0007257,1304,0.0,1236,1
abc0007259,1304,0.0,1262,1
abc0007261,1303,0.0,1303,1
abc0007264,1303,0.0,1232,1
abc0007271,1302,0.0,1296,1
abc0007277,1302,239.16,1297,1
abc0007280,1301,15.0,1267,0
abc0007283,1301,0.0,1301,1
abc0007286,1301,0.0,1301,1
abc0007295,1300,915.2,1025,1
abc0007297,1300,0.0,1300,1
abc0007299,1300,0.0,1300,1
abc0007300,1300,0.0,1300,1
abc0007301,1300,0.0,1299,1
abc0007302,1299,2.0,1299,1
abc0007304,1299,0.0,1298,1
abc0007305,1299,0.0,1299,1
abc0007311,1299,0.0,1299,1
abc0007312,1299,0.0,1299,1
abc0007317,1299,0.0,1299,1
abc0007321,1298,76.97,1203,1
abc0007322,1298,-586.9821999999999,466,1
abc0007326,1298,0.0,1298,1
abc0007327,1298,0.0,1298,1
abc0007333,1298,0.0,1298,1
abc0007337,1298,0.0,1298,1
abc0007338,1297,-506213.9568,356,0
abc0007339,1297,-9586410.729800005,358,0
abc0007344,1297,0.0,1297,1
abc0007345,1297,0.0,1297,1
abc0007348,1297,0.0,1297,1
abc0007351,1297,0.0,1297,1
abc0007353,1297,0.0,1296,1
abc0007354,1296,0.0,1296,1
abc0007355,1296,0.0,1259,1
abc0007356,1296,0.0,1296,1
abc0007358,1296,0.0,1296,1
abc0007365,1295,0.0,1295,1
abc0007368,1295,997.35,1005,1
abc0007371,1295,0.0,1294,1
abc0007375,1294,0.0,1294,1
abc0007378,1294,0.0,1294,1
abc0007379,1294,0.0,1294,1
abc0007384,1293,0.0,1293,1
abc0007389,1293,0.0,1292,1
abc0007390,1293,0.0,1293,1
abc0007399,1292,-120.17,1285,0
abc0007400,1292,0.0,1292,1
abc0007404,1292,0.0,1292,1
abc0007405,1292,-52426366.7457,356,0
abc0007410,1292,0.0,1292,1
abc0007412,1292,0.0,1292,1
abc0007413,1292,0.0,1291,1
abc0007425,1291,0.0,1291,1
abc0007427,1290,0.0,1276,0
abc0007428,1290,0.0,1288,1
abc0007433,1290,0.0,1287,1
abc0007436,1290,0.0,1289,1
abc0007445,1289,10.03,1289,1
abc0007449,1289,4.76,1288,1
abc0007452,1289,345.53,1016,1
abc0007453,1289,0.0,1289,1
abc0007457,1289,0.0,1288,1
abc0007460,1288,0.0,1215,1
abc0007461,1288,0.0,1281,1
abc0007469,1288,3112.9,1042,1
abc0007473,1288,0.0,1288,1
abc0007474,1288,245.06170000000003,502,1
abc0007475,1288,0.0,1277,1
abc0007477,1288,64.43,1287,1
abc0007483,1287,0.0,1287,1
abc0007486,1287,0.0,1287,1
abc0007490,1286,0.0,1286,1
abc0007493,1286,0.0,1286,1
abc0007494,1286,0.0,1286,1
abc0007495,1286,0.0,1285,1
abc0007498,1285,11.21,1089,0
abc0007502,1285,-1.0,1285,0
abc0007503,1285,0.0,1285,0
abc0007505,1285,4.0,1284,0
abc0007508,1285,0.0,1285,1
abc0007595,1285,1273.48,1245,1
abc0007597,1285,0.0,1285,1
abc0007603,1285,0.0,1285,1
abc0007609,1284,0.0,1284,1
abc0007613,1284,0.0,1281,0
abc0007614,1284,92.18,1236,0
abc0007630,1284,0.0,1284,1
abc0007633,1284,0.0,1284,1
abc0007637,1284,0.0,1282,1
abc0007647,1283,0.0,1283,1
abc0007648,1283,-174.88,1271,1
abc0007648,1283,1829.56,993,1
abc0007649,1283,0.0,1283,1
abc0007652,1283,1213.0,1265,1
abc0007654,1283,0.0,1283,1
abc0007666,1282,0.77,1231,1
abc0007670,1282,0.0,1281,1
abc0007677,1281,0.0,1281,1
abc0007680,1281,-821.0,1139,1
abc0007681,1281,0.0,1281,1
abc0007689,1281,0.0,1281,1
abc0007690,1281,3362.14,1243,1
abc0007692,1281,13.85,1277,1
abc0007696,1281,0.0,1281,1
abc0007714,1280,480.0,1049,1
abc0007715,1280,2.34,1280,1
abc0007720,1279,61.77,1259,1
abc0007721,1279,132.92,1228,1
abc0007725,1278,15.0,1278,1
abc0007728,1278,10.81,1059,0
abc0007730,1278,4.13,1278,1
abc0007732,1278,0.0,1278,1
abc0007737,1278,0.0,1278,1
abc0007738,1278,0.0,1278,1
abc0007741,1278,0.0,1267,1
abc0007747,1278,0.0,1277,1
abc0007749,1277,2.0,1275,1
abc0007751,1277,0.0,1277,1
abc0007752,1277,0.0,1277,1
abc0007757,1277,0.0,1226,1
abc0007764,1277,0.0,1276,1
abc0007766,1276,0.0,1276,1
abc0007768,1276,0.0,1173,1
abc0007770,1276,0.0,1268,1
abc0007773,1276,0.0,1252,1
abc0007774,1276,0.0,1275,1
abc0007781,1275,0.0,1269,1
abc0007786,1275,0.0,1275,1
abc0007787,1275,7152.0,1197,1
abc0007788,1275,-773.8299999999999,963,1
abc0007796,1274,0.0,1274,1
abc0007797,1274,0.0,1270,1
abc0007807,1273,1114.11,1210,1
abc0007810,1273,0.0,1273,1
abc0007812,1273,0.0,1271,1
abc0007813,1273,151.52,1237,1
abc0007814,1273,0.0,1273,1
abc0007815,1273,0.0,1272,1
abc0007823,1271,0.0,1271,1
abc0007824,1271,0.0,1271,1
abc0007833,1271,0.0,1271,1
abc0007835,1271,0.0,1270,1
abc0007838,1271,0.0,1270,1
abc0007841,1270,-1125.0,682,1
abc0007841,1270,24.0,1270,1
abc0007842,1270,0.0,1269,1
abc0007852,1270,0.0,1270,1
abc0007855,1270,0.0,1270,1
abc0007861,1270,0.0,1047,1
abc0007864,1269,0.0,1269,1
abc0007865,1269,12.71,1103,1
abc0007868,1269,20.643500000000003,772,1
abc0007868,1269,438.1456,831,1
abc0007872,1268,0.0,1268,1
abc0007875,1268,0.0,1268,1
abc0007879,1268,0.0,1268,1
abc0007880,1268,0.0,1261,0
abc0007883,1268,8.15,1256,1
abc0007885,1268,0.0,1268,1
abc0007886,1268,0.0,1253,1
abc0007893,1267,0.0,1263,1
abc0007903,1267,0.0,1267,1
abc0007910,1266,0.0,1266,1
abc0007913,1266,0.0,1266,1
abc0007915,1266,0.0,1266,1
abc0007917,1266,-334.78,1254,1
abc0007921,1265,0.0,1154,1
abc0007922,1265,100.0,1200,1
abc0007933,1264,0.0,1264,1
abc0007934,1264,0.0,1264,1
abc0007934,1264,59.95,1263,1
abc0007935,1264,0.0,1264,1
abc0007943,1264,0.0,1264,1
abc0007944,1264,0.0,1264,1
abc0007949,1263,0.0,1263,1
abc0007960,1263,18.3,1234,1
abc0007962,1263,25.05,1219,1
abc0007971,1262,0.0,1262,1
abc0007972,1262,-5299856.81,868,1
abc0007973,1262,16.91,1218,1
abc0007973,1262,0.0,861,1
abc0007974,1262,0.0,1262,1
abc0007976,1262,0.0,1262,1
abc0007981,1262,0.0,1262,1
abc0007984,1262,0.0,1262,1
abc0007985,1262,60.0,1123,1
abc0007986,1262,35.0,1253,1
abc0007988,1262,0.0,993,1
abc0007991,1261,1.0,1261,1
abc0007994,1261,0.0,1261,1
abc0007995,1261,0.0,1261,1
abc0007998,1261,2.3,1259,1
abc0007999,1261,0.0,1261,1
abc0008005,1261,7.0,1259,1
abc0008008,1260,0.0,1260,1
abc0008011,1260,185.38,1202,1
abc0008012,1260,0.0,1260,1
abc0008013,1260,0.0,1260,1
abc0008034,1258,29.58,1132,1
abc0008034,1258,0.0,1199,1
abc0008042,1257,-20.93,1248,1
abc0008044,1257,0.0,1257,1
abc0008051,1257,34734.22,888,1
abc0008052,1257,1452.25,1191,1
abc0008053,1257,0.0,1257,1
abc0008054,1257,0.0,1257,1
abc0008056,1257,-31170.76,972,1
abc0008059,1257,0.0,1257,1
abc0008060,1257,0.0,1257,1
abc0008064,1256,0.0,1256,1
abc0008066,1256,-2948039.67,358,0
abc0008067,1256,-23933.4985,414,0
abc0008070,1256,144.87,1256,1
abc0008074,1256,4.44,1150,1
abc0008075,1256,0.0,1256,1
abc0008085,1255,0.0,1255,1
abc0008087,1255,0.0,1255,1
abc0008092,1255,0.0,1234,1
abc0008098,1255,0.0,1253,1
abc0008099,1255,0.0,1225,1
abc0008100,1255,0.0,1255,1
abc0008103,1254,27.06,1254,1
abc0008106,1254,0.0,1254,1
abc0008112,1254,0.0,1246,1
abc0008117,1253,0.0,1253,1
abc0008117,1253,0.0,1253,1
abc0008119,1253,0.0,1253,1
abc0008120,1253,0.0,1253,1
abc0008122,1253,28.85,1204,1
abc0008123,1253,0.0,1253,1
abc0008124,1253,0.0,1253,1
abc0008132,1252,0.0,1252,1
abc0008133,1252,0.0,1252,1
abc0008140,1251,0.0,1251,1
abc0008142,1251,129.2,1204,1
abc0008145,1251,0.0,1239,1
abc0008150,1251,0.0,1251,1
abc0008152,1251,0.0,1251,1
abc0008153,1251,0.0,1251,1
abc0008154,1251,41025.4277,828,1
abc0008155,1251,0.0,1251,1
abc0008159,1250,0.0,1250,1
abc0008164,1250,0.0,1250,1
abc0008168,1250,0.0,1249,1
abc0008180,1249,0.0,1249,1
abc0008183,1249,-111575.4917,632,0
abc0008184,1249,0.0,1238,0
abc0008185,1249,0.0,1247,0
abc0008187,1249,0.0,1249,1
abc0008188,1249,0.0,1248,1
abc0008194,1249,0.0,1233,1
abc0008202,1248,0.0,1248,1
abc0008203,1248,0.0,1248,1
abc0008210,1248,0.0,1248,1
abc0008212,1247,0.0,1247,1
abc0008216,1247,-1250.49,715,1
abc0008217,1247,0.0,1247,1
abc0008221,1247,0.0,1247,1
abc0008222,1246,60.0,1142,1
abc0008225,1246,27833.41,1121,1
abc0008226,1246,18292.3324,824,1
abc0008227,1246,0.0,1246,1
abc0008227,1246,11.13,1244,1
abc0008229,1246,0.0,1246,1
abc0008233,1246,0.0,1194,1
abc0008233,1246,0.0,1100,1
abc0008235,1246,0.0,1199,1
abc0008240,1246,0.0,1242,1
abc0008245,1245,0.0,1245,1
abc0008248,1245,0.0,1245,1
abc0008250,1245,0.0,1245,1
abc0008255,1244,0.0,1221,1
abc0008258,1244,0.0,1244,1
abc0008264,1244,1277.08,1137,1
abc0008266,1244,0.0,1244,1
abc0008271,1243,0.0,1242,1
abc0008273,1243,0.0,1240,1
abc0008274,1243,-15401.82,850,1
abc0008275,1243,-55000.0,1207,1
abc0008277,1243,0.0,1243,1
abc0008278,1243,1.0,1093,1
abc0008280,1243,5.01,1243,1
abc0008283,1243,5811.32,1018,1
abc0008285,1243,0.0,1243,1
abc0008292,1242,0.0,1028,1
abc0008297,1242,0.0,1242,1
abc0008298,1242,0.0,1241,1
abc0008303,1242,0.0,1242,1
abc0008308,1241,20.0,1221,1
abc0008311,1241,0.0,1239,1
abc0008316,1241,0.0,1241,1
abc0008318,1241,0.0,1241,1
abc0008330,1241,0.0,1240,1
abc0008331,1241,90.19,1235,1
abc0008333,1240,-189.7671,710,1
abc0008353,1239,-423921.5617,409,0
abc0008354,1239,0.0,1239,1
abc0008354,1239,0.0,1179,1
abc0008356,1239,2.23,1089,0
abc0008361,1239,0.0,1239,1
abc0008363,1239,0.0,1138,1
abc0008365,1239,0.0,1239,1
abc0008370,1238,-13531.333100000002,361,0
abc0008376,1238,0.0,1238,1
abc0008386,1238,3.47,1227,1
abc0008389,1238,0.0,1237,1
abc0008396,1237,0.0,1237,1
abc0008397,1237,0.0,1237,1
abc0008402,1237,0.0,1233,1
abc0008403,1237,0.0,1237,1
abc0008405,1237,0.0,1237,1
abc0008406,1237,0.0,1237,1
abc0008408,1236,0.0,738,1
abc0008417,1236,0.0,1236,1
abc0008420,1236,0.0,1234,1
abc0008423,1236,0.0,1235,1
abc0008425,1235,0.0,1235,1
abc0008428,1235,0.0,1235,1
abc0008432,1234,0.0,1234,1
abc0008434,1234,702.2737,727,1
abc0008435,1234,0.0,1234,1
abc0008438,1234,0.0,1234,1
abc0008440,1234,11.6,1234,1
abc0008443,1234,0.0,1234,1
abc0008445,1234,0.0,1234,1
abc0008447,1233,2575.18,1065,1
abc0008449,1233,0.0,1233,1
abc0008450,1233,9.05,1155,1
abc0008455,1233,0.0,1230,1
abc0008456,1233,0.0,1229,1
abc0008461,1233,250.0,1233,1
abc0008464,1232,0.0,1232,1
abc0008466,1232,-900.0,710,1
abc0008467,1232,0.0,1232,1
abc0008472,1232,0.0,1232,1
abc0008473,1232,0.0,1220,1
abc0008474,1232,0.0,1208,1
abc0008479,1231,390.0,1220,1
abc0008479,1231,0.0,1218,1
abc0008480,1231,4.0,1231,1
abc0008483,1231,0.0,1229,1
abc0008485,1231,0.0,1229,1
abc0008486,1231,0.0,1181,1
abc0008488,1231,0.0,1231,1
abc0008494,1230,50.0,1229,1
abc0008495,1230,0.0,1230,1
abc0008497,1230,0.0,1230,1
abc0008500,1230,0.0,1230,1
abc0008501,1230,0.0,1229,1
abc0008502,1230,0.0,1230,1
abc0008504,1230,0.0,1230,1
abc0008509,1229,0.0,1216,1
abc0008512,1229,6888.71,1086,1
abc0008516,1229,0.0,1227,1
abc0008517,1229,0.0,1218,1
abc0008524,1229,0.0,1228,1
abc0008529,1228,1101.69,1197,1
abc0008530,1228,0.0,1218,1
abc0008536,1228,0.0,1228,1
abc0008538,1228,1.0,1225,1
abc0008541,1228,0.0,1228,1
abc0008542,1228,0.0,870,1
abc0008543,1228,0.0,1217,1
abc0008549,1228,324.09,1217,1
abc0008552,1227,0.0,1194,1
abc0008554,1227,-1063.4836,375,0
abc0008555,1227,0.0,1227,1
abc0008560,1227,293.38200000000006,722,1
abc0008561,1227,124.77,1147,1
abc0008563,1227,0.0,1227,1
abc0008564,1227,0.0,1211,1
abc0008565,1227,0.0,1226,1
abc0008568,1226,0.0,1155,1
abc0008573,1226,0.0,1226,1
abc0008575,1226,0.0,1122,1
abc0008579,1226,0.0,1156,1
abc0008579,1226,0.0,825,1
abc0008581,1226,330.0,1215,1
abc0008582,1226,-65035.0,923,0
abc0008583,1225,-27226.8087,357,0
abc0008584,1225,-88.47999999999999,1099,1
abc0008585,1225,0.0,739,1
abc0008589,1225,11221.65,1080,1
abc0008590,1225,0.0,1225,1
abc0008598,1224,0.0,1224,1
abc0008608,1223,0.0,1112,1
abc0008610,1223,0.0,1164,1
abc0008615,1222,0.0,1214,1
abc0008616,1222,0.0,1218,1
abc0008617,1222,47.0,1197,1
abc0008620,1222,0.0,1222,1
abc0008623,1222,0.0,1222,1
abc0008624,1222,0.0,1216,1
abc0008626,1222,0.0,1222,1
abc0008633,1222,0.0,1222,1
abc0008638,1221,0.0,1221,1
abc0008639,1221,0.89,1211,1
abc0008643,1221,0.0,1206,1
abc0008648,1221,0.0,1221,1
abc0008651,1221,9.74,1221,1
abc0008655,1221,0.0,1158,1
abc0008661,1220,-15000.0,1215,1
abc0008662,1220,0.0,1220,1
abc0008668,1220,0.0,1220,1
abc0008670,1220,0.0,1220,1
abc0008671,1219,0.0,1219,1
abc0008672,1219,0.0,1219,1
abc0008679,1219,0.0,1219,1
abc0008680,1219,0.0,1212,1
abc0008687,1218,0.0,1218,1
abc0008692,1218,0.0,1218,1
abc0008693,1218,0.0,1218,1
abc0008694,1218,0.0,1218,1
abc0008699,1218,0.0,1212,1
abc0008701,1218,0.0,1199,1
abc0008702,1218,0.0,1101,1
abc0008712,1217,0.0,1217,1
abc0008722,1216,0.0,1216,1
abc0008726,1216,0.4,1119,1
abc0008727,1216,-6100.8,834,0
abc0008729,1216,0.0,1216,1
abc0008730,1216,0.0,1213,1
abc0008731,1216,0.0,1195,1
abc0008736,1215,0.0,1215,1
abc0008737,1215,0.0,1128,1
abc0008744,1215,-6.59,1213,1
abc0008749,1215,0.0,1215,1
abc0008754,1215,0.0,1215,1
abc0008755,1215,0.0,1145,1
abc0008762,1215,0.0,1212,1
abc0008766,1214,-486743.2297,368,0
abc0008774,1214,0.0,1214,1
abc0008778,1214,0.0,956,1
abc0008782,1214,0.0,1212,1
abc0008783,1214,2.81,1096,1
abc0008786,1214,0.0,1214,1
abc0008787,1214,0.0,1213,1
abc0008793,1213,0.0,1159,1
abc0008795,1213,0.0,1213,1
abc0008796,1213,1.31,1213,1
abc0008797,1213,0.0,1213,1
abc0008799,1213,0.0,1213,1
abc0008799,1213,39.31,1197,1
abc0008805,1213,0.0,1212,1
abc0008806,1213,1.12,1206,1
abc0008809,1212,0.0,983,1
abc0008810,1212,0.0,1212,1
abc0008811,1212,0.0,1212,1
abc0008819,1212,300.2,980,1
abc0008825,1212,0.0,1211,1
abc0008827,1211,0.0,1208,0
abc0008830,1211,0.0,1210,1
abc0008831,1211,0.0,1211,1
abc0008832,1211,0.0,1211,1
abc0008838,1211,0.0,1211,1
abc0008840,1211,0.0,1210,1
abc0008841,1211,0.0,1210,1
abc0008842,1210,0.0,1210,1
abc0008845,1210,-2115.96,886,1
abc0008848,1210,0.0,1209,1
abc0008850,1210,0.0,1210,1
abc0008857,1210,0.0,1210,1
abc0008858,1210,0.0,1209,1
abc0008862,1209,0.0,1209,1
abc0008864,1209,0.0,1059,1
abc0008865,1209,0.0,1209,1
abc0008867,1209,0.0,1209,1
abc0008872,1209,0.0,1209,1
abc0008876,1208,-6955581.611199998,356,0
abc0008879,1208,-38549.69,981,1
abc0008882,1208,2947.97,1195,1
abc0008883,1208,0.0,1128,1
abc0008884,1208,0.0,1208,1
abc0008886,1208,29.28,1204,1
abc0008887,1208,0.0,1208,1
abc0008889,1208,0.0,1207,1
abc0008890,1208,0.0,1208,1
abc0008891,1208,5.99,1208,1
abc0008894,1208,0.0,1197,1
abc0008900,1208,-29990.88,1204,1
abc0008908,1207,91.02,1149,1
abc0008911,1207,0.0,1204,1
abc0008915,1207,0.0,1206,1
abc0008922,1206,0.0,1205,0
abc0008928,1206,0.0,1206,1
abc0008933,1206,0.0,1206,1
abc0008937,1206,0.0,1206,1
abc0008938,1206,0.0,1191,1
abc0008940,1206,0.0,1109,1
abc0008943,1205,-0.9400000000000002,1081,0
abc0008946,1205,0.0,1205,1
abc0008947,1205,39.02,871,1
abc0008955,1204,-10078.0,960,1
abc0008956,1204,34.68,1204,1
abc0008958,1204,0.0,1179,1
abc0008960,1204,11.37,1200,1
abc0008961,1204,0.0,1204,1
abc0008962,1204,0.0,1204,1
abc0008967,1203,0.0,1203,1
abc0008972,1203,0.0,1203,1
abc0008978,1203,0.0,1203,1
abc0008981,1202,0.0,1202,1
abc0008982,1202,0.0,1202,1
abc0008985,1202,0.0,1202,1
abc0008987,1202,0.0,1201,1
abc0008989,1202,0.0,1202,1
abc0008991,1201,612.41,1201,1
abc0008991,1201,0.0,1201,1
abc0008995,1201,0.0,1200,1
abc0009001,1201,0.0,1184,1
abc0009002,1201,0.0,1201,1
abc0009030,1200,-163.95999999999998,1190,1
abc0009053,1200,3.484,570,1
abc0009076,1199,22.23,947,1
abc0009081,1199,0.0,1199,1
abc0009086,1199,0.0,1199,1
abc0009089,1199,0.0,1094,1
abc0009103,1198,0.0,1198,1
abc0009108,1198,0.0,1198,1
abc0009111,1198,0.0,1151,1
abc0009112,1198,0.0,1185,1
abc0009119,1197,0.0,1197,0
abc0009126,1197,0.0,1193,1
abc0009128,1197,0.0,1197,1
abc0009132,1197,0.0,1196,1
abc0009137,1196,0.0,1196,1
abc0009142,1196,0.0,1148,0
abc0009146,1196,7.0,1196,1
abc0009158,1195,0.32,1195,1
abc0009161,1195,0.0,1195,1
abc0009164,1195,0.0,1190,1
abc0009165,1195,0.0,1189,1
abc0009166,1195,414.68,1167,1
abc0009171,1195,0.0,1195,1
abc0009174,1195,0.0,1195,1
abc0009180,1195,0.0,1190,1
abc0009181,1194,0.0,1193,1
abc0009183,1194,0.0,1193,1
abc0009184,1194,0.0,1194,1
abc0009186,1194,-126.0,1144,1
abc0009200,1194,2.94,1158,1
abc0009206,1194,0.0,1194,1
abc0009211,1194,887.94,444,0
abc0009214,1194,11.24,1182,1
abc0009224,1194,0.0,1194,1
abc0009227,1194,0.0,1194,1
abc0009230,1193,0.0,1193,1
abc0009232,1193,0.0,1192,1
abc0009234,1193,0.0,1193,1
abc0009237,1193,8.0,1184,1
abc0009238,1193,72.34,1112,1
abc0009240,1193,0.0,861,1
abc0009241,1193,2178.73,1192,1
abc0009249,1193,0.39,1193,1
abc0009253,1193,0.0,1193,1
abc0009254,1192,4984.92,1045,1
abc0009255,1192,-899.8292999999999,596,0
abc0009256,1192,55421.07,1098,1
abc0009257,1192,0.0,1192,1
abc0009260,1192,0.0,1192,1
abc0009264,1192,0.0,1192,1
abc0009268,1192,0.0,1191,1
abc0009269,1192,4.0,1192,1
abc0009270,1192,5703.61,1082,1
abc0009271,1192,0.0,1192,1
abc0009272,1192,0.0,1192,1
abc0009273,1192,-126.76,1150,1
abc0009273,1192,19.75,1177,1
abc0009279,1191,-11722.186000000002,473,0
abc0009280,1191,0.0,1180,1
abc0009282,1191,0.0,1191,1
abc0009284,1191,-440.0,1141,1
abc0009287,1191,0.0,1191,1
abc0009288,1191,-442.05,667,1
abc0009291,1191,0.0,1190,1
abc0009305,1191,0.0,1191,1
abc0009306,1191,1.13,1188,1
abc0009308,1190,0.0,1153,1
abc0009316,1190,0.0,1190,1
abc0009317,1190,0.0,1190,1
abc0009330,1188,0.0,1188,1
abc0009336,1188,0.0,1188,1
abc0009338,1188,0.0,1185,1
abc0009344,1188,0.0,1188,1
abc0009345,1187,-41.661,507,0
abc0009349,1187,0.0,1187,0
abc0009352,1187,14.59,1186,1
abc0009353,1187,0.0,1187,1
abc0009354,1187,0.0,1187,1
abc0009355,1187,0.0,1187,1
abc0009358,1187,0.0,1187,1
abc0009375,1186,0.0,1186,1
abc0009376,1186,377.952,777,1
abc0009386,1185,0.0,1185,1
abc0009396,1184,0.0,1182,1
abc0009397,1184,0.0,1184,1
abc0009400,1184,0.0,1184,1
abc0009404,1184,0.0,1184,1
abc0009407,1184,65.0,1038,1
abc0009408,1184,-48087.2746,370,0
abc0009409,1184,0.0,1184,1
abc0009414,1184,0.0,1116,1
abc0009418,1184,0.0,1184,1
abc0009421,1183,-8.14,981,0
abc0009422,1183,-8.99,981,0
abc0009424,1183,0.0,1183,1
abc0009433,1183,0.0,1183,1
abc0009434,1183,-6.48,1169,1
abc0009435,1183,0.0,1182,1
abc0009445,1182,0.0,1181,1
abc0009454,1180,-7360969.218499999,619,0
abc0009455,1180,0.0,1179,1
abc0009458,1180,11.29,1179,1
abc0009459,1180,-606555.4705,358,0
abc0009474,1180,0.0,1180,1
abc0009475,1180,0.0,1180,1
abc0009477,1180,0.0,1179,1
abc0009486,1179,0.0,1177,1
abc0009487,1179,0.0,1179,1
abc0009494,1178,0.0,995,1
abc0009497,1178,-248.0,1090,1
abc0009500,1178,0.0,1178,1
abc0009504,1178,-220.39,1141,1
abc0009505,1177,0.0,1166,1
abc0009511,1177,-1097.2,1074,1
abc0009518,1177,0.0,1177,1
abc0009519,1177,0.0,1163,1
abc0009520,1177,0.0,1177,1
abc0009531,1176,-4823.8092,358,0
abc0009535,1176,0.0,1167,1
abc0009540,1176,60.98,1167,1
abc0009545,1176,0.0,1176,1
abc0009546,1176,0.0,1176,1
abc0009565,1175,0.0,1175,1
abc0009566,1175,41.59,1153,1
abc0009566,1175,0.0,1175,1
abc0009567,1175,0.0,1175,1
abc0009568,1175,1.76,1175,1
abc0009569,1174,0.0,1171,1
abc0009579,1174,0.0,1174,1
abc0009580,1173,0.0,1173,1
abc0009583,1173,0.0,1173,1
abc0009588,1173,0.0,1173,1
abc0009593,1173,0.0,1173,1
abc0009595,1173,0.0,1173,1
abc0009609,1173,0.0,1173,1
abc0009610,1173,0.0,1173,1
abc0009610,1173,0.0,1156,1
abc0009622,1172,0.0,1172,1
abc0009625,1172,0.0,1172,1
abc0009629,1172,0.0,1172,1
abc0009643,1172,0.0,1161,1
abc0009646,1171,0.0,1171,1
abc0009648,1171,0.0,1171,1
abc0009649,1171,7496.89,1057,1
abc0009656,1171,0.0,1171,1
abc0009657,1171,0.0,1170,1
abc0009658,1170,0.0,1170,1
abc0009659,1170,1.05,998,1
abc0009661,1170,0.0,1170,1
abc0009662,1170,0.0,1170,1
abc0009663,1170,0.0,1167,1
abc0009664,1170,-40684.6206,403,0
abc0009666,1170,0.0,1170,1
abc0009667,1170,0.0,1170,1
abc0009670,1170,0.0,1169,1
abc0009671,1170,0.0,1170,1
abc0009678,1170,1389.46,1062,1
abc0009679,1170,-1107.64,1150,1
abc0009685,1169,0.0,1169,1
abc0009686,1169,0.0,1169,1
abc0009689,1169,0.0,1169,1
abc0009692,1169,464.94,1137,1
abc0009693,1169,0.0,1169,1
abc0009699,1168,1421.04,1033,1
abc0009704,1168,40854.69,1004,1
abc0009706,1168,0.0,1168,1
abc0009709,1168,0.0,1168,1
abc0009712,1167,0.0,1166,1
abc0009714,1167,0.0,1166,1
abc0009717,1167,0.0,1118,1
abc0009724,1167,0.0,1167,1
abc0009726,1167,124.9,1044,1
abc0009727,1167,0.0,1167,1
abc0009729,1167,-752.67,1149,1
abc0009737,1166,-604990.6198,367,0
abc0009740,1166,61.99,940,1
abc0009742,1166,-14726.0161,603,0
abc0009743,1166,-1440222.746,359,0
abc0009749,1166,0.0,1166,1
abc0009752,1166,17.01,1164,1
abc0009752,1166,289.93,1010,1
abc0009754,1166,0.0,1166,1
abc0009757,1166,0.0,1166,1
abc0009759,1166,0.0,1165,1
abc0009762,1165,0.0,1165,1
abc0009765,1165,0.0,858,1
abc0009771,1165,-155.2703,470,0
abc0009773,1165,-116978.36,863,1
abc0009781,1165,1405.48,1138,1
abc0009785,1165,0.0,1165,1
abc0009791,1165,0.0,1164,1
abc0009796,1164,-4100.889999999999,975,1
abc0009796,1164,-718.1400000000001,1071,1
abc0009798,1164,0.0,1164,1
abc0009801,1164,0.0,1164,1
abc0009805,1164,0.0,1164,1
abc0009806,1164,-1436.9518999999998,358,0
abc0009821,1164,0.0,1163,1
abc0009823,1163,0.0,1163,1
abc0009826,1163,128.79,1153,1
abc0009830,1163,14.97,1163,1
abc0009832,1163,1954.9,1120,1
abc0009834,1163,0.0,1162,1
abc0009838,1163,0.0,1163,1
abc0009841,1163,0.0,1163,1
abc0009845,1163,0.0,1162,1
abc0009846,1163,0.0,1162,1
abc0009849,1162,12.11,1161,1
abc0009854,1162,0.0,1151,1
abc0009857,1162,0.0,1162,1
abc0009860,1162,-1383542.6191999998,367,0
abc0009867,1162,0.0,1162,1
abc0009873,1162,0.0,1162,1
abc0009886,1161,0.0,1158,1
abc0009887,1161,0.0,1161,1
abc0009887,1161,0.0,1160,1
abc0009893,1160,0.0,1160,1
abc0009903,1160,0.0,1160,1
abc0009904,1160,-8525.169999999998,715,1
abc0009906,1160,0.0,1160,1
abc0009911,1159,0.0,1136,1
abc0009919,1159,6.26,1145,1
abc0009920,1159,-9316.9125,715,0
abc0009923,1158,-150000.0,1029,1
abc0009931,1158,0.0,793,1
abc0009939,1158,0.0,1158,1
abc0009941,1158,65.05,1101,1
abc0009945,1158,0.0,1157,1
abc0009946,1157,0.0,1094,0
abc0009949,1157,0.0,1157,1
abc0009951,1157,0.0,1155,1
abc0009953,1157,-57500.0,976,0
abc0009956,1157,0.0,1157,1
abc0009963,1157,0.0,1157,1
abc0009965,1157,21.24,1155,1
abc0009970,1157,0.0,1066,1
abc0009972,1157,0.0,1157,1
abc0009975,1157,0.0,1157,1
abc0009985,1156,0.0,1156,0
abc0009990,1156,1.0,1089,0
abc0009990,1156,0.0,1152,0
abc0009993,1156,0.0,1156,1
abc0010001,1156,0.0,1145,1
abc0010012,1155,0.0,1155,1
abc0010013,1155,0.0,1155,1
abc0010017,1155,0.0,1155,1
abc0010027,1154,0.0,1124,1
abc0010028,1154,0.0,1154,1
abc0010030,1154,0.0,1154,1
abc0010039,1154,0.0,1154,1
abc0010052,1153,0.4,1153,1
abc0010055,1153,0.0,1153,1
abc0010057,1153,0.0,1153,1
abc0010076,1152,0.0,1151,1
abc0010080,1152,0.0,1152,1
abc0010081,1152,1.0,1152,1
abc0010086,1151,0.0,1151,1
abc0010089,1151,11.0,1121,0
abc0010098,1151,50.33,1150,1
abc0010098,1151,-72.85840000000002,676,1
abc0010099,1151,0.0,1140,1
abc0010110,1150,-11885548.2637,599,0
abc0010111,1150,0.0,1149,0
abc0010113,1150,-43897.9946,854,1
abc0010115,1150,1087.0775,847,1
abc0010116,1150,0.0,1150,1
abc0010124,1150,0.0,1150,1
abc0010126,1150,0.0,1148,1
abc0010136,1150,148.38,879,0
abc0010138,1150,-244933.15,1082,1
abc0010140,1149,-201937.5,1017,0
abc0010141,1149,-870172.5516,773,0
abc0010142,1149,23.88,1147,1
abc0010147,1149,0.0,1149,1
abc0010149,1149,0.0,1148,1
abc0010154,1149,0.0,1121,1
abc0010156,1149,0.0,1136,1
abc0010164,1148,0.0,1148,1
abc0010167,1148,0.66,1122,1
abc0010169,1148,0.0,1148,1
abc0010170,1148,72.5,1041,1
abc0010175,1148,0.0,1148,1
abc0010176,1148,0.0,1127,1
abc0010177,1148,9.99,1148,1
abc0010180,1148,0.0,1148,1
abc0010181,1148,0.0,1148,1
abc0010182,1148,0.0,1148,1
abc0010184,1147,0.0,1147,1
abc0010195,1147,0.0,1147,1
abc0010198,1146,0.0,1146,1
abc0010203,1146,0.0,1146,1
abc0010206,1146,0.0,1145,1
abc0010211,1146,2.37,1145,1
abc0010212,1146,0.0,1146,1
abc0010218,1146,0.0,1146,1
abc0010221,1145,2130.37,941,1
abc0010222,1145,0.0,985,1
abc0010225,1145,0.0,1095,1
abc0010234,1145,0.0,1087,1
abc0010239,1145,0.0,1145,1
abc0010240,1145,1299.32,1041,1
abc0010241,1145,535.16,1059,1
abc0010244,1145,0.0,1144,1
abc0010245,1144,-14869153.1145,465,0
abc0010249,1144,0.0,1123,1
abc0010254,1144,-157212.5079,486,0
abc0010257,1144,0.0,1144,1
abc0010266,1144,0.0,1144,1
abc0010270,1144,0.0,1143,1
abc0010271,1144,0.0,1144,1
abc0010272,1143,0.0,1143,1
abc0010272,1143,0.0,1143,1
abc0010274,1143,0.0,1114,0
abc0010276,1143,0.0,1143,1
abc0010278,1143,-573019.7507000001,357,0
abc0010285,1143,0.0,1079,0
abc0010286,1143,-31254627.6434,450,0
abc0010298,1142,0.0,1142,1
abc0010299,1142,0.0,1142,1
abc0010307,1142,0.0,1142,1
abc0010311,1142,869.0,1080,1
abc0010317,1142,104.94,1142,1
abc0010328,1141,0.0,1093,1
abc0010332,1141,0.0,1141,1
abc0010337,1141,0.0,1141,1
abc0010344,1140,0.0,1140,1
abc0010348,1140,0.0,1139,1
abc0010366,1140,168.99,1119,1
abc0010367,1140,0.0,1140,1
abc0010369,1140,0.0,1140,1
abc0010373,1139,0.0,1109,1
abc0010375,1139,0.0,1082,1
abc0010385,1139,0.0,1139,1
abc0010392,1138,0.0,1138,1
abc0010400,1138,0.0,1137,0
abc0010414,1138,0.0,1137,1
abc0010416,1137,-1346.0,1074,0
abc0010417,1137,-98063.0538,578,0
abc0010419,1137,0.0,1079,1
abc0010420,1137,-1.0,1137,1
abc0010434,1137,0.0,1134,1
abc0010435,1137,0.0,1137,1
abc0010436,1137,0.0,1137,1
abc0010440,1137,0.0,1132,1
abc0010443,1136,0.0,1136,1
abc0010447,1136,0.0,1136,1
abc0010451,1136,0.0,1136,1
abc0010462,1136,0.0,1134,1
abc0010472,1136,0.0,1136,1
abc0010474,1136,0.0,1135,0
abc0010483,1135,30.14,1038,1
abc0010492,1135,0.0,1135,1
abc0010494,1135,0.0,1135,1
abc0010505,1134,0.0,1131,1
abc0010515,1133,0.0,1100,1
abc0010518,1133,0.0,1133,1
abc0010521,1133,0.0,1133,1
abc0010522,1133,3.3200000000000003,1132,1
abc0010524,1133,0.0,1133,1
abc0010525,1133,0.0,1130,1
abc0010528,1133,0.0,1133,1
abc0010529,1133,0.0,1133,1
abc0010532,1132,0.0,1132,1
abc0010535,1132,0.0,1132,1
abc0010537,1132,0.0,1132,1
abc0010538,1132,0.0,1132,1
abc0010539,1132,0.0,1132,1
abc0010542,1132,0.0,1132,1
abc0010545,1131,31.99,1054,1
abc0010546,1131,0.0,1131,1
abc0010552,1131,0.0,1131,1
abc0010555,1131,0.0,1129,1
abc0010557,1131,-5465888.419399999,356,0
abc0010559,1131,0.0,1058,1
abc0010560,1131,0.0,1131,1
abc0010564,1131,0.0,1125,1
abc0010565,1131,0.0,1131,1
abc0010574,1130,285.0016,726,1
abc0010575,1130,-1000.0,1087,1
abc0010581,1130,-25000.0,1124,1
abc0010582,1130,-2.0,1121,1
abc0010583,1130,0.0,1094,1
abc0010587,1130,2.35,1130,1
abc0010592,1130,0.0,1130,1
abc0010598,1130,0.0,1130,1
abc0010607,1130,0.0,1130,1
abc0010609,1129,0.0,1129,1
abc0010611,1129,0.0,1129,1
abc0010612,1129,0.0,1129,1
abc0010617,1129,0.0,1129,1
abc0010620,1129,0.0,1129,1
abc0010621,1129,0.0,1128,1
abc0010631,1129,0.0,1128,1
abc0010633,1128,0.0,1128,1
abc0010634,1128,0.0,1128,1
abc0010637,1128,0.0,1128,1
abc0010643,1128,119.99,1122,1
abc0010659,1128,0.0,1128,1
abc0010665,1127,0.0,1127,1
abc0010672,1127,0.0,988,1
abc0010678,1127,0.0,1127,1
abc0010680,1127,0.0,1121,1
abc0010683,1127,0.0,1127,1
abc0010690,1126,0.0,1126,1
abc0010691,1126,16.97,1098,1
abc0010695,1126,0.0,1126,1
abc0010698,1126,0.0,1126,1
abc0010703,1126,0.0,1124,1
abc0010704,1126,0.0,1126,1
abc0010705,1126,0.0,896,1
abc0010706,1125,0.0,1125,1
abc0010711,1125,0.0,1125,1
abc0010713,1125,0.0,1125,1
abc0010714,1125,0.0,1125,1
abc0010717,1125,0.0,1124,1
abc0010719,1125,0.0,1112,1
abc0010721,1124,0.0,1124,1
abc0010730,1124,0.0,1124,1
abc0010731,1124,0.0,1124,1
abc0010732,1124,0.0,1124,1
abc0010733,1124,-10226.21,715,1
abc0010735,1124,9.95,1123,1
abc0010738,1124,0.0,1021,1
abc0010742,1124,0.0,1124,1
abc0010746,1124,0.0,1123,1
abc0010747,1124,0.0,1123,1
abc0010749,1124,8.120000000000001,1116,1
abc0010755,1123,0.0,1099,1
abc0010756,1123,0.0,1123,1
abc0010757,1123,-180277.1165,360,0
abc0010758,1123,0.0,1123,1
abc0010759,1123,0.0,1123,1
abc0010762,1123,1731.59,903,1
abc0010765,1123,18.989999999999995,1099,1
abc0010767,1123,0.0,1121,1
abc0010768,1123,0.0,1123,1
abc0010770,1123,0.0,1123,1
abc0010771,1123,0.0,1067,1
abc0010772,1123,0.0,1122,1
abc0010777,1123,0.0,1123,1
abc0010784,1122,0.0,1114,1
abc0010785,1122,0.0,1008,0
abc0010805,1122,0.0,1122,1
abc0010806,1122,0.0,1122,1
abc0010808,1122,0.0,1108,1
abc0010811,1122,0.0,1122,1
abc0010816,1121,0.0,1121,1
abc0010821,1121,0.0,1121,1
abc0010823,1121,0.0,1121,1
abc0010824,1121,0.0,1121,1
abc0010827,1121,436.08,1041,1
abc0010830,1121,0.0,977,1
abc0010832,1121,0.0,1121,1
abc0010835,1121,0.0,1121,1
abc0010841,1121,0.0,1120,0
abc0010843,1121,-3.6,1103,1
abc0010846,1120,6.1,1038,1
abc0010846,1120,0.0,1102,1
abc0010847,1120,0.0,1120,1
abc0010848,1120,0.0,1120,1
abc0010850,1120,0.0,1120,1
abc0010851,1120,0.0,1120,1
abc0010852,1120,0.0,1120,1
abc0010853,1120,0.0,1120,1
abc0010856,1120,0.0,1120,1
abc0010861,1120,0.0,1120,1
abc0010863,1120,0.0,1120,1
abc0010866,1120,0.0,1120,1
abc0010867,1120,105.01,1119,1
abc0010876,1119,0.0,1119,1
abc0010877,1119,0.0,1119,1
abc0010882,1119,0.0,1117,1
abc0010889,1118,0.0,1118,1
abc0010892,1118,0.0,1118,1
abc0010895,1118,0.0,1118,1
abc0010907,1117,0.0,1117,1
abc0010909,1117,9.84,997,1
abc0010910,1117,1.0,1002,1
abc0010912,1117,0.0,1057,1
abc0010916,1117,0.0,1117,1
abc0010917,1117,0.0,1116,1
abc0010918,1117,0.0,1117,1
abc0010920,1117,0.0,1117,1
abc0010921,1117,0.0,1038,1
abc0010923,1117,0.0,1117,1
abc0010927,1117,0.0,1117,1
abc0010928,1117,0.0,1117,1
abc0010931,1117,0.0,1117,1
abc0010943,1117,0.0,1117,1
abc0010945,1117,0.0,1115,1
abc0010946,1117,0.0,885,1
abc0010953,1116,0.0,1116,1
abc0010957,1116,0.0,1116,1
abc0010967,1116,0.0,1116,1
abc0010975,1116,0.0,888,1
abc0010983,1116,1114.49,1091,1
abc0011078,1115,0.0,1115,1
abc0011082,1115,0.0,851,1
abc0011083,1115,0.0,1115,1
abc0011090,1115,0.0,1111,1
abc0011091,1115,-441.7861000000001,689,1
abc0011092,1115,0.0,1115,1
abc0011095,1114,-35000.0,1082,1
abc0011112,1113,-4562.31,715,1
abc0011121,1113,0.0,1113,1
abc0011122,1113,0.0,1113,1
abc0011124,1113,0.0,1113,1
abc0011132,1113,0.0,1113,1
abc0011133,1113,0.0,1113,1
abc0011135,1112,0.0,1112,1
abc0011136,1112,0.0,1110,1
abc0011141,1112,0.0,1112,1
abc0011144,1112,0.0,1112,1
abc0011254,1112,0.0,1111,1
abc0011261,1111,0.0,1111,1
abc0011278,1110,-247334.7275,362,0
abc0011289,1110,0.0,1110,1
abc0011290,1110,0.0,1110,1
abc0011293,1110,0.0,1110,1
abc0011296,1110,-172.96000000000004,1030,1
abc0011297,1110,0.0,1110,1
abc0011304,1110,0.0,1109,1
abc0011307,1109,0.0,1109,1
abc0011310,1109,0.0,1109,1
abc0011316,1109,-7.0,834,0
abc0011317,1109,0.0,1109,1
abc0011318,1109,0.0,855,0
abc0011325,1109,0.0,1109,1
abc0011332,1109,0.0,1109,1
abc0011342,1109,0.0,1109,1
abc0011343,1109,0.0,1109,1
abc0011357,1108,0.0,1108,1
abc0011359,1108,0.0,1108,1
abc0011360,1108,-229565.76060000004,533,0
abc0011366,1108,0.0,1100,1
abc0011373,1108,0.0,1108,1
abc0011377,1108,0.0,1108,1
abc0011379,1108,28.96,1100,1
abc0011382,1107,0.0,1105,1
abc0011383,1107,-4873042.089999999,357,0
abc0011384,1107,-73337935.54,357,0
abc0011387,1107,0.0,1107,1
abc0011396,1107,0.0,1107,1
abc0011398,1107,-277018.0168000001,372,0
abc0011400,1107,0.0,1107,1
abc0011402,1107,0.0,876,1
abc0011407,1107,-618559.0366999999,356,0
abc0011410,1107,0.0,881,1
abc0011413,1107,0.73,1103,1
abc0011417,1106,-10033.5423,742,0
abc0011425,1106,0.0,1100,1
abc0011428,1106,20.73,1040,1
abc0011431,1106,0.0,1105,1
abc0011434,1106,0.0,1106,1
abc0011437,1106,0.0,1106,1
abc0011444,1105,0.0,1105,1
abc0011446,1105,0.0,1105,1
abc0011447,1105,0.0,1105,1
abc0011451,1105,0.0,1105,1
abc0011458,1105,0.0,1105,1
abc0011461,1104,0.0,1104,1
abc0011465,1104,0.0,1104,1
abc0011468,1104,0.0,1104,1
abc0011470,1104,0.0,1104,1
abc0011479,1104,0.0,1104,1
abc0011481,1104,0.0,1075,1
abc0011484,1104,0.0,1102,1
abc0011488,1103,0.0,1103,1
abc0011491,1103,0.0,1103,1
abc0011492,1103,0.0,1103,1
abc0011495,1103,1087.3373,367,0
abc0011498,1103,-325.0,1069,1
abc0011509,1103,0.0,1103,1
abc0011510,1103,0.0,1103,1
abc0011519,1103,520.1899999999999,974,1
abc0011522,1103,0.0,1103,1
abc0011530,1103,2.0,1102,1
abc0011537,1102,0.0,1102,1
abc0011540,1102,24.0,1014,1
abc0011546,1102,0.0,1102,1
abc0011550,1102,0.0,1102,1
abc0011553,1102,-11029.2437,406,0
abc0011563,1102,0.0,1102,1
abc0011565,1102,-10.0,855,1
abc0011570,1101,0.0,1098,1
abc0011596,1101,1146005.368,528,1
abc0011617,1101,0.0,1087,1
abc0011623,1100,0.0,1095,1
abc0011638,1100,0.0,1095,1
abc0011655,1100,-944632.37,356,0
abc0011659,1100,0.0,1100,1
abc0011660,1100,0.0,1100,1
abc0011681,1100,0.0,1100,1
abc0011691,1100,-268224.81,715,1
abc0011699,1099,0.0,1099,1
abc0011704,1099,0.0,1099,1
abc0011708,1099,0.0,1096,1
abc0011717,1099,0.0,1099,1
abc0011719,1099,0.0,1087,1
abc0011722,1099,-1121.6963,841,1
abc0011723,1099,0.0,1099,1
abc0011728,1099,10.99,1098,1
abc0011729,1099,0.0,1098,1
abc0011734,1098,0.0,1098,1
abc0011739,1098,0.0,1096,1
abc0011745,1098,0.0,1098,1
abc0011778,1097,0.0,1097,1
abc0011778,1097,1.03,1096,1
abc0011786,1097,0.0,1097,1
abc0011787,1097,0.0,1097,1
abc0011789,1097,0.0,1097,1
abc0011791,1097,0.0,1097,1
abc0011803,1097,0.0,1097,1
abc0011809,1096,0.0,1096,1
abc0011813,1096,0.0,1096,1
abc0011826,1096,0.0,1096,1
abc0011828,1096,0.0,1096,1
abc0011835,1096,0.0,1096,1
abc0011842,1096,-11051.31,715,1
abc0011844,1096,0.0,1095,1
abc0011846,1096,0.0,1095,1
abc0011848,1096,0.0,1096,1
abc0011850,1095,0.0,1095,1
abc0011853,1095,-739.49,710,1
abc0011861,1095,0.0,1095,1
abc0011863,1095,0.0,1095,1
abc0011876,1095,0.0,1095,1
abc0011880,1095,0.0,739,1
abc0011881,1095,0.0,1095,1
abc0011885,1095,0.0,1094,0
abc0011886,1095,0.0,1094,0
abc0011889,1094,0.0,1002,1
abc0011893,1094,-1997357.2847,357,0
abc0011896,1094,0.0,1093,0
abc0011897,1094,0.0,739,1
abc0011898,1094,0.0,1092,1
abc0011902,1094,0.0,1094,1
abc0011903,1094,-14657.384,389,0
abc0011906,1094,0.0,1094,1
abc0011912,1094,0.0,1094,1
abc0011916,1094,-248.0,843,1
abc0011927,1094,35.0,1094,1
abc0011928,1094,10.0,1083,1
abc0011929,1094,0.0,1094,1
abc0011930,1093,0.0,1093,1
abc0011936,1093,0.0,1093,1
abc0011938,1093,0.0,1093,1
abc0011941,1093,-104522.9318,389,0
abc0011943,1093,0.0,1093,1
abc0011956,1093,0.0,1061,0
abc0011979,1093,0.0,1093,1
abc0011984,1092,0.0,1082,1
abc0011985,1092,-1179.81,1012,1
abc0011997,1092,-217726.67120000004,731,0
abc0012000,1092,239.82,1029,1
abc0012001,1092,0.0,1092,1
abc0012005,1092,-1300.0,1087,1
abc0012006,1092,0.0,1092,1
abc0012008,1092,0.0,1092,1
abc0012013,1092,4.15,1086,1
abc0012014,1092,0.0,1091,1
abc0012017,1091,0.0,1091,1
abc0012020,1091,0.0,1090,1
abc0012022,1091,0.0,1091,1
abc0012024,1091,0.0,1091,1
abc0012036,1091,0.0,1091,1
abc0012051,1090,0.0,1090,1
abc0012052,1090,0.0,1090,1
abc0012053,1090,-8405337.702499999,357,0
abc0012065,1089,0.0,1089,1
abc0012071,1089,0.0,1088,1
abc0012077,1089,-62.0,445,1
abc0012078,1089,0.0,1089,1
abc0012080,1089,-1068.87,948,1
abc0012086,1089,0.0,1089,1
abc0012090,1089,-4082.92,763,1
abc0012100,1089,0.0,1089,1
abc0012104,1088,0.0,1086,1
abc0012109,1088,0.0,1088,1
abc0012113,1088,0.0,1088,1
abc0012115,1088,0.0,1088,1
abc0012120,1088,0.0,1088,1
abc0012129,1088,0.0,1088,1
abc0012130,1088,0.0,1088,1
abc0012131,1088,0.0,1088,1
abc0012132,1088,0.0,1088,1
abc0012133,1088,0.0,1088,1
abc0012136,1088,0.0,1088,1
abc0012140,1087,0.0,1087,1
abc0012152,1087,0.0,1087,1
abc0012160,1087,0.0,1087,1
abc0012161,1087,0.0,1087,1
abc0012167,1087,19.84,797,1
abc0012168,1087,0.0,1087,1
abc0012169,1087,10.0,1085,1
abc0012179,1087,0.0,1086,1
abc0012181,1086,0.0,1086,1
abc0012186,1086,0.0,1086,1
abc0012187,1086,-120825.2087,356,0
abc0012190,1086,0.0,1086,1
abc0012191,1086,-2008.0,1067,1
abc0012193,1086,0.0,1086,1
abc0012207,1085,0.0,1085,1
abc0012210,1085,31.0403,569,0
abc0012215,1085,-1029.6,1038,1
abc0012217,1085,10.0,1085,1
abc0012219,1085,0.0,1085,1
abc0012227,1085,0.0,1085,1
abc0012229,1085,0.0,1085,1
abc0012234,1085,0.0,1085,1
abc0012235,1085,0.0,1085,1
abc0012237,1085,0.0,1085,1
abc0012253,1084,0.0,1084,1
abc0012256,1084,0.0,1082,1
abc0012259,1084,0.0,1084,1
abc0012262,1083,0.0,1083,1
abc0012264,1083,32.47,1065,1
abc0012270,1083,0.0,1083,1
abc0012273,1083,0.0,1083,1
abc0012299,1082,0.0,1082,1
abc0012302,1082,59.0,1036,1
abc0012307,1082,0.0,1082,1
abc0012308,1082,0.0,1081,1
abc0012310,1082,0.0,1082,1
abc0012317,1082,33.0,1077,1
abc0012318,1082,0.0,1082,1
abc0012322,1082,0.0,1081,1
abc0012324,1081,0.0,1081,1
abc0012326,1081,0.0,1081,1
abc0012328,1081,-7706322.4364,379,0
abc0012329,1081,-109628384.44500002,356,0
abc0012330,1081,-236178.72000000003,809,1
abc0012331,1081,0.0,1032,1
abc0012332,1081,0.0,1050,0
abc0012343,1081,0.0,1065,1
abc0012348,1081,0.0,1081,1
abc0012357,1081,0.0,1081,1
abc0012358,1081,0.0,1080,1
abc0012360,1081,0.0,1081,1
abc0012363,1081,0.0,1080,1
abc0012365,1080,1.09,1080,1
abc0012366,1080,5.8,1046,1
abc0012369,1080,35.33,1042,1
abc0012373,1080,0.0,1080,1
abc0012381,1080,566.15,1055,1
abc0012383,1080,0.0,1080,1
abc0012387,1080,0.0,1080,1
abc0012395,1080,0.0,1069,1
abc0012402,1079,-68235.135,359,0
abc0012406,1079,-1265.85,906,1
abc0012419,1079,1.0,1079,1
abc0012424,1079,-1058374.1700000002,908,0
abc0012425,1079,0.0,1079,1
abc0012427,1079,2976.0,1052,1
abc0012428,1079,-3298332.7120000003,356,0
abc0012429,1079,0.0,1079,1
abc0012436,1079,0.0,1079,1
abc0012441,1079,0.0,1077,1
abc0012442,1079,0.0,1076,1
abc0012445,1078,0.0,1078,1
abc0012447,1078,0.0,1078,1
abc0012450,1078,0.0,926,1
abc0012475,1077,0.0,1077,1
abc0012477,1077,0.01,1076,1
abc0012484,1077,0.0,1077,1
abc0012514,1075,0.0,1071,1
abc0012515,1075,0.0,1074,1
abc0012520,1075,0.0,1075,1
abc0012524,1075,0.0,1075,1
abc0012526,1075,50.58,1072,1
abc0012530,1075,0.0,1075,1
abc0012535,1075,64.12,871,1
abc0012536,1075,0.0,1075,1
abc0012537,1075,0.0,1075,1
abc0012540,1075,0.0,1075,1
abc0012541,1075,1.0,1075,1
abc0012542,1075,0.0,1075,1
abc0012547,1075,0.0,1075,1
abc0012555,1074,0.0,1008,1
abc0012567,1074,0.0,1001,1
abc0012571,1074,0.0,1065,1
abc0012576,1074,0.0,1074,1
abc0012577,1074,0.0,1074,1
abc0012580,1074,0.0,1074,1
abc0012588,1073,2.0,1061,1
abc0012599,1073,0.0,925,1
abc0012606,1073,0.0,1065,1
abc0012608,1073,0.0,1073,1
abc0012623,1072,0.0,1072,1
abc0012631,1072,300.0,1049,1
abc0012638,1071,0.0,1045,1
abc0012640,1071,0.0,708,1
abc0012644,1071,0.0,1071,1
abc0012645,1071,0.0,1071,1
abc0012653,1071,0.0,1071,1
abc0012655,1071,0.0,1071,1
abc0012659,1071,0.0,1071,1
abc0012660,1071,0.0,1071,1
abc0012668,1071,88.96,1070,1
abc0012685,1070,0.0,1070,1
abc0012698,1069,0.0,1069,1
abc0012702,1069,0.0,1066,1
abc0012704,1069,0.0,1069,1
abc0012707,1069,-132.3949,410,1
abc0012708,1069,0.0,1069,1
abc0012720,1068,39.6868,820,0
abc0012726,1068,0.0,1068,1
abc0012743,1068,0.0,1068,1
abc0012753,1067,0.0,1065,1
abc0012760,1067,0.0,995,0
abc0012764,1067,0.0,1067,1
abc0012769,1067,0.0,1067,1
abc0012774,1067,0.0,1063,1
abc0012776,1067,0.0,1067,1
abc0012789,1066,0.0,1063,1
abc0012790,1066,0.0,1066,1
abc0012793,1066,-26.45,1019,1
abc0012794,1066,-7.49,1003,1
abc0012795,1066,-134.41,896,1
abc0012798,1066,0.0,1066,1
abc0012802,1066,0.0,1066,1
abc0012805,1066,2.34,1066,1
abc0012825,1065,-5000.0,1045,1
abc0012833,1065,-1033164.98,357,0
abc0012835,1065,-213907.9018,648,0
abc0012836,1065,-69437.4012,547,0
abc0012837,1065,-909945.1563,432,0
abc0012842,1065,0.0,995,1
abc0012843,1065,0.0,998,1
abc0012857,1065,0.0,1065,1
abc0012862,1065,0.0,1064,1
abc0012863,1065,0.0,1065,1
abc0012874,1064,0.0,1063,1
abc0012878,1064,0.0,1064,1
abc0012884,1064,0.0,1064,1
abc0012885,1064,0.0,1064,1
abc0012886,1064,0.0,1064,1
abc0012890,1064,5.0,1064,1
abc0012900,1064,0.0,1064,1
abc0012905,1063,2.0,1008,1
abc0012909,1063,0.9500000000000002,577,0
abc0012911,1063,10.05,1058,1
abc0012915,1063,0.0,1063,1
abc0012917,1063,0.0,1063,1
abc0012937,1062,0.0,1062,1
abc0012942,1062,0.0,1061,1
abc0012947,1062,0.0,1062,1
abc0012953,1061,-0.6310000000000016,371,0
abc0012961,1061,0.0,1061,1
abc0012968,1061,985.65,985,1
abc0012973,1061,1.29,1017,1
abc0012974,1061,-96.28,938,1
abc0012990,1061,1.3,1059,1
abc0012992,1061,29.0,1057,1
abc0012993,1061,15.17,1060,1
abc0013003,1060,149.0,927,1
abc0013011,1060,0.0,1060,1
abc0013034,1060,0.0,1060,1
abc0013035,1060,0.0,1060,1
abc0013039,1060,-247.24,1059,1
abc0013044,1059,0.5026000000000002,415,0
abc0013047,1059,0.992,786,0
abc0013057,1059,-5000.0,1005,1
abc0013058,1059,-5000.0,970,1
abc0013059,1059,0.0,1059,1
abc0013060,1059,0.0,1059,1
abc0013069,1059,0.0,1057,1
abc0013071,1059,19260.3899,399,0
abc0013073,1059,0.0,1058,1
abc0013078,1059,0.0,1051,1
abc0013101,1058,0.0,1058,1
abc0013102,1058,0.0,1035,1
abc0013109,1058,-1465809.2351,356,0
abc0013118,1058,0.0,1058,1
abc0013134,1058,0.0,1023,1
abc0013143,1057,0.0,1057,1
abc0013144,1057,0.0,1050,1
abc0013150,1057,-10355.71,998,0
abc0013151,1057,0.0,1057,1
abc0013162,1057,0.0,1057,1
abc0013171,1056,0.0,1054,1
abc0013183,1056,0.0,1054,1
abc0013192,1055,0.0,1054,1
abc0013197,1055,0.0,1054,1
abc0013202,1055,0.0,1055,1
abc0013211,1055,0.0,1054,1
abc0013219,1054,0.0,1054,1
abc0013225,1054,0.0,1054,1
abc0013229,1054,-62557.2559,356,0
abc0013230,1054,0.0,1052,1
abc0013243,1054,0.0,1054,1
abc0013244,1054,0.0,1048,1
abc0013250,1054,2.0,1047,1
abc0013259,1053,-1180.6175999999998,732,0
abc0013266,1053,0.0,1053,1
abc0013267,1053,1.25,1052,1
abc0013269,1053,0.0,1053,1
abc0013272,1053,0.0,1053,1
abc0013273,1053,-986.68,1039,1
abc0013280,1053,-242539.01,360,0
abc0013285,1053,0.0,1053,1
abc0013287,1053,4.99,1051,1
abc0013294,1052,0.0,1052,1
abc0013296,1052,0.0,1052,1
abc0013301,1052,0.0,1052,1
abc0013302,1052,0.0,1052,1
abc0013312,1052,0.0,1052,1
abc0013321,1051,0.0,1045,1
abc0013324,1051,-676.55,973,1
abc0013325,1051,0.0,1051,1
abc0013328,1051,-1115220.4263000002,368,0
abc0013333,1051,0.0,1051,1
abc0013335,1051,57.45,901,1
abc0013337,1051,0.0,1051,1
abc0013353,1050,0.0,1050,1
abc0013360,1050,0.0,1050,1
abc0013371,1050,0.0,1050,1
abc0013396,1048,-38384.02,841,1
abc0013401,1048,0.0,1048,1
abc0013403,1048,0.0,844,1
abc0013418,1047,0.0,1018,0
abc0013421,1047,0.0,1047,1
abc0013424,1047,-126.1978,674,1
abc0013433,1047,0.0,1047,1
abc0013435,1046,0.0,998,1
abc0013442,1046,0.0,1046,1
abc0013449,1046,0.0,1046,1
abc0013453,1046,10.0,1045,1
abc0013469,1046,77.0,1043,1
abc0013472,1046,0.0,1046,1
abc0013476,1045,0.0,1045,1
abc0013477,1045,-381.01,674,1
abc0013478,1045,0.0,1000,1
abc0013484,1045,1.0,1045,1
abc0013486,1045,0.0,1044,1
abc0013488,1045,2.89,1039,1
abc0013490,1045,1.5,1045,1
abc0013493,1045,0.0,736,1
abc0013494,1045,-14316328.884400005,356,0
abc0013507,1045,0.0,1044,1
abc0013520,1045,0.0,1045,1
abc0013523,1044,0.0,1038,1
abc0013527,1044,3.5215,858,0
abc0013530,1044,-9335.6298,358,0
abc0013532,1044,-3186497.3419000003,356,0
abc0013533,1044,-3055.1914,529,0
abc0013534,1044,-16798.3593,359,0
abc0013535,1044,-3309781.776,356,0
abc0013537,1044,0.0,1039,0
abc0013544,1044,0.0,997,1
abc0013550,1044,0.0,1044,1
abc0013552,1044,0.0,1044,1
abc0013553,1044,0.0,1001,1
abc0013555,1044,0.0,1044,1
abc0013559,1043,-4281.7300000000005,619,1
abc0013572,1043,0.0,1043,1
abc0013574,1043,0.0,1043,1
abc0013598,1042,-7230.014600000001,361,0
abc0013612,1042,0.0,1042,1
abc0013614,1042,4.97,1042,1
abc0013626,1041,0.0,1041,1
abc0013641,1041,-35.1,1040,1
abc0013652,1040,0.0,1040,1
abc0013655,1040,0.0,1040,1
abc0013657,1040,-2.6,967,1
abc0013663,1040,0.0,1040,1
abc0013669,1040,0.0,1040,1
abc0013671,1040,0.0,1040,1
abc0013672,1040,-2373.1668000000004,358,0
abc0013674,1040,0.0,1040,1
abc0013677,1039,12.12,1036,0
abc0013683,1039,-2550.0,925,1
abc0013687,1039,0.0,1039,1
abc0013688,1039,0.0,1039,1
abc0013693,1039,0.0,960,1
abc0013694,1039,0.0,1031,1
abc0013705,1039,0.0,1039,1
abc0013708,1039,0.0,1038,1
abc0013712,1038,0.0,1038,0
abc0013716,1038,0.0,998,0
abc0013726,1038,0.0,1038,1
abc0013731,1038,0.0,1038,1
abc0013737,1038,0.0,1038,1
abc0013739,1038,0.0,1009,1
abc0013746,1037,0.0,1037,1
abc0013748,1037,2.6288,746,1
abc0013751,1037,-2741319.7135999994,356,0
abc0013760,1037,1054.0,912,1
abc0013769,1037,0.0,1037,1
abc0013773,1037,0.0,1036,1
abc0013775,1036,-121000.0,988,1
abc0013779,1036,0.0,1036,1
abc0013783,1036,0.0,1036,1
abc0013795,1036,0.0,1036,1
abc0013799,1036,0.0,1035,1
abc0013807,1036,0.0,1036,1
abc0013811,1035,0.0,1009,1
abc0013814,1035,0.0,1035,1
abc0013817,1035,0.0,1007,1
abc0013820,1035,0.0,1035,1
abc0013821,1035,0.0,1035,1
abc0013838,1034,1.08,1034,1
abc0013841,1034,0.0,1033,1
abc0013847,1034,0.0,1034,1
abc0013849,1034,0.0,1034,1
abc0013851,1034,0.0,1033,1
abc0013858,1033,0.0,1033,1
abc0013865,1033,0.0,1033,1
abc0013871,1033,0.0,1033,1
abc0013872,1033,-3593.8338,690,0
abc0013888,1032,-1456786.7066000002,357,0
abc0013899,1032,-151853.9012,357,0
abc0013900,1032,0.0,1031,0
abc0013901,1032,-570149.591,356,0
abc0013903,1032,-14676.329999999998,357,0
abc0013904,1031,0.0,1031,1
abc0013908,1031,0.0,1031,1
abc0013914,1031,0.0,1029,1
abc0013927,1031,0.0,1031,1
abc0013928,1031,0.0,1031,1
abc0013932,1031,0.0,1031,1
abc0013935,1031,0.0,1031,0
abc0013938,1031,1.0,1027,1
abc0013941,1030,0.0,1019,1
abc0013942,1030,-2299.2594000000004,414,0
abc0013943,1030,-13614.8127,358,0
abc0013944,1030,-4479.6723,364,0
abc0013945,1030,-1837.62,822,1
abc0013946,1030,-1185.35,822,1
abc0013957,1030,-7.43,927,1
abc0013959,1030,-1109.3233,799,0
abc0013967,1030,-13858.87,715,1
abc0013968,1030,0.0,1030,1
abc0013970,1030,0.0,1030,1
abc0013979,1029,14.29,1003,1
abc0013984,1029,0.0,1029,1
abc0013986,1029,0.0,1029,1
abc0014017,1028,0.0,1028,1
abc0014018,1028,0.0,1027,1
abc0014040,1027,0.0,1027,1
abc0014041,1027,0.0,1027,1
abc0014053,1027,0.0,1027,1
abc0014066,1026,0.0,1026,1
abc0014076,1026,-8068.938400000001,533,0
abc0014084,1026,-4891668.5508,357,0
abc0014090,1026,0.0,1026,1
abc0014123,1025,0.0,1025,1
abc0014124,1025,0.0,1024,1
abc0014125,1024,12.0,996,1
abc0014130,1024,0.0,1024,1
abc0014131,1024,0.0,1024,1
abc0014141,1024,0.0,1024,1
abc0014144,1024,0.0,809,1
abc0014147,1024,0.0,1024,1
abc0014149,1024,0.0,1024,1
abc0014150,1024,0.0,1019,1
abc0014153,1024,0.0,1024,1
abc0014159,1024,0.0,1021,1
abc0014161,1023,-176729.46000000002,357,0
abc0014162,1023,0.0,1009,1
abc0014168,1023,0.0,1023,1
abc0014171,1023,0.0,1023,1
abc0014178,1023,0.0,1020,1
abc0014185,1023,0.0,1023,1
abc0014186,1023,0.0,1023,1
abc0014188,1023,0.0,1023,1
abc0014189,1022,-1115900.3792999997,371,0
abc0014190,1022,0.0,667,1
abc0014195,1022,0.0,1022,1
abc0014196,1022,0.0,1018,1
abc0014206,1022,0.0,1022,1
abc0014213,1022,1.07,1017,1
abc0014214,1022,43.39,988,1
abc0014223,1021,0.0,1021,1
abc0014229,1021,0.0,1019,1
abc0014246,1020,0.0,1020,1
abc0014252,1019,0.0,1011,1
abc0014253,1019,-395329.4855,372,0
abc0014259,1019,2.63,1019,1
abc0014265,1019,0.0,1019,1
abc0014276,1019,110.0,975,1
abc0014285,1019,0.0,1019,1
abc0014290,1018,0.44,1018,1
abc0014299,1018,0.0,1002,0
abc0014301,1018,0.0,1018,1
abc0014305,1018,0.0,1018,1
abc0014313,1018,0.0,1018,1
abc0014316,1018,0.0,1018,1
abc0014319,1018,0.0,1018,1
abc0014324,1018,0.0,1018,1
abc0014328,1018,0.0,1018,1
abc0014333,1017,-51661.68,357,0
abc0014348,1017,146.9989,388,0
abc0014353,1017,0.0,1016,1
abc0014354,1017,0.0,1010,1
abc0014364,1017,50.43,1001,1
abc0014367,1016,0.0,1016,1
abc0014379,1016,0.0,1016,1
abc0014391,1016,0.0,1015,1
abc0014392,1015,0.0,931,0
abc0014394,1015,0.0,1015,1
abc0014399,1015,0.0,1015,1
abc0014400,1015,-2170466.4920999995,357,0
abc0014405,1015,0.0,1015,1
abc0014406,1015,-10558058.2556,357,0
abc0014407,1015,-9572647.8831,356,0
abc0014408,1015,-167952.6056,356,0
abc0014409,1015,0.0,1014,1
abc0014415,1015,-65047.84710000001,367,0
abc0014416,1015,-152733.6873,357,0
abc0014417,1015,-66345.5038,360,0
abc0014418,1015,-431842.6188,357,0
abc0014420,1015,-160081.589,361,0
abc0014421,1015,-438493.0209,363,0
abc0014422,1015,-291654.36230000004,360,0
abc0014424,1015,-119020.33599999998,357,0
abc0014425,1015,0.0,1009,1
abc0014431,1015,0.0,1015,1
abc0014447,1014,-20023.32,994,1
abc0014463,1013,0.0,1009,1
abc0014464,1013,0.0,1013,1
abc0014470,1013,0.0,1009,1
abc0014480,1012,0.0,1012,1
abc0014493,1012,0.0,788,0
abc0014495,1012,0.0,1012,1
abc0014499,1012,-5.0,1009,1
abc0014509,1012,0.0,1011,1
abc0014518,1011,-127383.2652,365,0
abc0014537,1010,-10075.46,1010,1
abc0014545,1010,0.0,1010,1
abc0014549,1010,0.0,953,1
abc0014551,1010,0.0,1009,1
abc0014553,1010,0.0,1009,1
abc0014554,1010,0.0,1010,1
abc0014565,1009,0.0,1009,1
abc0014576,1009,49.9,994,1
abc0014581,1009,-6.53,957,1
abc0014585,1009,0.0,1009,1
abc0014587,1008,0.0,1008,1
abc0014588,1008,0.15,1008,1
abc0014590,1008,0.0,1007,1
abc0014603,1008,0.0,999,1
abc0014610,1008,0.0,1007,1
abc0014623,1007,9.0,883,1
abc0014641,1007,0.0,1007,1
abc0014643,1006,0.0,1006,1
abc0014652,1006,0.0,998,1
abc0014663,1006,0.0,998,1
abc0014670,1005,0.0,1005,1
abc0014675,1005,15.69,1003,1
abc0014683,1005,0.0,1005,1
abc0014684,1005,0.0,1005,1
abc0014687,1005,160.0,995,1
abc0014693,1004,-36085.4091,529,0
abc0014695,1004,0.0,1004,1
abc0014696,1004,16.0,1002,0
abc0014701,1004,0.0,966,1
abc0014703,1004,50.0,1002,1
abc0014707,1004,0.0,1004,1
abc0014715,1003,0.0,958,1
abc0014727,1003,148.55,997,0
abc0014728,1003,0.0,837,1
abc0014733,1003,0.0,1003,1
abc0014739,1003,0.0,998,1
abc0014753,1002,0.0,683,1
abc0014756,1002,-13442.0583,703,0
abc0014773,1001,0.0,1001,1
abc0014776,1001,-1849838.643,360,0
abc0014779,1001,5.970000000000001,957,1
abc0014782,1001,0.0,1001,1
abc0014797,1000,0.0,1000,1
abc0014805,999,0.0,999,1
abc0014808,999,0.0,999,1
abc0014810,999,0.0,999,1
abc0014811,999,-10.26,985,1
abc0014815,999,-3567.48,905,1
abc0014818,998,0.0,779,1
abc0014822,998,-102632.1686,367,0
abc0014823,998,-1534911.4300000002,360,0
abc0014826,998,0.2,954,1
abc0014839,998,154.02,969,1
abc0014847,997,0.0,997,1
abc0014854,997,0.0,997,1
abc0014855,997,0.0,997,1
abc0014857,997,0.0,997,1
abc0014860,996,0.0,977,1
abc0014864,996,0.0,996,1
abc0014867,996,397.9,994,1
abc0014868,996,0.0,996,1
abc0014870,996,0.0,996,1
abc0014875,996,1.0,996,1
abc0014884,996,0.0,996,1
abc0014898,996,0.0,996,1
abc0014903,995,0.0,995,1
abc0014949,995,0.0,995,1
abc0014951,995,0.0,925,1
abc0014961,995,143.63,871,1
abc0014968,994,0.0,991,1
abc0014975,994,0.0,994,1
abc0014977,994,0.0,994,1
abc0014979,994,-1041.8262,747,0
abc0014980,994,0.0,994,1
abc0014994,993,0.0,993,1
abc0014998,993,12.79,992,1
abc0015007,993,0.0,992,1
abc0015027,991,0.0,968,1
abc0015038,991,-10.8072,618,1
abc0015039,991,0.0,991,1
abc0015043,991,-534.7174000000001,710,1
abc0015048,991,0.0,991,1
abc0015049,991,0.0,989,1
abc0015053,991,24.36,988,1
abc0015054,991,0.0,967,1
abc0016073,990,0.0,990,1
abc0016079,990,-4.36,987,1
abc0016086,990,0.5,990,1
abc0016088,990,0.0,990,1
abc0016101,989,6.0,989,1
abc0016102,989,0.0,984,1
abc0016106,989,0.0,818,1
abc0016107,989,495.3061000000001,852,1
abc0016108,989,0.0,988,1
abc0016113,989,0.0,989,1
abc0016158,988,0.0,988,1
abc0016163,987,-3241.8688,406,0
abc0016164,987,-1740111.4859,356,0
abc0016166,987,-1.2999999999999998,976,1
abc0016173,987,0.0,911,1
abc0016189,987,46.49000000000001,876,1
abc0016208,985,0.0,984,1
abc0016214,985,0.0,984,1
abc0016215,985,0.0,984,1
abc0016217,985,0.0,985,1
abc0016219,985,0.0,985,1
abc0016229,984,0.0,975,1
abc0016230,984,0.0,860,1
abc0016235,984,0.0,984,1
abc0016236,984,-60405.0213,542,1
abc0016239,984,0.0,984,1
abc0016240,984,0.0,983,1
abc0016245,984,0.0,976,1
abc0016247,984,-25043.8,981,1
abc0016249,983,0.0,983,1
abc0016254,983,0.0,911,1
abc0016255,983,-191257.3177,592,0
abc0016257,983,-735879.2910000001,364,0
abc0016260,983,-89.61,471,1
abc0016262,983,13.0547,841,1
abc0016274,983,0.0,982,1
abc0016287,982,-25901.139,364,0
abc0016288,982,-4.72,878,1
abc0016289,982,0.0,982,1
abc0016290,982,-32851.604,710,1
abc0016304,981,0.65,953,0
abc0016311,981,0.0,980,1
abc0016315,981,-1152.0681,681,1
abc0016337,980,536.0691,632,1
abc0016340,979,-1.2599999999999998,971,1
abc0016341,979,-0.01,974,1
abc0016345,979,-1700.0,976,1
abc0016365,978,0.0,972,1
abc0016369,978,0.0,978,1
abc0016371,978,0.0,977,1
abc0016377,977,0.0,977,1
abc0016379,977,0.0,930,1
abc0016380,977,0.0,976,1
abc0016382,977,0.0,977,1
abc0016395,977,-2.76,898,0
abc0016396,977,0.0,937,1
abc0016401,977,0.0,976,1
abc0016403,977,0.0,977,1
abc0016404,977,29.0,975,1
abc0016405,977,0.0,977,1
abc0016406,976,0.0,969,1
abc0016418,976,-5128816.1619,429,0
abc0016424,976,0.0,970,1
abc0016425,976,0.0,976,1
abc0016434,976,0.0,976,1
abc0016437,975,0.0,968,1
abc0016443,975,-82311.48419999999,375,0
abc0016444,975,0.0,846,1
abc0016455,975,0.0,967,1
abc0016460,974,13.599999999999998,871,1
abc0016466,974,0.0,972,1
abc0016467,974,6.0,929,1
abc0016469,974,0.0,974,1
abc0016471,974,-2007.29,870,1
abc0016474,974,0.0,939,1
abc0016475,974,0.0,972,1
abc0016476,974,0.0,972,1
abc0016482,974,0.0,924,1
abc0016484,973,58.0,971,1
abc0016488,973,0.0,973,1
abc0016500,973,0.0,970,1
abc0016514,973,5.0,971,1
abc0016527,972,0.0,972,1
abc0016537,971,0.0,971,1
abc0016546,971,0.0,971,1
abc0016555,970,0.0,970,1
abc0016560,970,0.0,970,1
abc0016567,970,-1.0,969,1
abc0016569,970,0.0,969,1
abc0016570,970,0.0,970,1
abc0016577,970,0.0,965,1
abc0016585,969,0.0,969,1
abc0016588,969,0.0,969,1
abc0016590,969,-1028.62,946,1
abc0016597,969,0.0,969,1
abc0016603,969,50.992,457,1
abc0016604,969,-141644449.51199996,359,0
abc0016605,969,0.0,969,1
abc0016607,969,0.0,945,1
abc0016615,968,0.0,947,1
abc0016621,968,0.0,968,1
abc0016623,968,0.0,966,1
abc0016624,968,0.0,968,1
abc0016631,968,0.0,428,1
abc0016633,967,-310838.7125,356,0
abc0016634,967,0.0,967,1
abc0016635,967,0.0,967,1
abc0016636,967,0.0,528,0
abc0016660,967,0.0,967,1
abc0016662,966,-3677317.711900001,368,0
abc0016663,966,0.0,963,1
abc0016665,966,0.0,966,1
abc0016678,966,0.0,966,1
abc0016679,966,0.0,948,1
abc0016683,966,-186908.2456,358,0
abc0016689,965,0.0,965,1
abc0016690,965,0.0,965,1
abc0016695,965,0.0,950,1
abc0016701,965,2.2,958,1
abc0016703,965,0.0,805,1
abc0016715,964,-340422.98,361,0
abc0016716,964,0.0,963,1
abc0016717,964,0.0,964,1
abc0016726,964,-1895245.12,507,0
abc0016730,963,28.0,960,1
abc0016749,963,0.0,938,0
abc0016762,962,-859.8301,523,0
abc0016775,961,0.0,959,1
abc0016779,961,0.0,850,0
abc0016808,961,52.19,884,0
abc0016843,961,0.0,961,1
abc0016844,961,0.0,961,1
abc0016848,961,132.71,960,1
abc0016851,961,0.0,961,1
abc0016853,961,1.0,961,1
abc0016859,960,0.0,959,1
abc0016860,960,0.0,959,1
abc0016863,960,0.0,960,1
abc0016874,960,0.0,960,1
abc0016877,960,0.0,780,1
abc0016878,960,-3.62,960,1
abc0016892,959,0.27,955,1
abc0016893,959,-123525.1352,357,0
abc0016894,959,-402711.5194,356,0
abc0016902,959,-11340.631899999998,375,0
abc0016908,959,0.0,959,1
abc0016913,958,0.0,958,1
abc0016914,958,-2.0,958,1
abc0016930,957,0.0,957,1
abc0016934,957,0.99,948,1
abc0016943,956,0.0,836,0
abc0016944,956,-1011.13,904,1
abc0016964,955,0.0,955,1
abc0016966,955,0.0,939,0
abc0016967,955,-2.1004000000000005,838,0
abc0016977,955,0.0,955,1
abc0016982,955,0.0,954,1
abc0016984,955,0.0,955,1
abc0016990,954,0.0,941,0
abc0016994,954,-1054.41,942,1
abc0016995,954,52.72,942,0
abc0017000,954,0.0,908,1
abc0017047,952,-18457.088,753,0
abc0017057,952,0.0,950,1
abc0017064,951,-2504.998,359,0
abc0017083,950,0.0,950,1
abc0017090,950,0.0,822,1
abc0017092,949,-58.89,896,1
abc0017093,949,0.0,949,1
abc0017096,949,-50000.0,904,1
abc0017100,949,0.0,949,1
abc0017114,948,0.0,948,1
abc0017119,948,0.0,576,1
abc0017120,948,0.0,788,1
abc0017129,948,0.0,945,1
abc0017132,948,0.0,948,1
abc0017146,947,0.0,947,1
abc0017148,947,0.0,947,1
abc0017154,946,-39284.9816,358,0
abc0017156,946,0.0,928,0
abc0017157,946,0.0,914,0
abc0017158,946,0.0,944,1
abc0017181,946,0.0,945,1
abc0017186,945,-1662.011,499,0
abc0017192,945,-662151.6923,357,0
abc0017195,945,-7008037.92,357,0
abc0017196,945,-747.0,904,1
abc0017204,945,0.0,933,1
abc0017209,945,0.0,945,1
abc0017212,944,-7359.93,899,1
abc0017241,943,0.0,939,0
abc0017249,942,-60410.630000000005,550,0
abc0017256,942,-32.1896,561,0
abc0017257,942,-1.5,924,1
abc0017261,942,0.0,933,0
abc0017269,942,0.0,927,1
abc0017270,942,0.0,942,1
abc0017273,942,20.51,941,1
abc0017282,941,0.0,939,1
abc0017286,941,0.0700000000000002,828,0
abc0017292,941,2274.5864,845,1
abc0017295,941,-17.87,862,1
abc0017297,941,0.0,933,1
abc0017306,941,0.0,903,1
abc0017311,941,0.0,939,1
abc0017322,940,-39307.83,504,0
abc0017344,939,0.0,939,1
abc0017346,939,0.2,939,1
abc0017348,939,0.0,934,1
abc0017351,939,0.0,924,1
abc0017353,939,0.0,939,1
abc0017356,939,0.0,939,1
abc0017357,939,0.0,935,1
abc0017359,939,0.0,939,1
abc0017362,939,0.0,932,1
abc0017363,939,0.0,937,1
abc0017369,939,0.0,937,1
abc0017374,938,0.0,901,1
abc0017379,938,54.704,847,1
abc0017380,938,-1447.14,464,0
abc0017381,938,-12351.64,374,0
abc0017383,938,0.0,938,1
abc0017389,938,0.0,938,1
abc0017390,938,10.736,775,1
abc0017394,937,0.0,937,1
abc0017395,937,0.0,936,1
abc0017403,937,0.0,928,1
abc0017404,937,0.0,937,1
abc0017428,936,0.0,934,1
abc0017434,935,0.0,927,1
abc0017435,935,0.0,935,1
abc0017436,935,-25000.0,926,1
abc0017452,935,-22912.1032,574,0
abc0017458,934,-503366.5907,356,0
abc0017459,934,0.0,485,1
abc0017463,934,10.0,934,1
abc0017466,934,-2233450.6838,359,0
abc0017469,934,0.0,464,1
abc0017483,934,0.0,924,1
abc0017497,933,0.0,933,1
abc0017498,933,0.0,932,1
abc0017500,933,-7749169.095500001,386,0
abc0017505,933,0.0,933,1
abc0017507,933,11.0,924,1
abc0017510,933,0.0,933,1
abc0017515,933,0.0,932,1
abc0017518,933,0.0,933,1
abc0017520,933,0.0,930,1
abc0017522,933,0.0,933,1
abc0017528,933,-3923.1014,679,1
abc0017545,932,0.0,932,1
abc0017546,932,0.0,932,1
abc0017547,932,0.0,932,1
abc0017555,932,0.0,932,1
abc0017560,932,0.0,926,1
abc0017561,932,0.0,932,1
abc0017566,932,0.0,931,1
abc0017570,932,0.0,931,1
abc0017576,931,0.0,877,0
abc0017578,931,-505930.95,380,0
abc0017585,931,0.0,785,1
abc0017613,930,0.0,930,1
abc0017617,930,0.0,726,1
abc0017623,930,0.0,859,1
abc0017640,929,0.0,929,1
abc0017683,928,0.0,913,1
abc0017692,928,0.0,928,1
abc0017704,928,0.0,928,1
abc0017705,928,0.0,898,1
abc0017709,928,0.0,761,1
abc0017710,928,0.0,925,1
abc0017711,928,0.0,928,1
abc0017716,927,0.0,927,1
abc0017723,927,0.0,927,1
abc0017729,927,0.0,927,1
abc0017734,927,-2355596.4523,357,0
abc0017747,927,-77701.1607,357,0
abc0017749,927,412.12,779,1
abc0017751,927,0.0,625,1
abc0017754,927,0.0,926,1
abc0017755,927,0.0,927,1
abc0017757,927,1.0,927,1
abc0017760,927,0.0,926,1
abc0017765,926,0.0,926,1
abc0017785,926,0.0,916,1
abc0017791,926,0.0,924,0
abc0017792,925,0.1780000000000001,838,0
abc0017810,925,0.0,769,1
abc0017813,925,0.0,921,1
abc0017815,925,-1001.0,917,1
abc0017819,925,0.0,922,1
abc0017827,924,0.0,696,0
abc0017830,924,-50.459700000000005,779,1
abc0017837,924,0.0,924,1
abc0017847,924,0.0,888,1
abc0017848,924,0.0,924,1
abc0017853,924,0.0,924,1
abc0017855,924,0.0,924,1
abc0017866,923,0.0,923,1
abc0017869,923,0.0,923,1
abc0017871,923,0.0,923,1
abc0017894,923,-8041.1013,791,0
abc0017904,922,0.0,922,1
abc0017907,922,0.0,922,1
abc0017910,922,0.0,922,1
abc0017927,921,0.0,911,1
abc0017941,921,-16.88,357,0
abc0017949,921,0.0,920,1
abc0017955,921,0.0,921,1
abc0017957,920,0.0,918,1
abc0017968,920,18075.5003,390,0
abc0017975,920,11.419199999999996,752,0
abc0017977,920,0.0,920,1
abc0017979,920,0.0,747,1
abc0017980,920,0.0,920,1
abc0018000,919,0.0,919,1
abc0018007,919,0.0,919,1
abc0018008,919,0.0,919,1
abc0018012,919,0.0,902,1
abc0018015,919,-1648.5276,734,0
abc0018017,919,0.1,912,1
abc0018031,919,0.0,919,1
abc0018049,918,0.0,855,1
abc0018050,918,0.0,918,1
abc0018063,918,13.8501,840,1
abc0018067,918,0.0,534,0
abc0018069,917,0.0,637,0
abc0018072,917,0.0,917,1
abc0018081,917,0.0,917,1
abc0018087,917,0.0,917,1
abc0018090,917,0.0,910,1
abc0018101,916,0.0,913,1
abc0018163,914,0.0,914,1
abc0018164,914,0.0,869,1
abc0018167,914,0.0,914,1
abc0018180,913,-206460.5448,357,0
abc0018182,913,0.0,912,1
abc0018186,913,0.0,911,1
abc0018195,913,464.459,359,0
abc0018196,913,-2.0,910,1
abc0018203,913,0.0,446,1
abc0018205,913,0.0,641,0
abc0018209,913,0.0,913,1
abc0018226,912,0.0,578,0
abc0018245,911,0.0,897,1
abc0018249,911,0.0,911,1
abc0018258,911,287.13960000000003,837,1
abc0018260,911,0.0,865,0
abc0018261,911,0.0,910,1
abc0018269,910,0.0,910,1
abc0018270,910,0.0,910,1
abc0018274,910,-271931.21569999994,357,0
abc0018279,910,-19660.0,772,0
abc0018286,910,10.0,886,0
abc0018301,910,49.5,704,0
abc0018304,909,0.5,902,1
abc0018305,909,-30.0,900,1
abc0018349,909,0.0,908,1
abc0018370,908,3.98,873,1
abc0018380,907,0.0,907,0
abc0018389,907,-67.26,890,1
abc0018392,907,0.5,883,1
abc0018394,907,4.98,903,1
abc0018408,906,0.0,906,1
abc0018409,906,0.0,896,1
abc0018419,906,0.0,856,1
abc0018421,906,-65.28509999999999,423,1
abc0018422,906,-2309.238,619,1
abc0018428,905,-476.79,835,1
abc0018434,905,0.0,898,1
abc0018435,905,-83.07399999999998,458,0
abc0018437,905,0.0,851,1
abc0018451,905,0.0,904,1
abc0018454,905,0.0,904,1
abc0018498,903,-1236498.2699,357,0
abc0018501,903,0.0,903,1
abc0018514,903,-12.5212,793,0
abc0018519,903,0.0,903,1
abc0018520,903,11.8701,820,1
abc0018523,903,0.0,903,1
abc0018529,902,0.0,892,1
abc0018547,902,0.0,900,1
abc0018550,902,0.0,902,1
abc0018560,901,0.0,897,1
abc0018575,901,0.0,871,1
abc0018584,900,0.0,792,0
abc0018588,900,0.0,900,0
abc0018589,900,0.0,837,0
abc0018589,900,-1.98,827,0
abc0018598,900,0.0,899,1
abc0018606,899,845.295,362,0
abc0018614,899,29.93,899,1
abc0018616,899,0.0,899,1
abc0018618,899,0.0,884,1
abc0018626,899,0.0,899,1
abc0018629,899,0.0,899,1
abc0018634,898,-1053591.5147,357,0
abc0018639,898,0.0,897,1
abc0018642,898,1.66,888,1
abc0018643,898,0.0,898,1
abc0018647,898,11.88,792,1
abc0018679,898,0.0,898,1
abc0018697,897,0.0,897,1
abc0018699,897,0.0,895,1
abc0018707,897,0.0,897,1
abc0018709,897,0.0,897,1
abc0018727,896,-1071.1775,796,1
abc0018732,896,0.0,626,1
abc0018741,896,0.0,896,1
abc0018745,896,0.0,580,1
abc0018746,896,0.0,888,1
abc0018749,896,0.0,896,1
abc0018753,895,0.0,895,1
abc0018765,895,-9176.9213,598,0
abc0018772,895,0.0,895,1
abc0018792,894,0.0,894,1
abc0018797,894,0.0,894,1
abc0018801,894,0.0,893,1
abc0018808,893,0.0,893,1
abc0018810,893,-6602328.864999999,381,0
abc0018811,893,0.0,770,0
abc0018816,893,0.0,892,0
abc0018817,893,0.0,891,1
abc0018819,893,0.0,735,0
abc0018820,893,0.0,778,0
abc0018822,893,0.0,893,1
abc0018824,893,0.0,893,1
abc0018829,893,0.0,893,1
abc0018846,892,-667663.1407,392,0
abc0018850,892,-106504.73,361,0
abc0018851,892,0.0,892,1
abc0018852,892,0.0,892,1
abc0018857,892,22.609999999999992,869,1
abc0018862,892,-16091.219000000005,464,0
abc0018864,892,-62.25,876,1
abc0018866,892,0.0,892,1
abc0018869,892,0.0,892,1
abc0018870,892,0.0,891,1
abc0018871,891,1.3068,620,0
abc0018887,891,-17.0,766,1
abc0018888,891,81.25,891,1
abc0018896,890,-1008.58,879,1
abc0018897,890,0.0,703,1
abc0018900,890,50.0,871,1
abc0018903,890,-21731451.4586,499,0
abc0018915,890,39.99,882,1
abc0018926,890,-31125.4277,841,0
abc0018932,890,0.0,890,1
abc0018933,890,0.0,888,1
abc0018940,889,-192.11,882,1
abc0018942,889,-95090.43,359,0
abc0018951,889,0.0,889,1
abc0018953,889,-12072.9909,513,0
abc0018955,889,0.0,889,1
abc0018958,889,0.0,889,1
abc0018965,889,0.0,888,1
abc0018970,888,0.0,888,1
abc0018983,888,0.0,888,1
abc0018990,888,0.0,882,1
abc0019006,887,-322515.33,366,0
abc0019024,887,0.0,887,1
abc0019029,886,0.0,843,0
abc0019040,886,86.8725,433,1
abc0019051,886,-613052.6152,414,0
abc0019053,886,0.0,886,1
abc0019063,886,-5719.955,781,1
abc0019065,886,12.0,884,1
abc0019067,886,0.0,886,1
abc0019069,886,0.0,886,1
abc0019070,886,0.0,886,1
abc0019072,886,0.0,857,1
abc0019073,886,0.0,823,1
abc0019084,885,0.0,885,1
abc0019088,885,0.0,883,1
abc0019111,885,-17.325,853,1
abc0019123,884,-666197.8126,364,0
abc0019124,884,0.24,882,1
abc0019125,884,0.36,884,1
abc0019128,884,0.0,771,1
abc0019130,884,0.0,884,1
abc0019151,883,-952004.8,362,0
abc0019154,883,0.0,863,1
abc0019159,883,0.0,882,1
abc0019161,883,0.0,764,0
abc0019162,883,0.0,788,0
abc0019163,883,-9996.17,365,0
abc0019165,883,-6287.619999999999,378,0
abc0019166,883,0.0,393,1
abc0019172,883,0.0,883,1
abc0019177,883,0.37,879,1
abc0019191,883,0.0,883,1
abc0019200,882,0.0,882,1
abc0019208,882,0.0,882,1
abc0019209,882,-2.6322,527,0
abc0019210,882,0.0,882,1
abc0019216,882,0.0,882,1
abc0019217,882,-966304.9018999998,356,0
abc0019218,882,-2116111.65,357,0
abc0019220,882,-33.37,851,1
abc0019221,882,0.0,848,1
abc0019222,882,-6.5226,801,1
abc0019236,881,0.0,881,1
abc0019240,881,0.0,881,1
abc0019244,881,0.0,881,1
abc0019266,880,-14.92,879,1
abc0019272,880,0.0,880,1
abc0019275,880,0.0,880,1
abc0019290,880,0.0,880,1
abc0019298,880,-20212.9789,553,0
abc0019299,879,0.0,749,0
abc0019300,879,0.0,879,1
abc0019306,879,-1051.51,876,1
abc0019311,879,0.0,879,1
abc0019314,879,0.0,879,1
abc0019317,879,0.0,879,1
abc0019322,879,0.0,877,1
abc0019323,879,0.0,879,1
abc0019329,879,0.0,879,1
abc0019339,878,0.0,572,1
abc0019347,878,-60722.839,365,0
abc0019350,878,0.0,878,1
abc0019351,878,-54373.31,410,0
abc0019352,878,0.0,878,1
abc0019360,878,-417.17,863,1
abc0019363,878,0.0,876,1
abc0019368,878,0.0,878,1
abc0019369,878,0.0,878,1
abc0019371,878,-9172.819399999998,609,1
abc0019382,877,-1595645.1063,625,0
abc0019392,877,0.0,876,1
abc0019398,877,0.0,877,1
abc0019408,876,3.6036,841,1
abc0019409,876,-4166.564699999999,468,0
abc0019412,876,0.99,834,0
abc0019433,876,0.0,876,1
abc0019445,875,0.0,875,1
abc0019478,874,0.0,874,1
abc0019481,874,0.0,873,1
abc0019490,874,0.0,872,1
abc0019497,874,0.0,874,1
abc0019498,874,-2.2,873,1
abc0019523,873,0.0,872,1
abc0019536,872,0.0,872,1
abc0019546,872,-4870597.6074,375,0
abc0019551,872,-9.8,732,0
abc0019555,872,0.0,871,1
abc0019556,872,0.0,872,1
abc0019557,872,255.95460000000003,442,1
abc0019562,872,0.0,871,1
abc0019570,872,0.0,844,1
abc0019583,871,-1026321.4658,676,1
abc0019591,871,-1.0299999999999998,690,0
abc0019595,871,0.0,871,1
abc0019597,871,-10222.0126,784,1
abc0019599,871,24.9,849,1
abc0019603,871,0.0,870,1
abc0019606,870,0.0,870,1
abc0019610,870,0.0,752,1
abc0019611,870,10.0,870,1
abc0019613,870,-453302.85,556,0
abc0019614,870,0.0,864,1
abc0019619,870,0.0,804,1
abc0019622,870,0.0,852,1
abc0019636,870,-3.07,868,1
abc0019662,869,0.0,869,1
abc0019668,869,0.0,869,1
abc0019671,869,0.0,860,1
abc0019686,869,138.1842,575,1
abc0019689,869,0.0,865,1
abc0019693,869,0.0,869,1
abc0019699,868,0.0,868,1
abc0019709,868,2.0,868,1
abc0019713,868,0.0,570,1
abc0019720,868,0.0,868,1
abc0019724,868,0.0,859,1
abc0019735,867,0.0,862,1
abc0019753,867,0.0,867,1
abc0019757,867,0.0,866,1
abc0019769,866,42.2532,619,1
abc0019775,866,0.0,866,1
abc0019782,865,0.0,865,1
abc0019785,865,9.7812,864,1
abc0019787,865,0.0,865,1
abc0019796,864,0.0,864,1
abc0019800,864,0.0,864,1
abc0019804,864,0.0,858,1
abc0019806,864,0.0,863,1
abc0019843,863,0.0,858,1
abc0019850,863,0.0,863,1
abc0019851,863,0.0,863,1
abc0019861,863,0.0,863,1
abc0019863,863,0.0,863,1
abc0019867,863,0.0,862,1
abc0019879,862,0.0,862,1
abc0019880,862,-1005308.3124,613,0
abc0019882,862,0.0,862,1
abc0019885,862,-443054.7849,357,0
abc0019895,862,0.0,862,1
abc0019914,861,0.0,861,1
abc0019918,861,0.0,861,1
abc0019919,861,-1224528.5533999996,653,1
abc0019922,861,0.0,861,1
abc0019930,860,0.0,860,1
abc0019932,860,0.0,860,1
abc0019937,860,1.98,857,1
abc0019978,859,0.0,859,1
abc0019991,858,0.0,858,1
abc0019993,858,0.0,679,0
abc0020006,858,0.0,858,1
abc0020009,858,0.0,858,1
abc0020013,858,0.0,858,1
abc0020027,857,0.0,850,1
abc0020030,857,0.0,857,1
abc0020036,857,0.0,687,0
abc0020046,857,0.0,851,1
abc0020048,857,0.0,855,1
abc0020064,856,0.0,841,1
abc0020074,856,0.99,835,1
abc0020078,856,0.0,856,1
abc0020087,856,0.0,856,1
abc0020089,856,0.0,856,1
abc0020123,855,0.0,855,1
abc0020127,855,-4.364,855,1
abc0020128,855,0.0,855,1
abc0020131,855,0.0,855,1
abc0020149,854,0.0,836,0
abc0020152,853,0.0,832,1
abc0020153,853,0.0,853,1
abc0020171,853,0.0,852,1
abc0020188,852,0.0,852,1
abc0020190,852,0.0,852,1
abc0020200,851,0.0,819,0
abc0020201,851,-0.505,849,1
abc0020203,851,-2277535.0209000004,357,0
abc0020223,850,0.0,850,1
abc0020224,850,0.0,850,1
abc0020230,850,0.0,584,1
abc0020246,850,0.0,850,1
abc0020248,850,0.0,764,0
abc0020265,849,0.0,836,1
abc0020270,849,0.0,848,1
abc0020289,848,0.0,830,1
abc0020292,848,0.0,794,1
abc0020314,848,0.0,847,1
abc0020321,847,-367956.6382,611,0
abc0020326,847,-388391.5593,357,0
abc0020331,847,0.0,815,1
abc0020335,847,0.0,465,1
abc0020344,847,0.0,846,1
abc0020358,846,0.0,846,1
abc0020374,846,-624248.0101999999,651,1
abc0020402,844,0.0,844,1
abc0020404,844,0.0,839,1
abc0020405,844,0.0,771,1
abc0020408,844,0.0,844,1
abc0020427,843,0.1089,497,0
abc0020430,843,-1350.36,837,0
abc0020431,843,0.0,843,1
abc0020439,843,0.0,837,1
abc0020440,843,0.0,780,1
abc0020441,843,2003.3045,793,1
abc0020451,843,-1064.2895999999998,549,1
abc0020452,843,0.0,843,1
abc0020461,842,0.0,842,1
abc0020467,842,0.0,841,1
abc0020470,842,-16743.1053,465,0
abc0020475,842,0.0,696,0
abc0020479,842,0.0,841,1
abc0020492,842,0.0,842,1
abc0020493,842,0.0,841,1
abc0020501,841,0.0,841,1
abc0020504,841,0.0,841,1
abc0020516,841,0.0,841,1
abc0020519,841,-1947.9562000000003,688,0
abc0020574,839,0.0,839,1
abc0020597,838,0.0,838,1
abc0020611,837,0.0,837,1
abc0020615,837,0.0,638,1
abc0020617,837,-382373.3407,357,0
abc0020618,837,0.0,795,1
abc0020619,837,0.0,763,1
abc0020624,837,0.0,837,1
abc0020638,836,0.0,836,1
abc0020642,836,-14850.0,798,1
abc0020648,836,0.0,807,1
abc0020656,836,0.0,836,1
abc0020675,835,0.0,835,1
abc0020679,835,8.464500000000001,820,1
abc0020681,835,1.98,829,1
abc0020684,835,0.0,835,1
abc0020692,835,-118.6412,403,0
abc0020699,835,263.42909999999995,775,1
abc0020700,835,52.3809,639,0
abc0020702,834,0.0,834,1
abc0020704,834,-2471603.06,358,0
abc0020709,834,0.0,834,1
abc0020712,834,-151.72809999999998,384,0
abc0020715,834,-1.064500000000001,827,1
abc0020721,834,0.0,834,1
abc0020735,833,-5.4754000000000005,833,1
abc0020741,833,0.0,833,1
abc0020742,833,0.0,833,1
abc0020767,831,0.0,831,1
abc0020769,831,0.0,829,1
abc0020784,831,0.0,831,1
abc0020786,831,0.0,528,1
abc0020787,831,0.0,831,1
abc0020795,830,7.3973,507,0
abc0020805,830,0.0,813,1
abc0020817,830,0.0,826,1
abc0020820,830,0.0,830,1
abc0020824,829,0.0,829,1
abc0020831,829,-0.02,771,0
abc0020861,828,0.0,828,1
abc0020874,827,0.0,827,1
abc0020883,827,0.0,632,1
abc0020884,827,0.0,826,1
abc0021103,826,5.4054,408,0
abc0021119,825,3175.2770000000005,469,0
abc0021120,825,0.0,825,1
abc0021140,824,-39.842400000000005,816,1
abc0021148,823,-260259.94060000003,357,0
abc0021150,823,0.0,823,1
abc0021151,823,0.0,823,1
abc0021152,823,0.0,798,1
abc0021166,823,0.0,822,1
abc0021174,822,0.0,808,1
abc0021180,822,0.0,822,1
abc0021185,822,0.0,822,1
abc0021189,822,0.0,822,1
abc0021202,821,-62006.806,676,1
abc0021206,821,0.0,821,1
abc0021216,821,-2928.4299,762,1
abc0021217,821,0.0,821,1
abc0021233,820,0.0,820,1
abc0021236,820,0.0,820,1
abc0021247,820,-218214.2954,357,0
abc0021269,819,0.0,817,1
abc0021275,819,0.6771999999999707,358,1
abc0021294,818,0.0,818,1
abc0021297,818,0.0,813,1
abc0021306,817,0.0,413,1
abc0021326,817,0.0,817,1
abc0021338,816,0.99,806,1
abc0021346,816,0.0,816,1
abc0021349,816,0.0,811,1
abc0021357,816,0.0,816,0
abc0021364,815,0.0,815,1
abc0021366,815,904.1175,815,1
abc0021368,815,0.0,813,1
abc0021378,814,0.0,814,1
abc0021382,814,0.0,814,1
abc0021385,814,-473580.7135,356,0
abc0021386,814,-508.49,421,1
abc0021390,814,0.0,812,1
abc0021392,814,-108.50440000000002,485,1
abc0021394,814,0.0,814,1
abc0021397,814,0.0,576,1
abc0021400,813,0.0099,813,1
abc0021406,813,0.0,813,1
abc0021421,812,0.0,812,1
abc0021422,812,0.0,793,1
abc0021423,812,-106.8303,372,1
abc0021424,812,-1214.7348,717,0
abc0021442,811,0.0,806,1
abc0021448,811,0.0099,811,1
abc0021468,810,0.0,810,1
abc0021478,810,-1024.65,800,1
abc0021480,810,0.0,810,1
abc0021485,809,0.0,805,1
abc0021497,809,-326.7933,794,0
abc0021501,808,0.0,357,1
abc0021517,808,11.8701,756,0
abc0021522,808,0.0,808,1
abc0021552,807,3.6234,803,0
abc0021560,806,-164870.5161,356,0
abc0021565,806,0.0,806,1
abc0021568,806,-35628.999,388,0
abc0021579,806,0.0,806,1
abc0021580,806,0.0,806,1
abc0021582,806,0.0,802,1
abc0021592,805,-585719.81,740,0
abc0021594,805,0.0,401,0
abc0021595,805,-31513.864,798,0
abc0021609,805,0.0,805,1
abc0021654,803,0.99,803,1
abc0021659,803,0.0,803,1
abc0021663,803,0.0,802,1
abc0021666,802,0.0,802,1
abc0021667,802,0.0,802,1
abc0021669,802,0.0,536,1
abc0021671,802,0.0,706,1
abc0021690,801,0.0,801,1
abc0021703,801,0.0,801,1
abc0021714,801,-1058.39,673,0
abc0021727,800,-4065.2373,623,0
abc0021736,800,0.0,799,1
abc0021750,799,204.8112,797,1
abc0021760,799,0.0,799,1
abc0021766,798,2.475,771,1
abc0021768,798,0.0,798,1
abc0021774,798,0.0,794,1
abc0021781,798,0.0,798,1
abc0021784,798,0.0,798,1
abc0021785,798,0.0,789,1
abc0021786,798,0.0,779,1
abc0021823,796,0.0,796,1
abc0021843,795,0.0,795,1
abc0021852,795,0.0,736,1
abc0021853,795,-783.7351,537,1
abc0021857,795,0.0,769,1
abc0021872,794,0.0,794,1
abc0021873,794,-358.6703,788,1
abc0021875,794,0.0,794,1
abc0021879,794,0.0,794,1
abc0021881,794,-530.0944,497,1
abc0021885,793,0.0,791,1
abc0021888,793,0.0,687,0
abc0021891,793,-694.1790000000001,380,0
abc0021907,792,0.9,415,0
abc0021953,791,0.0,791,1
abc0021974,790,0.0,790,1
abc0021976,790,2.97,739,0
abc0021978,790,0.0,790,1
abc0022023,788,0.0,528,0
abc0022109,788,0.0,787,1
abc0022117,787,6200.602199999999,360,0
abc0022122,787,-1127.6199,760,0
abc0022129,786,0.0,786,1
abc0022139,786,-240.49,388,0
abc0022160,786,62.5383,752,1
abc0022202,784,0.0,784,1
abc0022223,783,0.0,632,1
abc0022263,781,17.82,649,1
abc0022274,781,0.0,781,1
abc0022276,781,0.0,781,1
abc0022282,780,0.0,780,1
abc0022285,780,0.0,780,1
abc0022287,780,0.0,780,1
abc0022290,780,0.0,780,1
abc0022292,780,0.0,779,1
abc0022299,780,0.0,780,1
abc0022304,780,-198.99,702,1
abc0022315,779,0.0,779,1
abc0022320,779,0.0,736,0
abc0022328,779,0.0,779,1
abc0022331,779,0.0,744,0
abc0022340,779,0.0,779,1
abc0022344,778,210.8,358,0
abc0022345,778,43.26,396,0
abc0022347,778,2.25,359,0
abc0022348,778,88.62,359,0
abc0022349,778,8.050000000000011,374,0
abc0022350,778,0.06,616,0
abc0022352,778,14.070000000000007,376,0
abc0022353,778,0.1,616,0
abc0022354,778,48749.47000000003,356,0
abc0022355,778,403.9300000000003,361,0
abc0022356,778,2.64,431,0
abc0022359,778,0.0,657,0
abc0022360,778,13.04,385,0
abc0022366,778,47.68000000000001,369,0
abc0022367,778,7.530000000000001,359,0
abc0022368,778,0.09,616,0
abc0022371,778,138.5400000000002,359,0
abc0022372,778,156.87000000000012,358,0
abc0022373,778,0.0100000000000015,683,0
abc0022374,778,0.8399999999999999,616,0
abc0022375,778,75.76,358,0
abc0022376,778,123.26,358,0
abc0022380,778,38746.79000000004,356,0
abc0022382,778,1145.9100000000003,357,0
abc0022386,778,0.0,706,0
abc0022390,778,0.0,778,1
abc0022394,778,0.0,717,1
abc0022395,778,83.7837,704,1
abc0022403,778,0.0,778,1
abc0022408,777,0.0,777,1
abc0022415,777,0.0,540,0
abc0022430,777,0.0,777,1
abc0022441,776,251.282,428,0
abc0022469,776,0.0,776,1
abc0022471,776,0.0,776,0
abc0022494,775,-1.9295,527,0
abc0022497,775,15.345,729,1
abc0022498,774,0.0,774,1
abc0022506,774,-350.3399999999999,507,0
abc0022507,774,-230704.6162,366,0
abc0022522,774,0.0,773,1
abc0022534,773,-54399.5584,561,0
abc0022538,773,7.92,517,0
abc0022549,773,0.0,773,1
abc0022556,772,0.0,772,1
abc0022558,772,51.48,633,1
abc0022564,772,0.0,772,1
abc0022565,772,0.0,772,1
abc0022569,772,-30852.36,751,1
abc0022570,772,0.0,771,1
abc0022572,772,0.0,772,0
abc0022584,772,9.9,772,1
abc0022592,771,10.3435,735,1
abc0022605,771,0.0,771,1
abc0022607,771,0.0,771,1
abc0022612,770,0.0,770,1
abc0022614,770,0.0,630,1
abc0022618,770,0.0,770,1
abc0022621,770,-21012.282,564,0
abc0022624,770,0.0,718,0
abc0022625,770,-8599.019,576,0
abc0022630,770,-1112166.3990000002,574,1
abc0022638,770,0.0,770,1
abc0022641,770,0.99,770,1
abc0022664,769,0.0,762,1
abc0022668,769,0.0,756,1
abc0022684,768,0.0,768,1
abc0022687,768,-18584.996400000004,357,0
abc0022692,767,310.1367,361,0
abc0022693,767,0.0,382,1
abc0022711,767,0.0,766,1
abc0022723,767,0.0,767,1
abc0022726,766,0.0,689,0
abc0022732,766,-3194433.3711,359,0
abc0022735,766,0.0,766,1
abc0022737,766,0.0,765,1
abc0022738,766,0.0,766,1
abc0022750,766,0.0,708,1
abc0022761,765,0.0,508,1
abc0022773,765,-748292.9785,357,0
abc0022787,765,0.0,764,1
abc0022789,765,-618475.6869999999,404,0
abc0022816,764,-4.930000000000001,763,1
abc0022817,763,0.0,743,0
abc0022822,763,0.5346000000000001,753,1
abc0022823,763,0.0,763,1
abc0022825,763,-8467997.403300002,356,0
abc0022826,763,-7848249.459999999,357,0
abc0022830,763,0.0,759,1
abc0022831,763,0.0,761,1
abc0022835,763,1004.8401,616,0
abc0022837,763,0.0,578,1
abc0022849,763,-1183.2653,374,0
abc0022854,762,-2.67,686,1
abc0022857,762,0.0,762,1
abc0022867,762,0.0,762,1
abc0022902,761,-79.60480000000001,712,0
abc0022907,761,0.0,759,1
abc0022910,760,0.0,673,1
abc0022911,760,0.1386,730,0
abc0022915,760,-75138.4082,435,0
abc0022923,760,-720.3536000000001,361,0
abc0022933,760,9.9198,759,1
abc0022936,760,0.0,639,1
abc0022946,759,-243.54,357,0
abc0022962,758,-1201908.0145,485,0
abc0022963,758,-76032.95,725,0
abc0022966,758,0.0,758,1
abc0022969,758,10.8603,737,1
abc0022988,758,-258.948,698,0
abc0023005,757,0.0,757,1
abc0023013,757,0.0,757,1
abc0023063,754,364.1616,711,1
abc0023066,754,0.0,754,1
abc0023067,754,0.0,754,1
abc0023076,753,0.0,753,0
abc0023095,753,0.0,750,1
abc0023098,752,-16.86,553,0
abc0023101,752,-32.6412,717,0
abc0023108,752,0.0,752,1
abc0023110,752,5.9499,684,1
abc0023112,752,0.0,750,1
abc0023121,751,0.0,751,1
abc0023123,751,0.0,750,1
abc0023130,751,-10285.8505,568,0
abc0023132,750,0.0,750,0
abc0023136,750,0.0,742,0
abc0023153,750,-3111.45,450,1
abc0023158,750,0.0,750,1
abc0023160,749,0.0,749,1
abc0023165,749,0.0,738,1
abc0023166,749,0.0,748,1
abc0023167,749,-2.83,749,1
abc0023187,748,-739.53,686,1
abc0023190,747,0.0,747,1
abc0023211,746,-11045.3049,568,0
abc0023213,746,-43823.0639,568,0
abc0023217,746,-184415.0299,568,0
abc0023237,745,-7.4848,715,1
abc0023238,745,-13.8646,728,1
abc0023240,745,0.0,745,1
abc0023244,745,8.883,744,0
abc0023245,745,0.0,745,0
abc0023255,745,0.0,745,1
abc0023283,744,0.99,728,1
abc0023298,743,-34632.4361,568,0
abc0023300,743,0.0,607,0
abc0023301,743,-214.4319,589,0
abc0023305,743,0.0,743,1
abc0023307,743,0.0,634,1
abc0023319,742,-207692.82,444,0
abc0023440,738,0.0,374,0
abc0023503,736,-4.950000000000001,588,0
abc0023509,736,-28454.74,521,1
abc0023528,736,16.830000000001746,411,0
abc0023529,736,0.0,413,0
abc0023531,736,0.0,446,0
abc0023532,736,0.0,476,0
abc0023533,736,0.0,459,0
abc0023536,736,0.0,708,0
abc0023538,736,882.3600000000151,357,0
abc0023539,736,0.0,415,0
abc0023540,736,0.0,360,0
abc0023543,736,0.0,729,0
abc0023544,736,0.0399999999999636,518,0
abc0023550,736,0.0,518,0
abc0023551,736,1.089999999999975,715,0
abc0023555,736,0.0,473,0
abc0023556,736,0.0,363,0
abc0023559,736,0.0,372,0
abc0023560,736,78.25999999999999,357,0
abc0023564,736,2497.3399999999965,357,0
abc0023566,736,0.0,367,0
abc0023570,736,1.74,715,0
abc0023571,736,0.0,437,0
abc0023572,736,315.96,608,0
abc0023576,736,0.0,499,0
abc0023581,736,3329.96,357,0
abc0023583,736,0.0,367,0
abc0023587,736,0.0,521,0
abc0023598,736,0.18,473,0
abc0023599,736,414.65,374,0
abc0023603,736,5.0,357,0
abc0023607,736,2246.51,356,0
abc0023609,736,0.0,541,0
abc0023616,735,-843.2,723,0
abc0023695,732,-1999.6,696,0
abc0023726,731,-75415.72099999999,620,0
abc0023736,731,0.0,729,0
abc0023737,731,-70829.6312,568,0
abc0023741,731,-6508.826,564,0
abc0023811,729,0.0,729,0
abc0023815,729,-202889.9568,356,0
abc0023853,728,-6.885599999999999,635,0
abc0023855,728,-27.8243,712,0
abc0023856,728,-28.1326,722,0
abc0023859,728,2.1384000000000003,717,0
abc0023948,725,6.547199999999999,548,0
abc0023965,725,-1981.98,696,1
abc0023969,725,0.0,717,0
abc0023971,724,0.0,662,0
abc0024001,723,-16.477400000000003,367,0
abc0024008,723,-11793.1747,367,0
abc0024022,722,0.0,712,1
abc0024023,722,0.0,667,1
abc0024024,722,70.2336,439,1
abc0024025,722,0.0,492,1
abc0024027,722,-64.5579,471,1
abc0024029,722,0.0,710,1
abc0024030,722,0.0,714,1
abc0024032,722,-1292.6654,471,1
abc0024033,722,0.0,714,1
abc0024034,722,-51449.3846,400,0
abc0024035,722,-264.2337,421,1
abc0024039,722,1.98,648,0
abc0024044,722,0.0,722,1
abc0024053,721,0.0,550,0
abc0024127,718,-6182306.85,569,0
abc0024146,717,0.0,666,0
abc0024147,717,-1084.34,368,0
abc0024149,717,-3309796.5525,357,0
abc0024175,717,-3993.512499999999,557,0
abc0024178,716,-6331.779500000001,568,0
abc0024179,716,0.0,580,0
abc0024205,716,-321749.1825,373,0
abc0024207,715,0.0,715,0
abc0024229,714,-3151959.252,359,0
abc0024274,712,2149.8958,381,0
abc0024283,711,-25287.0781,579,0
abc0024286,711,-200.41299999999995,585,0
abc0024298,710,-4545.4308,452,1
abc0024299,710,-16.464299999999998,610,1
abc0024300,710,-13.1091,658,1
abc0024306,710,-1012745.3624,372,0
abc0024336,709,-10149.651,585,0
abc0024348,708,29.8485,647,0
abc0024349,708,0.0,546,0
abc0024356,708,-2534300.8197,356,0
abc0024388,706,0.0,672,0
abc0024419,704,-980.0,385,0
abc0024441,703,0.0,550,0
abc0024444,703,0.0,669,0
abc0024466,702,-50.336000000000006,695,0
abc0024569,697,-29940.51,555,0
abc0024588,696,-12039.6696,414,0
abc0024596,696,0.0,690,1
abc0024609,695,0.0,686,0
abc0024643,693,-4679.1425,567,0
abc0024691,690,-6130676.059300001,356,0
abc0024694,690,0.0,674,0
abc0024761,687,-34104.0,380,0
abc0024762,687,0.0,382,1
abc0024763,687,0.0,382,1
abc0024764,687,-58470.12,464,0
abc0024776,686,44.490100000000005,620,0
abc0024777,686,-190363.2655,371,1
abc0024842,682,0.0,681,1
abc0024882,679,-16824.6485,672,1
abc0024883,679,-30350.0443,659,1
abc0024884,679,-71357.9973,659,1
abc0024885,679,-39928.8037,659,1
abc0024886,679,-46710.3334,659,1
abc0024887,679,-46597.35259999999,659,1
abc0024920,676,-14.85,657,0
abc0024926,676,-3991.0883,359,0
abc0024945,675,0.0,672,0
abc0024950,675,0.0,403,1
abc0024985,673,-1314587.8752,666,1
abc0024986,673,0.0,672,1
abc0025007,672,-978851.6016,367,0
abc0025013,672,-27102.8661,578,0
abc0025050,669,0.0,661,0
abc0025052,669,0.0,401,0
abc0025059,669,163.8111,627,0
abc0025155,665,-13636322.0836,356,0
abc0025254,661,-758587.5,368,0
abc0025301,659,-79.46980000000005,380,1
abc0025307,658,-148071.21000000002,456,0
abc0025308,658,-546744.5,456,0
abc0025310,658,-2158301.6914,357,0
abc0025344,655,-103240.76,367,0
abc0025345,655,-15282.95,375,0
abc0025363,654,0.0,611,0
abc0025375,653,0.0,648,0
abc0025377,653,0.0,648,0
abc0025395,652,-2820.8511000000003,440,0
abc0025439,649,-7.92,400,0
abc0025449,648,0.0,648,0
abc0025450,648,0.0,647,0
abc0025451,648,0.0,648,0
abc0025455,648,0.0,648,0
abc0025465,648,0.0,648,1
abc0025466,648,-1485.0,611,1
abc0025484,647,5.8008,631,0
abc0025508,646,38.37,522,0
abc0025528,646,0.0,496,0
abc0025548,646,0.0,514,0
abc0025566,646,-12.2382,520,0
abc0025605,644,0.0,638,0
abc0025608,644,-449366.1694,375,0
abc0025610,644,1.984,547,0
abc0025611,644,-587.0999999999999,371,0
abc0025651,641,-57481.78,388,0
abc0025655,641,-19752.3358,387,0
abc0025668,640,0.0,450,0
abc0025688,639,-98428.1,505,0
abc0025689,639,-49009.67999999999,505,0
abc0025696,639,2.97,570,0
abc0025697,639,0.0,638,1
abc0025713,638,0.0,626,1
abc0025714,637,0.0,603,1
abc0025720,637,111.2661,518,0
abc0025752,634,-17.0118,627,0
abc0025784,632,0.0,620,1
abc0025799,632,0.0,630,1
abc0025804,631,-43158.39,630,0
abc0025834,630,0.0,364,0
abc0025899,627,0.0,511,0
abc0025907,626,-7190.6369,370,0
abc0025941,624,-155267.73,373,0
abc0025942,624,2.470800000000001,358,0
abc0025987,620,0.0,609,0
abc0026060,616,-171904.7928,361,0
abc0026102,613,7.880400000000001,596,0
abc0026126,612,0.0,611,0
abc0026220,606,-33865.653900000005,357,0
abc0026246,604,0.0,603,1
abc0026270,602,0.0,597,1
abc0026295,599,0.0,528,1
abc0026312,598,0.0,597,0
abc0026348,596,0.0,585,0
abc0026350,596,-33.0235,471,0
abc0026363,595,-294571.72020000004,357,0
abc0026432,590,0.0,584,0
abc0026460,588,0.0,578,0
abc0026475,588,0.0,587,0
abc0026502,585,-551.3162000000001,568,0
abc0026505,585,-112.4166,568,0
abc0026535,583,775.0374,397,0
abc0026546,582,-9900.0,534,0
abc0026635,576,0.0,564,1
abc0026648,576,-11.2359,548,0
abc0026650,576,0.0,571,1
abc0026658,575,0.0,534,0
abc0026667,575,0.0,497,1
abc0026682,574,198.0,561,1
abc0026684,574,4.95,571,1
abc0026714,572,-1069.15,372,0
abc0026719,571,0.0,500,0
abc0026747,570,-557006.1860000001,357,0
abc0026754,570,4.4451,564,0
abc0026768,569,39.3145,409,0
abc0026784,568,5.515499999999999,385,0
abc0026789,567,-160149.891,486,0
abc0026796,567,-10364.2565,356,0
abc0026828,564,-68048.2812,429,0
abc0026833,563,0.0,563,0
abc0026836,563,-2294.0400000000004,562,0
abc0026853,562,-97816.1846,429,0
abc0026890,560,1.0494,506,0
abc0026953,555,-174107.0439,372,0
abc0026994,550,-4800.2859,392,0
abc0027000,549,-24.961200000000005,480,0
abc0027001,549,-3437.9500000000003,367,0
abc0027002,549,-3454.4483,456,0
abc0027007,548,-0.7172999999999999,508,0
abc0027008,548,-5307.1841,452,0
abc0027013,548,-9769.8,379,0
abc0027065,540,0.0,510,0
abc0027072,539,-110776.5915,371,0
abc0027076,539,-2976.0,507,0
abc0027078,539,-108701.7149,381,0
abc0027094,536,0.0,481,0
abc0027103,535,0.0,529,0
abc0027106,535,0.0,459,0
abc0027114,535,-49823.6126,364,0
abc0027132,533,6.0518,412,0
abc0027134,533,0.0,448,0
abc0027140,532,7.2791,493,0
abc0027141,532,-8391.550399999998,477,0
abc0027143,532,0.0,512,1
abc0027145,532,0.0,532,0
abc0027169,529,-124996.9852,356,0
abc0027187,528,-70955.0,357,0
abc0027188,527,-246922.8003,381,0
abc0027295,527,0.0,522,0
abc0027306,525,-34733.466199999995,429,0
abc0027309,525,5.91,518,0
abc0027332,522,0.0,519,0
abc0027335,522,9.9099,360,0
abc0027338,521,-10.2627,454,0
abc0027342,521,-3556.5838000000003,358,0
abc0027343,521,388.2962,362,0
abc0027354,520,-48961.5618,392,0
abc0027358,520,0.0,462,1
abc0027360,520,-30752.0,376,0
abc0027375,519,0.0,421,0
abc0027376,519,226.8486,359,0
abc0027413,515,-24170.9727,385,0
abc0027416,515,0.0,513,0
abc0027417,515,0.0,511,0
abc0027418,514,0.0,369,0
abc0027441,513,0.0,500,0
abc0027458,511,0.0,485,0
abc0027465,510,0.0,506,0
abc0027474,508,7558.7391,401,0
abc0027494,507,0.0,507,0
abc0027508,506,-84.1392,447,0
abc0027514,505,0.0,358,0
abc0027519,505,59.0901,499,0
abc0027538,501,-136929.454,368,0
abc0027541,501,-992730.7341,361,0
abc0027549,501,148.8729,461,0
abc0027551,500,0.0,457,0
abc0027556,500,0.0,483,0
abc0027558,500,-1943.2971,444,0
abc0027560,500,-1615.928,452,0
abc0027563,500,-21.3457,480,0
abc0027564,500,-1799.2198,456,0
abc0027578,499,-343.24999999999994,401,0
abc0027617,494,-7966.058199999999,379,0
abc0027626,493,0.0,489,0
abc0027627,493,-43931.2202,357,0
abc0027633,492,-60727.19589999999,360,0
abc0027634,492,0.0,464,0
abc0027635,492,-1100.87,408,0
abc0027643,491,-13355.86,364,0
abc0027645,491,76.9923,357,0
abc0027650,491,0.0,490,0
abc0027654,490,0.0,478,0
abc0027655,490,-410195.372,472,0
abc0027675,487,-25064.664,356,0
abc0027687,486,0.0,379,0
abc0027688,486,-26691.64,357,0
abc0027691,486,0.0,427,0
abc0027695,485,0.0,477,0
abc0027696,485,-74854.0436,356,0
abc0027713,483,0.0,472,0
abc0027716,483,0.0,480,0
abc0027734,481,-381736.1008,382,0
abc0027738,480,0.0,480,0
abc0027742,480,0.0,479,0
abc0027747,479,0.0,358,0
abc0027755,478,-166788.0531,364,0
abc0027756,478,63624.17999999999,359,0
abc0027762,477,-381740.38,465,0
abc0027775,476,0.0794,435,0
abc0027793,473,-8120.4592,366,0
abc0027826,470,-6624.1756000000005,367,0
abc0027832,469,-37589.08,359,0
abc0027834,469,0.0,372,0
abc0027835,469,-1809.48,367,0
abc0027859,465,-200.0,410,0
abc0027864,464,45.3297,402,0
abc0027866,464,-201.1942,429,1
abc0027870,463,-4195.102,406,0
abc0027917,458,-700.9199999999998,359,0
abc0027931,457,0.0,457,0
abc0027946,455,-11412.5647,368,0
abc0027947,455,-17.138199999999998,365,0
abc0027949,455,0.9702,367,0
abc0027950,455,1.2199999999999998,357,0
abc0027984,451,553.73,366,0
abc0027987,450,-154932.75,357,0
abc0027988,450,-28267.1565,382,0
abc0027990,450,-155988.452,356,0
abc0027993,450,-9857.738,417,0
abc0027996,450,-105964.1991,357,0
abc0028005,449,-112650.13,393,0
abc0028015,448,-101585.4033,356,0
abc0028016,448,-116573.7,357,0
abc0028017,448,-126122.81319999998,356,0
abc0028038,444,0.0,382,0
abc0028040,444,-490.53,417,0
abc0028041,443,122.43,368,0
abc0028044,443,94.8827,403,0
abc0028050,443,0.0,442,0
abc0028063,441,1055.0613999999998,357,0
abc0028065,441,0.0,441,0
abc0028140,431,-5049.0,358,0
abc0028150,430,-449128.0,362,0
abc0028161,429,-398690.49,413,0
abc0028162,429,-36349.8,366,0
abc0028176,427,-20.7058,357,0
abc0028177,427,-32.6,356,0
abc0028238,420,-22868.6981,357,0
abc0028278,415,-37505.8973,373,0
abc0028297,414,-3193.0121,396,0
abc0028305,413,-565.6831,357,0
abc0028329,410,-3035.0044000000007,358,0
abc0028332,410,0.0,409,0
abc0028335,410,-9446.0484,368,0
abc0028342,409,883.1400000000002,361,0
abc0028368,406,-516.3047,361,0
abc0028368,406,4.995,361,0
abc0028371,406,22.36,373,0
abc0028372,406,-105105.0,358,0
abc0028374,406,14.6467,386,0
abc0028396,403,-5246.49,378,0
abc0028407,402,0.0,402,0
abc0028420,400,0.0,393,0
abc0028424,400,-677339.0578999999,372,0
abc0028434,399,-0.0999999999999996,392,0
abc0028460,395,-50020.0,358,0
abc0028461,395,-6558.1900000000005,359,0
abc0028473,394,0.0,359,0
abc0028490,392,-21769.18299999999,356,0
abc0028496,392,6915.45,361,0
abc0028531,388,0.2799999999999998,378,0
abc0028532,388,14.891700000000004,373,0
abc0028534,387,1.839,385,0
abc0028539,387,-0.615,358,0
abc0028547,386,-7.350200000000002,372,0
abc0028567,385,0.0,377,0
abc0028587,382,22.32,382,0
abc0028591,382,-21790.2752,366,0
abc0028595,382,0.0,381,0
abc0028597,381,-2103.3883000000005,357,0
abc0028652,375,0.0,360,0
abc0028672,374,0.0,373,0
abc0028697,371,1153.0784,364,0
abc0028714,368,69.39,358,0
abc0028721,368,0.0,358,0
abc0028744,366,-3941.009000000001,360,0
abc0028750,366,1074.5164,356,0
abc0028781,364,7550.26,357,0
abc0028829,359,8846.615,356,0
